load,speed,vibration,motor_current,motor_temperature,door_cycles,brake_force,operating_hours
549.835121864527,2.51143870855519,9.40541953109111,11.3224166226698,81.6094977760931,84.387695019569,2993.96056685914,4829.99072305186
898.698709005038,1.65000021104409,10,18.6441950015741,93.9764777949022,124.429681447388,2030.37437892752,5707.79225312524
581.333390328167,1.85331252040914,9.82123955318564,10.5104262371975,81.9876418751541,133.726963688858,2382.34686921142,9900.02132522398
341.651291555898,2.49492095528673,8.19735774858534,3.29912173694366,67.2751674241708,62.7847820661697,1810.36021159902,4240.04824665881
714.953082874244,2.22313401678672,9.05357874562196,18.5773911896443,75.8433995764714,149.393732731947,2715.08629179369,10066.1465329339
726.764864410822,2.60785655795234,7.48776718018737,20.8353995078166,75.8426759614017,88.8132783410867,3338.17718592147,1469.47874074361
340.252488775696,2.94181185183429,8.06093079794659,2.21272058335706,64.5963111740536,104.392300277726,2580.44578484117,9044.78280929494
826.161356780202,1.46917256526204,10,15.3461558942845,96.3714126313111,153.848764549463,1915.42296331501,9823.0239636021
551.982889912697,2.56435157459709,8.02200049739173,12.2072943894473,74.1783710284071,53.4792245413201,2127.86525984479,2499.99418121073
401.580019182104,1.84551623344817,8.4272822495287,2.66102468492199,69.2435320356403,84.1787892057392,1712.52465861259,5233.8118560942
273.64419520949,2.12171509111135,6.93495750139889,5.49369974087525,64.684148494889,46.5506596064892,2392.60210125724,2320.49752130021
668.572881789887,1.3890845806251,10,10.0834694930109,91.0693194933508,142.915155171053,1976.80103878159,8272.6454189364
792.190656309302,1.61314714854739,9.15820790944876,16.5197727243509,87.4672015388015,106.15811021237,2734.69933666356,6388.82544867822
813.991432427015,1.97966593357335,8.31879529578728,19.3615762544775,85.0432238383674,132.12753861385,3365.2302360545,7488.55681379153
953.570926645739,2.01297870793198,7.97740112886552,25.0512045021409,82.6345819961237,98.5189193674809,3039.13013030359,2661.35663651832
947.063363334095,2.84937782469314,7.98310427663239,37.891113210324,88.0397886423043,95.9146624599658,3869.47380175912,2829.20448257661
555.759778731437,2.59605943585339,8.50572494441235,13.8638330624481,79.1263816653716,50.421971438502,2584.31985789487,956.47058060897
653.343854230272,2.90844302311305,10,20.2092907764267,78.4192036445741,79.5134501728494,2498.16675157807,4042.74288715303
396.376005206356,2.33207398483925,10,4.85416305701434,69.7211393063741,93.2528230323106,2215.1231270901,6657.19127467042
644.198352463454,1.7391779774419,10,12.538554563315,89.498059843876,125.49467529222,3228.79716425842,9937.28405397062
436.192289631645,1.99148254488246,8.82982142564435,4.33966499161722,69.4569837323467,105.932676766966,1719.64007462036,7836.20192204549
541.221733863953,1.97975388493795,7.28372917247487,8.8101452366292,71.49391324539,90.7212561090216,2979.85570305114,5289.35955739727
341.862066554455,1.84403509307075,9.82068103255665,2,79.7217882111869,117.056661541387,2040.45301103274,10984.3212583355
686.569336442639,2.36872157905511,9.87779317539929,18.0780097538055,89.096982532854,113.57147122191,2968.43882175689,8411.69720633415
349.96845328431,2.19353469900575,10,2,69.0381363101084,116.906319757242,2608.78512139405,10731.8172314881
740.594618447155,1.96897406005906,9.38589135859443,17.4913044377152,83.3475490223289,103.255153086916,2598.38247053085,6303.46770599382
756.471581347251,1.72363465309307,7.46497082866242,15.3580372183792,78.1165060517519,100.623665039271,2866.17792152276,3347.94702272454
627.196682415287,1.52630231906152,9.71440537158289,10.4643739404387,74.8571424724185,54.2293399510102,3160.11503322165,1081.09355001194
543.75113931014,1.82825201638154,9.00367436476579,8.14274954953076,74.370318320776,112.377147188297,2043.80991990901,8486.93336632236
378.206100841819,1.66120710595302,7.18024332621374,2,68.6973640418014,57.1118120136398,2488.93683225467,1834.33297806088
622.720916591748,2.67816754627836,8.18831392746936,17.4419514060914,75.4396988171072,71.2007314479281,2279.09509294727,3830.52641099164
981.633043192933,1.66874693672083,8.30114114263656,22.9939412176905,85.1997829240812,129.141158255946,3560.44472380203,6357.17998672287
264.444411581118,2.58634235596025,7.78127880738343,6.5786586366569,64.1743129972537,87.2272261911886,2401.84128833989,6708.58246557722
967.541142353242,1.89385554849324,10,26.4819887001538,99.985503196682,135.417306862831,2384.16731449568,7106.4151668585
843.632662008405,1.56319834346404,10,17.8503212684693,92.0200284153137,99.7093584206537,2241.57797263857,2328.80863384671
703.657150384526,2.61311581820409,9.38579935658167,20.8269639985403,87.1140025996725,93.8706889835181,2665.38468595636,4677.11145303814
491.937476717139,2.25430442692171,9.41732769447919,7.64529493891755,81.8294840267945,101.558365867323,2937.34839381217,7289.13649828663
415.145041193165,1.85364226929536,8.43504384785288,3.86069361782291,67.8292349740415,130.961472036877,2627.35552172918,11168.0075109716
734.425375900582,2.842021761499,9.69634543472485,24.9496873480458,82.4051906290189,117.073250479239,2094.7187325456,8503.94251469658
507.423984904912,1.49832134030862,10,6.56458794100346,76.249157570539,122.216588679955,2703.22550722922,10648.6413280335
437.13084836218,1.80272941229664,8.08769330184081,5.47530417422373,69.1871280321789,106.90211717288,2377.42567600162,8884.33264145595
310.097461542166,2.55132102710775,10,4.2277321644254,67.6087396645699,81.2404129870019,2360.88117344172,7008.88665781641
305.509302043315,2.56406689546483,7.00419663328961,4.26436229310099,62.4520577340807,57.8429339443198,2537.91441071135,2612.25706049979
856.67460318992,1.74454071216611,10,18.7896121075699,98.6126517818088,137.526139820026,1947.53200911357,7833.54217081764
900.941915372357,1.59303731302917,8.45563011954044,18.1663326110738,81.8280424745733,130.331533269612,3930.92400821427,7357.17522555898
591.30046839225,2.78711710833742,8.88073415528858,14.8875237284055,77.9772804029939,102.535451415434,1743.1207702613,7127.16087502993
371.655018137805,1.89320060974153,8.83250371607166,2,76.9639045506104,78.5037536224635,2329.36518702459,5887.64454787065
522.702714288917,1.74637514468272,10,7.27420056817042,74.5983136629087,93.9006305107599,2639.59331589521,6315.22264388203
477.547383181595,2.23449634648087,9.64302387272558,7.156712324521,71.2959607402115,71.8636911099406,2370.62348098574,4178.86779829914
823.481470412281,2.86534079892367,8.21738115853294,30.4621626170168,85.9596117676316,121.043218702857,3272.2724419825,6212.43961906534
948.131613821638,1.51301636730393,10,20.1985480817999,92.4377493885005,104.178499451386,2589.67814977263,2673.11496246326
687.930719329326,2.44217507316108,9.90309318545551,19.4432242660634,86.349510986185,128.993475703873,2728.55352353218,9356.91837096414
633.595800555664,2.2837162398221,10,15.0147850661127,85.6882066294494,96.5586236274927,1645.85226397428,2543.54650168579
956.123679109826,2.09983009527025,10,26.8055066598182,96.4982161195547,86.4171169139723,2428.15494176103,1434.62918878413
535.883575574912,2.61612066615759,8.81040763828066,13.0460379059723,72.9242225227869,81.4314863031284,2055.25865552636,5298.70628992873
897.544857954399,2.6633954337377,10,30.5328015583873,99.9292752774572,140.783883304725,2653.32158773938,7741.38183456668
299.013730942523,1.84380931674404,7.27996186067466,3.87712463507326,63.0390900788966,63.6172377797592,1952.79479088363,5314.88507426895
884.751833997467,1.71547104760818,8.04592616956304,19.4628053371231,80.4534225116666,105.127190412113,3771.06851633467,3544.29545146439
332.71410616331,2.86932261783405,7.57453419296957,3.27325250903253,67.1502966439277,84.1872664814847,2224.79079995442,6639.88302279485
519.190448570466,2.43138048308585,9.30195211953967,9.4750365150852,77.9520951302142,70.5153037162651,2398.26471731269,4317.0256895342
308.431435041052,2.00222952541456,9.7659465807263,2.45499603939518,80.6413508583764,116.327601116807,2584.23646470171,10761.544591393
703.063723275667,2.35988935539642,9.27940751499618,18.9989589276087,78.3486848260559,148.539123208729,2719.6070869169,10649.0965356393
346.04024656181,2.48693052611162,8.56403844090992,2.69337210595629,75.7553064442853,86.8194355242711,2474.81140387463,6026.09001969305
419.872086469129,2.58673432271341,9.03500683933467,5.21587164334634,78.1239302773916,70.7437218565533,2683.83628968304,4106.72393420084
685.006331508513,2.87984127122845,8.63222102750994,21.9206752882134,76.7708943561475,140.175991938898,2865.46884104278,8608.45655352303
645.955013309781,2.13220392721971,9.64925166034167,14.3777564718381,76.3344255195822,50.476976573935,3029.73461896338,903.842378313733
260.163965773227,1.94011636502909,7.30082744029784,4.74379698031381,66.4962888664818,73.8058846734029,2144.012379082,5722.45906648016
608.870250312499,2.37342309891263,9.07297552875623,15.3320511829568,83.0095556006079,91.224948134617,2526.32652242635,4199.55733697367
299.247740788951,2.1235918489193,8.18752364933308,4.38400587571115,65.0415095383556,111.742351510935,2411.30170461836,10625.8947361281
978.064582871159,2.37300069361678,10,32.4028065700116,98.246665459003,87.7920740785835,2713.64806919457,632.033299999508
766.547036554927,2.01316776144798,9.58872747564789,18.3032928142369,88.2421768427045,112.027522267424,3063.11093288113,6580.96363290184
728.926085882337,1.72949368001726,8.37799314249798,14.213769351214,80.6629408347865,139.999048046635,3483.53513611092,8647.29939173289
465.04745437806,2.20414012748844,7.58219212736438,7.87697456887267,70.1134706681426,75.4566818174273,2430.15590645529,5835.19786276445
314.002659736229,2.5059521894838,7.58576282567254,3.12777823838671,71.1857434442824,52.4963304988844,2178.1992528079,1439.43333178994
765.894271525587,2.69892571150147,9.78057055979853,26.2518292820527,85.6976847641587,140.535550823503,2362.91931720752,11197.0752903069
561.493654095855,2.1242918200009,9.17138138243219,10.4462321694729,76.8145506273445,102.157020065678,2397.73466793583,6198.11474513708
321.61157570889,1.64216904951689,8.89484407505384,2.80624228269497,76.6065517948859,101.820973665434,2561.46548566981,7256.04868750912
369.874997552848,2.12203156447415,7.09874060779807,2.28268486616555,65.6568592338245,62.0880425609465,2617.49380810447,3102.70760978258
338.424730930617,2.57550575727472,8.87181134707569,2.27918255810185,76.3751049302275,77.7280404519695,2512.99386303194,5818.47893617484
387.530553780676,2.11928890592561,7.51763373513973,3.53123215979261,67.9244104695952,69.0706690458397,2497.5913796383,5220.64441154154
867.970536864529,2.50268444937325,10,30.1833260800076,94.8382185570864,75.5530364263163,2532.11924432797,1323.85426202182
534.94495402072,2.26082052251713,7.90069983615829,11.289569326063,75.0344703325449,64.1852833851696,2089.94918027741,1667.76388902214
491.861087359727,1.74128464365916,9.77254819150447,6.84661531620067,83.0364442126808,119.093785292994,2548.3919683202,9712.19771580652
291.704965939163,2.69422576203461,6.90573430498799,5.76445134319555,63.9004972791861,62.9858914391482,2539.09540224768,3138.01947427249
422.469522846828,1.59764771193215,8.60294345213767,3.67496881678398,74.6677543117863,67.8524400942252,2437.12515075916,2644.54098648494
350.071643869176,2.19501817049601,9.10251437572641,2.22865904921909,76.9667759254044,86.6290448214002,2340.22754432101,6054.02596375153
703.74936582833,1.67799789912922,9.6120041815474,14.4407761594447,87.0822183807162,132.221789169134,2690.3410244466,8956.21844498764
367.619913992361,1.60059844281206,7.03171513673223,2,67.8552687052022,45.7436851521777,1885.76028862779,1181.41170436887
838.149346619557,2.06151190920916,10,22.9571889092945,95.7815969982028,130.805180130313,1946.35549752549,6844.88711602081
471.370206794423,2.23236711369362,9.01507464877462,7.43653175148248,71.3248469448136,59.1050232740172,2326.27893366253,1811.31487124631
329.092434629314,2.56035135251358,4.74520058426223,3.19693601777998,66.1760109516877,41.0235046923167,1946.89422879066,901.071559081803
619.734219746052,2.61712603957786,8.2605735122267,17.3104986959895,74.7692983054291,48.7387679197342,1992.06663447268,1080.18347378439
528.50115468847,2.38271505986386,9.88630940824326,10.3814369601488,81.5568525343748,124.951530779323,2405.56285215551,9675.80519029285
500.07273364228,2.09850084964752,9.45774484251529,7.53165079166713,71.8501321478983,58.462725830703,2807.59646218012,1797.69731990868
596.426002446111,2.42720657939343,8.25851208720977,14.2148621193392,74.4414409864832,60.8933393453363,2607.55044086718,996.665008535211
545.633814245,2.3130150001975,10,10.5798154694454,77.6822014945323,85.5509919187408,2923.108141348,5316.89875857204
451.74210427578,2.04541477079141,10,5.8916893701434,73.4846235206743,115.905245286017,2285.34104577942,9783.92819136227
579.530643882626,2.34172955890922,8.98773429474185,13.7135520579924,82.3763149397792,73.3429165562596,2501.88542265595,3386.49214138232
484.324501792743,2.92087181505939,7.67699368341364,10.5350891519608,70.4838834856557,87.0816828510825,2827.54877328648,5138.83879278508
259.342605505399,1.78934061552207,4.02528827793311,4.96290511207228,63.5181328519885,44.5762718072808,2031.8185914443,939.147858201263
413.055105117686,2.85865814367829,7.56075697115966,5.18008789107744,68.8517506391576,81.6475110196102,2085.58295225198,5439.86365548363
328.841642291772,1.5801832709748,8.51432671507799,2.38405138642985,70.3750383569757,91.322644438701,1933.97168661867,6853.74388700847
393.202707034056,1.87387532391112,9.04396098785812,3.29571742104108,79.4798498220764,87.5787641294521,2138.64699385683,6779.97759127359
580.254367038987,1.8987527158629,10,9.51199210565655,74.1896100468486,71.0158154106663,2423.99544738153,4156.69361391802
946.475566106232,2.31845873188183,10,31.067615933637,96.5427675029028,115.118162947005,2148.14869970835,3970.86498729449
958.98198771597,1.69683742766594,7.50852636953859,23.5197032945341,84.2467142444162,83.4795899725862,3033.28424924794,1672.85980830258
334.972005069316,2.73816106598195,8.70691368535837,2.02540990880201,80.1402628015314,69.3361702637851,2010.21537996456,4534.78152710895
509.552543143353,2.70638313782057,8.34669286547834,11.3261866654132,75.3391470056812,55.2584539925711,2874.0848663592,1594.44135760261
854.052269051593,2.47809872952792,8.86670236482874,29.2544600299913,80.9920837444699,140.879901785696,2963.36361130854,8932.55539183257
301.47446659262,2.1876207476883,8.50347226246149,2.84616145960708,64.0445909687173,127.906674412485,1905.04192772666,11129.01727523
682.716108372386,2.68350704194483,10,20.6290279608044,92.1682501098744,138.870871175354,3306.48057636081,11170.8190233338
910.482340453034,2.74611983208083,9.19171788701548,33.1957124428485,86.3871953692625,159.018377588727,3354.86945949667,10015.7820931293
961.336405482718,2.04913143372326,10,26.8988719968645,100.761120461295,138.997565421246,2137.55491458308,7108.71364273581
304.243006041722,2.37816543312745,9.23314540478119,4.25514002673847,76.6849952372377,106.595722698052,2302.20156011586,8209.52266968268
408.342121994501,2.35039492826953,7.94408879048544,3.68520060678101,73.838656135793,60.7441384858175,1529.54111790627,3637.26382948455
930.874685698129,2.16044083180817,10,27.7483913079926,98.4664539206368,140.761553784148,2192.00161595614,7438.47462189883
635.290025413468,1.90475743984849,9.12121961902521,11.7221654299872,82.5782896814331,101.377666683171,2985.04887980436,5512.14504383865
963.036448794472,2.19312690693735,8.35437786209056,28.483651403083,86.5425347329043,120.673619705857,3918.09594342271,5802.19073754626
622.871861812107,1.43857363318853,10,9.19508398003892,88.5968653018814,136.024588854083,1766.98395914514,8835.54216412674
598.481982858221,2.00547334394551,9.84314636334866,11.3556543032749,75.4635569178175,72.6921742926479,2968.63455592595,3601.10191156977
584.523287446837,2.45898450647485,8.95487023667972,13.3985261815567,80.00412335589,82.3847156040997,2465.99787170767,3998.43572863972
614.269766544213,2.53901995438593,10,16.6830821665384,93.6813310865581,164.455503926053,1844.72945266878,10671.059702415
556.761038456242,2.92263994007711,8.60049784026821,16.0789486230952,77.4611807530884,59.2974920925925,2437.30018016548,1118.46724336069
463.332108958473,2.33358430368734,7.56159979139495,8.01362828021903,66.2825434877411,83.1809775502265,2479.97471133476,5841.97728254674
716.952610970738,2.40993337771437,9.09480077445143,19.9438648468507,78.1677911440852,152.440005630648,2884.86875528759,10540.8088044865
436.664791562331,1.69304393391018,9.36883313962026,5.00342689817098,85.8014023873217,99.7636137799312,2867.30076116389,7213.99308599973
620.173673148869,2.40499633927038,9.15294848738283,16.4394422473563,81.5170912879146,114.736255146013,3146.10138812679,6510.47781633345
787.320379039983,1.54080141003921,10,14.938088266441,90.85213442931,100.154906783147,2192.30499445622,3247.18597152291
550.304780148914,1.92702852869917,7.72161341778276,9.08007695202132,72.0280706917921,72.2661215118732,2429.77250870663,4276.03037970893
471.190883004594,2.39960144910882,10,6.85093901305939,78.1112232335836,112.638946037378,2592.16837141138,9872.53257385162
433.329829194101,1.87831123643962,9.21404221079735,4.72856159001782,80.509580687833,92.2848419820011,2731.56468651559,6651.39944945304
994.703079120695,1.57477031117168,8.39049381287868,23.2581818797634,84.4268023610712,127.308501568962,2978.20671339646,6162.16413132458
568.897519545529,2.74780561402645,7.0193096757235,14.7429216227406,74.3889625804748,56.3901820630221,2618.60068819227,1595.37684894032
314.49637249949,1.95663312148633,5.0693824303888,3.20434525197614,71.6657394053991,44.2969511158231,1918.02610678477,676.309721006354
908.291446122626,1.37338835671747,10,15.951617669143,101.1741781166,173.967308164084,2137.76623687664,11100.5370755575
355.167386912602,1.56223847614585,8.94585116729925,2,77.0675294893065,70.4918434579519,2005.01676347668,4646.84784015526
313.742597414685,1.82181489044753,10,2.70451190830268,72.8895679623305,83.3767684559436,2600.56589104358,7135.34368309455
436.847757983174,1.76702392083229,7.89764165748616,5.23469058239207,74.6962951130417,50.6389471911293,1592.15158729608,1376.86580506013
434.672939530552,2.5192532027436,9.41153483178283,5.93362540817326,78.8628753316899,100.65418361152,2157.37315477514,8014.25714295351
927.727504938786,1.71592008290972,10,22.7388613660432,100.634105361043,175.334416776295,2651.12805539871,10758.2337957656
884.266898377134,2.47585139434134,10,27.40891877489,98.1456178361694,127.282831332449,2210.03619677611,6832.31778297162
993.563299566205,1.76076899673473,7.7657804434005,25.2991833030527,87.2185862048194,98.973189025467,3829.84413736866,1887.26854612952
655.756450155909,2.17494827485983,10,15.3295791038694,80.3693809751792,101.332333646954,2687.84502625013,6898.93680220824
509.127776628024,2.38131703384121,9.6197364640041,10.5520977657149,87.250039478207,109.670432609146,2602.25353305649,8929.81934415118
894.624681330826,2.47798628079878,8.05661109026254,28.0076805423914,84.7223925421118,116.062085673226,2852.36975324029,4970.5819023142
599.810673515241,2.4016941148954,8.64826620442504,13.2915284886274,72.1113344601812,130.602423317358,2657.36982459448,10178.2152273561
655.070941281264,2.88723240289675,9.04568196742554,19.8137993243346,77.8982880895252,106.222173734481,2090.47037982579,7635.51248693101
680.840677990159,1.76299702414959,10,14.3704809965948,79.7299851382642,122.160606394551,3009.19047324776,10391.7381011812
578.427755316591,2.24057880669316,8.0176328506083,11.4199949349037,73.1380712439132,103.254670585219,2664.43483492256,7358.55842372071
689.777941459089,2.82598882510861,7.69715414901195,20.3428514573824,77.7449741467155,90.4282213044827,3242.22688888301,1944.16769205307
881.913717379091,1.53788609912982,10,18.2472103919657,93.0924474473022,108.607578935037,2301.34745277248,3906.60882215708
947.782085288607,1.58383240237961,8.07737945881961,21.0286766211388,84.9296437344648,85.5284440880616,3605.49579518551,2719.74443077703
984.032510077313,1.84995343133744,9.37824433667611,26.6007448660618,85.973025867247,153.625728146728,3121.94764785773,10497.0914748855
405.48464485585,2.35905836363719,10,5.52493456653571,70.9682215046256,103.984328584395,2683.95867099547,8864.40074016231
801.571603089698,1.70224583502881,10,17.017905992623,94.7017980306998,143.356577843856,2081.78863106237,7940.38205801007
888.194196675569,1.7853598257132,8.14782631148353,22.397960557337,81.7651831379147,106.465798198474,3364.67435188332,3810.62951594784
423.733864750669,2.18820347303744,7.9451712544528,5.54159025726283,71.5158934809625,55.5954507921592,1659.96867921568,2524.49249255235
600.236431625137,2.24247851320341,9.70776077103727,12.7597237177016,82.7102436029028,129.741599867258,3107.63025730888,8820.96196787803
740.1525738743,1.87283656052511,7.87531824107585,17.3957293393293,76.4364504591773,116.569308608797,3425.19840412602,5715.73740466988
466.728510265824,1.9025261190948,8.50341374234932,6.37817125002422,76.8314316172692,76.073681028648,2308.09044904197,2983.68507365692
520.759348255433,2.30282598634703,9.77679243516445,9.82873705065591,80.9955580658754,98.845533647014,2821.09132255479,7282.84175981803
564.595049373283,2.91860763298418,7.93747332002277,15.8459131311626,74.1716334502111,44.3781111488194,1759.47612407224,943.672373522972
524.682935812575,2.51211259115713,8.17593261235672,10.9067461944076,71.164663479745,75.3398841646831,1672.58476639012,4087.87279541079
546.597759893965,2.61135142568575,10,11.6102174034685,74.5847174756265,80.5380234568589,2994.47033541244,5654.12694050248
354.506064700902,2.0502151421332,6.92868884670129,2.20397950709737,66.8385259929251,60.9427076016461,2071.43812631896,2127.54167520346
379.482547011315,1.72817944348522,9.73963987943146,2.94104374335266,76.6908958508435,138.276788785121,2075.72282585564,11331.1992534992
323.67498866342,2.14068108531167,8.4849821361502,3.14783231107844,74.0708835449247,58.6980253836409,2359.25535079551,2800.07101048576
718.592552872084,2.71069924306751,7.3627422826512,21.7914451475087,77.7935902126149,85.2628109473196,3343.59197335752,1933.88443047592
453.680274527024,2.18444946268583,7.42087159396281,7.33366450687022,71.2818942043022,51.157276879139,2226.90172280781,2738.88361275586
693.057723901566,2.77008811318479,9.66826933880723,20.5986636213571,78.2507885643357,118.798753638018,1853.00161570949,8959.67246475697
384.623798721447,2.98315797104269,8.28126657072963,3.96263088109946,69.4282413887662,80.5530661539204,1479.6297614174,5180.56225199027
287.994375220427,1.6080399985955,7.62990347787483,2.84216644621436,63.4075936077098,82.627434373438,1866.8175611725,6719.57533727792
674.645180274625,1.5633383583445,9.52192572385499,10.7768599873524,74.8509793342032,58.0296211356536,2597.68272907283,731.100726849968
756.805415688051,1.72438455437004,7.19369445074723,15.4727840068989,75.8878051292271,83.4696032388279,3546.12952541766,878.74439430646
775.749719613676,2.07655451360152,8.91281954200785,19.9130602561145,81.9465206475772,92.0228371340789,1993.13214158406,5404.08104809718
900.011289713631,1.69656331371815,9.0660804017791,21.382502057701,80.532772287909,147.436212275821,3431.38049953889,9483.20767521786
463.378023621515,2.80599671642813,9.23309381049521,10.1837093247142,72.9700049841088,127.758959961202,2111.85804994142,10237.6276657832
444.771373896852,1.51984516033222,8.10083223794642,4.61340156465806,75.2198690477055,46.8179516716878,2598.3202647349,1453.77224355204
809.479354508524,1.81525132903734,10,18.3020333014626,97.5060227002892,129.962085302429,1784.49063509489,6421.99412311125
277.700633897373,1.77704194424131,8.28734557238434,4.25177943701122,65.168298618856,127.866928719346,2271.63010201476,10545.526549072
358.838256322649,2.80521898882911,8.98900751617296,3.57053675785805,78.2398441374116,79.5080179253951,2625.03125230677,4767.70029837675
311.550258460667,2.50422150733504,8.11179780163937,3.71507865077574,64.0908445769038,106.419861178421,2124.34785160734,9625.22414571205
909.889437321824,2.79739638539697,10,35.1689456538084,99.4083170002466,100.47585994223,2144.72360779461,1970.6521983938
805.542943707649,2.55949074352236,10,26.2111785373841,98.8104461013245,159.253135999546,2031.63443559842,10789.3393863458
653.698492971055,2.24564736551605,8.85029055935321,15.6541636575744,74.2416550862232,135.485662020872,2848.58751288421,8765.65649284433
636.758263736054,1.85147866207204,9.49622455354213,12.4532993725917,79.219172759978,135.514801276505,1897.4265593923,10854.6783206559
511.845089330249,1.67207397240351,9.26187166790367,7.05986066531557,80.3599104298513,110.693112244836,2749.935320186,7942.78956907757
555.426182481899,1.80000324138986,10,9.53589184763906,76.261013617297,69.9319849007514,2789.37840029959,4497.4432519937
407.058121706468,2.44734641484769,10,4.45384414170572,75.5689359914636,123.126788958963,2313.2668685038,10819.9928977719
843.123779937936,1.5606685921845,7.64847064117973,17.3554267221696,76.5257707209814,100.144035808447,3479.9494553398,3531.23453940096
592.703633913021,1.57704160954907,7.44993679760332,9.82397480948629,71.5110736717296,72.0936484398277,2436.60594111272,4153.89774267906
629.377876402305,2.16469430051937,10,15.066098962515,90.0405861653909,138.884543715408,2066.39295825164,8208.89259801914
713.566959865772,2.1884984826557,10,17.2044383046259,90.8215577881576,147.91935724397,2102.16580898985,8918.47929477925
421.498796430415,2.49789438648369,9.28937736541488,4.87589228580754,73.5997586942529,119.565815809016,1897.40366184999,10723.4383223407
424.27465537559,2.02005526680947,8.55224955185435,4.94769996254628,76.8035649126897,68.4754825821395,2119.51271507548,2752.8264996183
489.353178782689,2.54136215660777,9.81718321486331,8.94952299738009,85.1803769501757,109.798346239704,2620.42918834987,9277.97838741146
709.054892372084,2.13511202475115,9.52017699283334,16.381294542554,86.3208629632022,132.555544201227,2946.68475799841,8624.0065873666
965.143475985755,1.63328940006053,10,21.6834455883658,94.3494691946813,86.4541855403299,2259.72796892738,1201.74011878958
680.886034983589,2.53527622660522,10,20.1413171404953,87.0136343072322,107.174305806168,1807.81217947296,4759.45455331228
571.474968974056,2.84145924126906,8.85866885426649,16.109423727741,78.7908380032164,81.7164868241309,2274.89447618945,3610.42002766108
618.44948608274,1.59005446950354,8.43307802502697,10.1380399466746,78.4363394029989,77.3322117561469,2022.29581567789,3849.39466789433
432.639616027346,2.08702700805087,8.6351468688313,5.22326974589445,72.5477232029641,129.776280131967,2356.96258076069,11312.4156751017
801.926737968922,2.23127406725212,8.64995011026303,22.4310040228923,80.1327090588924,129.930329175452,3076.21020789981,7570.55154827921
676.790202343695,1.5392565636554,10,11.1158064299821,92.7376179989388,134.968249521085,2033.20128930169,8394.4377357285
544.109679599619,2.80156342167432,9.69387784176705,13.2248022929848,76.5820788686593,132.891013219252,1823.97361065749,11242.7940104651
390.425189698965,1.92622446733507,7.36978351860654,2.25756499556992,69.4987115242717,79.0343371697291,2235.5586794129,4649.21960703403
528.447176875794,2.67451280990724,8.32323283362112,11.9219430158912,69.933392056207,116.693032555229,2693.71923431932,9320.24185298087
681.802179581498,2.50649172304247,8.55799547686975,18.6004498364282,79.1827481922679,81.961479053445,2210.51392983886,5279.84059634945
296.899538421985,2.39706873370053,8.14185577568033,4.72914053776153,64.3065784776523,112.545466411733,2249.04465979916,10064.8703899648
680.981668397074,1.78821427304483,7.49724459977611,13.7930683480447,75.1334369801907,89.7587730493222,3326.39220587192,2487.23295442433
754.076971613752,1.74770756745015,10,15.4114622209261,81.9626471246466,134.020623036184,3369.74925035777,10924.5479477071
567.754194482249,1.57102260711985,7.88043711953306,7.59876383736554,74.0977771982754,66.6760888437108,1687.07142449503,2906.48879251968
728.900468641295,1.8610686446734,8.67006872817815,15.1757694056943,79.4362688979386,81.4264803116575,2278.15579037197,4088.42557679025
670.35289219824,2.01816541419077,8.4605573347681,14.9711243586574,74.1281527596763,135.245933060116,2837.71128042462,8818.11457517459
563.257808260815,2.74971795579364,8.70033460714603,12.9184390473883,75.795255835665,82.2938086281325,1940.99434333015,4831.30655721947
838.799280101683,2.04958900007221,8.39293655433762,21.647574269837,82.6735576955971,132.855095026086,3656.10214320005,7190.32514443091
730.351016271075,2.53735314684274,9.61042268229255,22.1648916119558,91.4692000081361,100.501388324517,2982.44011941625,5390.30851176371
348.804999114854,2.0032345897613,9.22511307146963,2.06446097336299,75.1534077814342,112.194543834999,2454.16907407006,8666.0693079876
420.222781837955,2.67730246799083,8.09381632958919,5.60522392029797,67.167178247174,61.4210151839656,2073.55698215969,3011.64377605472
503.269156943507,2.93617048490352,8.25657236065629,11.5940386573044,75.3642433931395,53.5662184152434,2272.60791768275,1143.03785960565
732.920737709971,1.85976233708637,8.79269462505216,17.2546057401595,78.1397973723644,80.2371041421831,1873.69020086538,3799.22337220373
769.441657535283,2.72696402291784,10,27.0206837604706,84.3915858494083,92.8362782704664,2941.36044227815,5717.39531355273
597.45361685777,2.43273612945866,7.0973451381181,14.0627645098405,71.7335987383438,57.1651440736706,2374.5785883699,2348.22057411946
779.596743229261,2.64593010243787,9.41475266376835,26.6908987440077,89.4450468078113,78.2656090441306,2740.995124429,4402.77018622028
652.079614545524,2.47737885340171,7.87307129179476,17.5020801668909,73.0410656101433,110.12852631964,3334.65807540684,4899.81320122925
666.697919508855,2.13592426091123,7.18201679979482,16.5900185733066,76.9659243267713,77.1477527674809,3379.73411099216,1131.31028057101
659.042727663036,1.68285304757315,10,12.1735517913239,89.6178328651363,129.800808456157,2098.49026217047,6916.37973002625
474.431048385137,1.49561201375596,9.89768648592733,5.42848333263155,82.5803399804692,120.16703217172,2791.55911139663,10227.7777076842
931.967212394783,2.24082498093655,10,29.4487281795803,98.5375805552268,99.360232013334,2072.52206082223,2169.17204248358
746.32809766774,2.9854891417903,9.20056461908531,26.9201985214597,86.2505376222166,100.794868896343,2232.46808306236,7075.88814741665
393.417203147292,2.43734007369951,8.91951888091764,4.7454371612922,79.1612656237821,111.894407700606,2127.0498281302,7812.13125401931
609.832075809854,1.94860396851607,10,11.2974747621448,76.723400843164,78.6729777606337,2640.72525998546,5112.68148461217
758.680992532638,2.7408072001301,9.41173177273702,23.8103449448845,81.1089660313017,114.692398184734,2108.2968466395,8212.07346100697
531.86586796566,2.59799572015883,10,11.5905290418212,71.3464258454599,74.1320631860834,2739.84825356485,5018.04697840113
686.240250183474,1.92245369003019,8.1380354282161,15.4175924219994,78.4397332655327,119.271107159823,2579.82809075155,6051.01016775178
528.906825042312,1.51409630375754,6.06614027041647,6.74246718852323,77.2359585497566,58.4303030354828,2274.23673111274,580.883490098697
781.52821580082,1.67724395780092,8.49454602243952,16.6172294525791,78.3946716863695,139.153964676043,3260.80055435528,8108.92125548158
452.180298623102,2.81595928546809,8.00236272203431,8.34224440154702,68.2229468003523,96.4334066218651,2576.91132248413,7774.76946839197
519.329342203552,2.75484455295731,7.99667462355416,10.5843109302953,73.1065777178289,50.5176960163059,1861.12795873518,922.40965058979
656.071074398801,1.94281350131754,8.03162041374836,13.6987783667935,77.1621365570129,103.484047539425,2560.01606398352,4550.75118134646
997.599093365468,1.65623093823593,10,23.8922188195522,104.937917505767,167.253201008166,2735.09325946188,11269.3502487083
817.416095092228,2.5169100769611,10,27.1926033963589,95.7507876475235,115.14189076955,1864.83457625068,5128.10218825478
789.452302193844,2.68783324206867,10,25.649767697576,93.6173712625879,119.326730448509,2240.34918220474,6021.39945645026
777.308685752027,2.48173222791119,10,23.6273216750919,93.417915559453,138.840729506679,2800.1190605166,10509.2317397569
304.551128655477,2.40836801554614,7.70053028653615,3.18661074811654,65.8074567829461,93.4422588121802,2325.91341280154,8389.88063452332
675.695041018099,1.70317184469801,10,12.2001910750735,90.4411835029428,119.661236171046,2082.68409262138,6902.77144236646
704.007374531392,2.14709576044714,10,16.7775147819838,89.0062026051362,115.545918218772,3280.5941027151,9275.8514947518
704.332432010003,1.61879861849829,10,13.3051316260538,92.4290218035411,153.014976679512,2000.26504129178,10008.0289310157
919.690842516611,2.52469238497907,10,30.6845839742239,99.9311443448276,117.627408440002,1871.52306104233,5525.76878910994
435.766741454251,1.98116655105648,8.94583458415255,4.57257777737742,74.8658280384872,99.3534984786894,2704.64867189407,5726.19201425019
316.593815112501,2.66350828151057,8.72169216146705,4.4943115678253,75.9157575670817,54.9104281305558,2227.35576871055,4746.56029217019
558.507361943358,1.91858866832987,10,10.4107771794854,86.8957360098637,122.921449648185,2952.12855826955,11133.7675402031
398.343217063431,2.54995955540508,9.22380839330268,4.07593357535971,78.5445276206513,112.975089215267,2624.80596868915,8168.82879719385
678.923146466235,1.98110422602317,8.70013423107114,15.1411538445213,84.6796786609761,62.5613140220933,2920.27738341559,1415.4537282888
874.419871631252,2.1601990569265,8.75600789783952,23.8711718718256,81.8048965577193,163.287017027985,3801.08025682377,9992.5558564432
761.801333988959,2.3648109201321,10,23.1663334116325,82.7753913577446,92.7555866016588,3067.64558830277,5786.15934919895
913.195342906294,1.58022026843094,10,19.9702345944527,90.9334537499014,87.8359229365541,2489.06386821994,1256.29297064736
390.387977420363,2.9223105927232,8.33115338461183,5.44659974653997,72.7857257097805,88.1682822330369,1816.60846867382,6546.88980679642
700.079118332398,2.31036007763679,10,17.0458224942282,81.0766128175508,79.4649391627095,2949.06081294885,5088.80706873272
474.607965684908,2.2617300220362,8.18499414163488,7.67275609857649,69.2301400022733,120.831681551174,2591.66747598284,10155.2434534889
634.475820880313,2.75909095667987,8.34482896174521,18.7095029987584,76.0381654248678,65.5288493849134,2340.84789975232,2743.94063970326
932.905154388059,2.4631177781463,10,31.0201922152321,101.522063803614,161.571116525503,2294.63992880723,9591.11070441401
450.838424216129,2.28339060679352,7.8777522200578,6.05215481527652,69.0786558508282,99.285756120121,2421.80837117038,6634.57560303998
533.001757176506,2.87763496779849,9.54411269969189,13.2178367930533,70.4373436053493,47.5235732580491,2848.15938621476,1100.71333534816
854.656414143491,1.3737054010673,10,15.6207024532469,99.5503591081429,169.497791009317,1926.49549093822,11190.2983145803
448.97871447918,1.58441575688019,9.14815026690545,3.72837936049981,77.8551269586336,95.9195183974773,2192.82876784146,6138.7676851352
391.29856554355,2.39518234502166,7.92803563594883,4.14664245143481,70.3881939466995,63.9039802230212,1479.36695254029,3699.64539654741
608.293919035623,2.03109879269038,8.28822673296619,11.80388201296,76.5424973515995,90.1340042319331,1943.89123094221,5663.47526188184
416.924184542739,2.05084595833272,9.8039911073519,3.7943266029911,81.442928889557,123.313566618518,2690.11611757088,9936.43561869238
339.957554673303,1.94093552542982,8.58292873780707,2.11715842539058,77.0315508854831,73.2976395659548,2402.02181624787,3853.9343682357
300.277092292627,2.06109303994973,8.34149674029553,3.28044785367886,69.5984073153807,65.4663478537544,2536.28143175549,2619.4403613537
604.159700700034,2.69023093599801,8.42920416137637,15.8456692454655,76.8007662763472,68.7991345472344,2328.77987988306,1919.7837162397
744.859513392095,2.27738263882129,10,19.685123383919,90.1288791252868,103.869816058616,2180.45760627632,3776.45338229232
900.924388269382,2.65594910484235,10,32.6965701004931,102.59600654212,161.608785911595,2187.08913900765,9080.52895744048
487.588199156551,2.61679646953685,10,9.22471341257808,71.5140868256082,81.2853832305044,2193.30154739027,5687.89001714788
543.001724119113,1.8865998487175,9.82326233795439,9.66332402281317,74.3307627457248,66.9080078248397,2973.1451381255,3002.29764062894
503.542486407692,1.85972468058105,8.47172500039887,7.08620966077588,74.7807592796991,68.8437234163558,2273.10276712262,2328.03499570724
625.287395554673,2.00384740517551,8.40171745507876,13.6388423991112,79.7169398700946,80.8131411537196,1909.98319589638,4160.02424161417
478.069581007484,2.76488922097161,9.09638843737283,8.96951024138159,73.7461229234663,120.823035976961,1755.39273753344,10839.1681017428
781.883824971154,1.48605770112732,8.87106715463954,14.0861794689838,85.2463833728189,99.7913770379558,3424.12938101951,4273.29383849027
974.458794639412,1.58302729755769,10,21.3158265764642,103.402384442304,177.803004942722,2537.59723938577,11369.364835501
724.013951328641,2.74617735075174,9.80538919056862,22.811072911668,89.2592782510909,92.9598482229918,2733.64377708178,5837.53501341892
760.150135286374,2.4193260421258,8.98621195745591,22.5176720653693,87.366942504071,69.3110166723492,2761.62022327227,2470.80310119166
407.198890960787,1.84027064325158,8.35040947918528,3.31238913052077,68.5379231201635,124.46799886722,2129.66326571839,10302.5410097286
568.215198394746,1.82871745234887,8.49198270636825,8.85607765491894,74.5188996786969,94.1360722592356,1694.99021869756,5563.9091044831
509.732407395386,2.79392715263915,8.14003744032478,10.6803178237153,69.0279457270402,99.6808308266773,2904.81751274766,8306.38477854977
648.072962469271,2.70664312543036,10,19.0482890877941,80.333499188464,124.935249940206,3332.26098649754,11320.8274153007
745.339297802735,1.87593813307826,9.87158816919173,16.9895740562853,80.9996364326405,50.3057563186004,3486.58897603404,1051.92885351971
658.165513628348,2.10855386671215,8.71254640224969,14.2496482484927,81.3670006616129,61.5256636236338,3212.93707665984,1563.64015766324
798.94235411423,2.75189360794248,9.32876793263235,27.3677581055075,82.3196130892248,112.583096264872,2626.81762477038,8425.02415609032
371.977029941057,2.65651115791483,7.06553890451776,2.1913880658301,64.8360699349815,62.1882657804478,2574.44366765194,3600.07503625019
541.549209783796,2.72087415984913,7.22313055574981,12.2614702332318,72.0370446230836,66.9428389056612,3056.76058294538,2527.31536645109
648.817411416332,2.25988933401269,8.51758790315115,16.4606498568235,80.1207383729502,72.0377961576714,3143.38452547213,932.980678017025
645.693222607509,2.85317211045059,8.43730705866898,19.5633020349197,83.0943630782062,49.3452430440333,2798.83662840869,740.31383184822
364.04245819575,1.98892731593165,8.14167338407189,2,65.4879269454444,105.582108525536,2228.44792325764,9019.3416343177
692.800896211511,1.72070329239522,9.9911933211755,13.0258807823384,79.9206254809859,65.2826489805115,3079.78586425973,1978.76770106505
750.1880111738,2.44252763764017,9.51760107581259,23.2482729779154,86.2249216915433,107.44835492435,3153.32116365647,5644.92677568266
726.491961532197,2.30903162401034,8.29331469876706,19.2273840463455,77.9392278980797,134.962911119225,3083.65386340994,7164.86496697431
612.748418558352,2.78187865321422,8.62584743296532,16.5249608308355,79.9318665735171,96.1663079746733,2162.65054748971,5211.86980625731
387.247190185971,1.62173887368707,4.81030082038929,2.74233529245042,71.077758316386,42.1111954657308,2511.94800018673,798.173175698564
596.341841753207,2.7655386051571,8.43183016150792,16.1079128690131,74.5962928197992,113.894351881578,2416.43111493731,9118.516528467
539.416407915841,1.93496566109718,9.41585899620298,9.07861762177641,74.094509901104,50.2038777763408,2431.03155827633,615.645469958188
414.160086898471,2.3904308523914,10,5.89537090405052,72.4020486548029,108.004318469219,2774.88451515361,8880.78883815232
490.928812610916,1.56019318361738,9.27124846906202,5.42307445166165,72.3198920350858,128.155425034428,1893.42635474107,10326.3494316694
626.919194908313,2.30851704318477,8.90537046471463,15.3524637461287,81.1031461424435,97.3521214404088,2715.03171343973,5261.23913162889
630.43574853983,2.37012577666693,10,14.7825156323228,88.8457083943784,133.511979882803,2128.8105622099,6390.96720407578
601.800960110619,2.00396308777203,10,12.4214225782918,77.1198521135251,94.3928458265736,2585.83663893755,5746.81731879419
765.612379589449,1.76500368898483,9.13176477444239,17.3198222563623,87.9808847182008,94.1502579765105,3047.06229753779,4781.29480485783
725.181393828925,2.10921278472258,9.83796792537387,17.5084800705546,89.6044245796857,143.382273217329,2779.44167769392,10261.669889074
673.685737830294,2.74978620665347,8.63681982144738,21.1893233784787,77.0439151679847,150.632717168188,3295.22176805156,10333.2686173699
796.694939369534,1.95062771766758,10,19.9037886848505,81.0311826119072,85.0841430476783,3408.71848502928,4193.98001105688
494.554423296358,1.87870394628192,7.82621164556306,6.28832715256923,67.357481050194,105.819164837326,2543.66059712085,7265.76729416168
306.798288509908,1.91840296295653,8.23389034747193,3.40958109177408,67.2285114768647,119.736604959092,2528.78862912181,10695.9831836045
604.966435667769,2.51866941507878,10,16.1145270700489,92.6740948628536,162.742264531863,2115.56173876402,11082.6434883549
385.641318146076,1.93529515514995,8.77897564470149,3.11040810706212,75.8805415253426,94.2993074988654,2514.69494760741,6098.54944464252
719.087960342869,1.50540635983243,8.8032278985168,12.0113574187768,80.1050451989011,92.9505177895722,2469.34183056957,5481.07285812759
310.819662472582,2.60899351909958,8.48914727984292,3.2546020832337,75.8678901608445,63.9649118625709,2341.56100191896,3565.63747521378
731.60155626633,2.54891219300309,8.83854959612442,20.8866825440678,81.0445350014721,161.792334171048,3215.87336224393,11047.5906050945
915.056958367206,1.69285239690445,7.91727993905097,19.7475672088486,81.3525576817369,91.6545051262446,3318.66322912571,2070.95734920154
855.138687564347,2.97735637370237,8.57347959101127,32.6550680935057,84.8213309107231,128.003207866094,3023.03825163265,6878.12533652497
691.367855180096,2.37583109132924,9.97629220971121,17.2172136130733,77.6214238348093,75.2489559184652,2489.07966342449,3608.05294270503
673.075251913394,2.18421400059852,9.20085553668876,15.4842240024937,83.3359804959697,84.823527090811,3225.110039139,3569.09119382576
325.300693560902,2.07332890143434,8.23523779780613,2.52925557694212,67.962977801703,68.5841334766903,1385.84267060772,4954.65446113807
962.378996682953,2.84800913334546,9.30202097878696,38.703303379773,90.3300827912216,169.533928854009,3399.78404140291,11486.7222939722
690.812733712908,1.840180498316,10,14.3785551084243,85.4461009058273,85.3474214157048,1765.11752595025,1104.62937523804
576.696220114882,1.8183350215716,9.1353781970306,10.0960863889243,80.0815572828969,119.337724353964,2713.49581006224,6863.96000023885
622.144078263889,1.67373693433638,9.75062402587301,9.76343829068319,75.5951275766123,57.1020020857479,2644.08562896143,1408.29373838805
384.314105442548,2.63867864337639,7.65787229439902,3.02281085379359,66.2114555392557,48.0342603206177,1922.54384428481,2199.72912989571
788.115628350487,2.30819829730848,9.36226961732643,21.5811566862946,93.6429382398869,92.8396145772011,3579.771322116,5335.19235950189
820.854584630558,2.41359925388175,8.36146191771636,25.3124074183201,80.966940505153,123.047329263787,3610.52634548434,6115.06144481085
328.821347798697,1.786926895664,8.28768937668379,2,78.1083144847506,57.8180933858571,2327.9668438194,3346.71649200976
768.63102238892,2.3945857297442,8.91699441496244,22.8134413702751,87.6385681516815,87.9460259032688,3577.49336019344,3981.02843961858
455.193745117644,2.6481876708703,7.10369378848209,7.02275091489156,67.2623119916967,46.8059311859584,2399.09256899542,1456.63722281526
494.717619293482,2.03683279608853,7.12025513384957,8.63638245084238,67.5333970659822,69.9626762250681,2555.29095294866,3835.41762228676
433.811526476978,2.70202071594257,8.72931736157241,6.67302919241715,71.1441635928824,120.001921269349,2252.02034355597,11132.142833186
542.158284171939,2.02318588279803,8.60631988016299,9.52821153567569,72.2951109435795,123.52627417498,3041.9722190071,10891.7811983973
316.566731096605,2.54526449663003,8.49580491642607,4.23965958961758,70.4355100970274,81.2094455289875,2011.19479938263,4183.66119150684
434.189182638574,1.55059516118658,8.51776225332287,4.21401476766269,70.2645257264528,99.0829664061198,1909.61664279889,6779.39329906638
534.824178201346,2.22489792598148,10,10.3086628702336,76.9311019771705,114.268849417839,2908.49323724536,10505.5493022204
276.811265709799,2.95428984095983,3.08874935454696,7.55694718779925,62.9908785771561,33.5793925484042,2214.0654933082,568.022049049863
652.953334663329,2.85525184344317,10,19.4190266118475,78.4259841145992,121.721580317601,2507.0132023075,9417.51927371351
496.83170702782,1.83505260123912,10,7.67156118186738,75.6487212333956,116.449799891827,2668.27929810208,10932.0650806781
745.43379659385,2.16209863662053,7.25874022934796,18.610862706965,77.98007523579,85.5475435371663,3342.90218905993,1504.58307766913
301.689423404206,1.57934650252353,9.20501448899583,3.09372807916926,67.2240920484817,48.8754263975147,2020.24490133264,2275.92454636213
659.915155874977,2.60266662400678,10,17.8222290732603,92.4779480139642,133.70413829157,3120.28272258859,11068.2093304849
716.904654436431,2.35285822971032,8.88851365185805,19.2861407246726,80.904886012887,97.0885740742226,2447.91069596705,6412.94158004381
497.520267840749,2.07765101841078,6.00152649085718,8.20743354694749,73.9040437698988,41.2441788220115,2212.51695889503,656.162979188961
447.476291961678,1.66915583773373,7.11835184221195,4.21368528303456,65.0450885675431,68.4809491975033,2441.02333026584,3333.95198639882
413.843312964799,2.81406417302573,9.01628598107341,5.12849599856197,78.0461852130022,85.3860632171106,2050.93890292932,5449.38041695746
611.098823140067,2.29532857173149,9.23217212780358,13.4259629736072,74.073495514792,119.266800482387,1919.28728483598,8121.99802127244
306.0687291576,1.85571704896037,10,3.31926054317507,68.675997868154,103.442423577634,2378.56965367485,8564.7641595048
544.321948549379,1.83207928733752,10,9.34716049997678,84.8194298322325,143.862176877101,3001.261827571,11449.63664218
622.102740920346,1.90604577138322,8.72254408974392,12.5996444570456,78.936249859979,69.2399593650068,2310.22576026248,3662.62319322135
971.367120630407,2.40271471328547,8.30686560985462,33.9538271973769,89.898123228588,130.948076546322,4036.82256900509,6420.42112055323
383.4675359928,2.89494536367076,8.02458035986044,4.44847733689838,66.8749637032394,95.3990690142356,2525.21897154928,6366.55902645565
682.595101490515,2.78504070498985,8.54797189324299,19.6235184199624,80.6686775621539,81.3981747850033,2232.01536235432,4962.09785391961
459.190460480225,2.19057131313897,7.21037401560284,5.81920954390028,68.5094941479347,56.0203705219284,2088.37379197964,2360.78083226662
763.50605646254,2.73974904345151,9.92113279164885,26.0547339678853,81.637791181862,134.884279317371,2177.29707645189,11252.0221950223
759.351070263772,1.87085478261995,10,17.0186137600128,95.252493807945,158.484048764764,2331.35452625292,9886.48905333245
459.547669936494,1.87846071113796,8.65267241469572,5.1420595250579,72.1515901458636,89.1008413417341,1900.82967373723,5981.66331123661
743.570999347072,2.83359212747096,10,25.0320056187186,89.6317233563001,114.700580549243,3083.36183983595,7135.69964952433
324.622200704145,1.95583135195623,7.8445869786968,2.8171454684873,66.7041225764295,53.9226700596152,1429.60916945161,2999.87158915629
368.192696466838,1.93196179990025,10,2.05129611118173,69.0722838772036,97.456640244662,2166.46702851651,6481.65777430922
341.202217292022,2.88325558466069,10,3.54961369470724,70.8202378605901,92.3939368735543,2346.03577907141,8144.67146433623
937.243982630561,1.56977724523143,10,20.6394659075147,95.3796995733641,129.930209410305,2663.65285939614,6166.83731225248
305.30371168516,2.44022093500445,9.8241394675608,4.42285657807946,80.3127262091387,116.193801603708,1955.65506828059,11393.1368764344
944.662862198819,2.64148577890982,10,35.464257910411,102.53331118967,135.019297773935,2062.03347077184,7224.75821872499
780.507118148507,2.13784694674022,10,19.7165091299744,90.84220940597,106.752407079572,2259.74086356775,4580.71083851386
651.40884759889,1.50378264255423,8.39207615878049,10.5957330864795,77.39228110218,137.629311552144,2719.19194833011,8993.67230377422
390.575812024215,2.06258841616966,7.00888078726455,4.05595061242926,66.628228340435,57.4535847057965,2161.87014090155,2375.08762739806
315.380294365762,1.66735348857724,7.28533363765695,2.55142147418307,64.2875930605926,82.5117930422196,2018.62794307784,4729.67395076893
468.540170615257,2.12428149140054,7.59679051988588,7.49477739677816,71.2775124354683,73.7973867355215,2563.16310934196,4316.54845415344
487.775576472576,2.68504014246343,7.6009845236204,9.54562200751292,69.1764233213535,75.5830151590772,2593.83387165972,5249.87804618555
543.7637852025,2.1580673233257,9.28897466144108,10.4364757157775,76.3959642894815,110.833019419396,2137.3953780127,9099.57808521599
264.181833903884,2.14788768201888,7.58504395078129,4.43433138927748,63.8407614585526,77.0329642371667,2128.8255047843,5825.90335379748
628.064402183601,2.19142780051716,10,15.6205315412763,87.2888657103499,121.503846678333,2969.56514391898,9234.15895292559
721.019391802761,2.23727408879952,9.86363507400324,19.5708090524582,86.6389344746085,115.295525400801,2655.91462420225,6841.37793453852
502.113497064241,2.78444446319846,7.6524035150139,11.8723594800591,69.3130093945348,74.7871859624629,2732.533292701,4262.76378123311
714.978959477659,1.80864167429151,9.754227686774,15.6781470030939,84.9064595811344,127.335074045291,3210.2931643968,9409.7661805182
720.178333242811,2.73250689655202,7.71657448009704,21.8711622143416,75.3230451299701,93.5234897309227,2708.94658570732,3121.18637608401
561.110778879769,2.34890062303807,7.52955485225546,11.0904003767817,70.5935719345965,66.9162657794332,2854.08919953285,2968.21277779775
461.096725323981,1.95079432457572,8.62467564785812,6.74914386289118,73.2403267868849,88.7023174471224,1688.86780161899,6049.53216460319
306.702407125996,1.94268906600912,7.86416999505735,2.95416615042425,69.3447910248185,54.4587658930248,1614.27607945005,3369.34170558298
937.356658531628,2.02639456619625,10,25.0210368557797,94.6043105399197,82.3918540679796,2408.88853130922,599.95738446338
770.910634482363,2.27924967885978,9.7929373082887,22.0729644032854,87.0132905389671,128.610159865403,3260.54403277966,7631.27280028682
627.779098708674,1.75202923641602,9.00873203769083,11.198676833045,82.2807660961491,104.195698148036,3156.90027607567,6122.03203619638
731.002820662199,2.8805003425084,7.88496369694666,24.7963384604451,77.5776626035169,116.221233453604,3539.73112893129,5400.69595942477
738.110562498886,2.36236887626685,9.06800792325725,20.6484068136896,79.2083777617379,151.608501711089,3402.77009493649,11136.6536608015
533.29643671781,2.71722574319808,9.10490849313422,12.9607138228184,82.2961567645458,107.930333525895,3026.53690305159,6783.19102359205
748.91553980071,1.43883545775673,9.81281996548054,13.6477940090311,86.15959569897,135.592662195184,2625.32772739307,9997.74735568323
659.839062459023,1.96271440784098,10,13.6350021920658,88.4248470791898,86.776841032121,1819.95608088034,2033.95259825676
712.986834791743,1.46505669231781,9.77308084839507,11.9958870652305,89.5449260472237,101.62532861637,2578.01799757331,6761.2710944237
445.651404352575,1.78054471145806,9.85692322940823,4.88498119990607,84.1905827530739,117.150485920637,2283.51782321564,10047.7758940399
704.293084714549,2.63208199751627,9.5951200680977,22.14516418645,87.2730671871159,112.497892302216,2915.80124402393,6914.16333007888
760.135598800769,1.46785847313661,9.89983296477253,13.4079468273723,91.0472183672046,114.427283667527,3420.11515553618,8398.15595939702
770.997548797728,2.03055547955227,10,18.6725583215211,90.7610007286676,114.826708241394,2093.79291524313,4592.47924593428
746.020261642212,1.64456396639029,10,14.7707635128882,87.9497173208532,83.1304971424444,2134.1389216864,1516.94468740773
701.110659485651,2.07623030360376,10,16.6214467518236,78.7264749876537,88.9184385099011,2815.28540268465,5536.90324639779
564.741441189697,2.64704355923441,8.93474489932635,14.9115706081886,82.8814600498182,96.6359529379809,2822.27940788444,4839.27329922743
642.224524231598,2.23095856953757,9.71806301176816,16.3480779430391,87.9013290852539,140.102984113539,3114.67603634052,10037.6620061684
467.990232936413,2.60513451799713,7.40590625323345,8.24862484532099,69.1300557858486,70.9471210660256,2361.50904507482,3183.94832587719
661.155538257919,1.7420118900786,10,12.9306356544384,94.1532834006375,161.62825562378,2256.74925648219,11134.0765028862
722.395180144781,2.78243894304242,10,21.7817491969099,85.298996779649,134.761643568969,2694.45649127841,11039.5193178495
397.887555706568,2.49501098773381,8.26686537554695,4.79390175740253,71.5395984399946,76.2880464368514,2694.64659438691,3223.94807378583
766.14107203539,2.07115465030217,9.38823126303551,19.8074189404229,88.6344278039807,81.6587853604845,2673.16229265535,4328.57151025053
700.228516568859,1.86284410250765,10,14.5187422694798,93.5973940708122,158.050157160257,2080.03054034055,10351.1131496127
666.940486636871,2.66442214228423,10,18.6307884609606,92.0007916721871,129.664359632466,3394.09200235886,11132.8444298572
349.629387722757,2.36460704015309,7.20775843795482,2.76792170673591,65.1163201880458,79.7925880796694,2417.73993869489,5377.83013119648
727.114163434746,2.43059958095532,10,20.6712722176253,91.1796787297249,111.751867192603,2004.00175705045,4030.96750204988
358.500648473807,2.12555283676976,7.57394928455822,2.31085192953965,65.5116886763094,85.1772402706333,2407.8008465477,6287.03414576696
673.946127013042,1.7368426811409,9.5992150640277,11.8914921295438,83.9393018299509,110.733624979166,2685.31806350798,8065.46127002308
822.726047187757,2.47196472657142,10,25.612959118259,92.3320828178498,115.971149023223,1850.71528797448,3508.21966912478
953.180982338999,2.15243775057325,10,29.175297634902,100.433653663082,143.044852443199,2156.84899428856,8601.2049208098
453.686359602022,2.25201432063717,7.39360323252898,6.3654893557302,67.4789404350166,45.6552590009589,1578.84695220321,1068.23092826105
645.996261028372,2.4360314099917,8.07999399419406,16.8376011789109,76.9497698940986,60.8333953708679,2298.07817283631,1042.23942040858
676.474299831555,1.77656370833857,10,12.8913670199954,78.9841153845004,86.2283964251786,3307.49066252439,4749.164756601
375.741056514979,2.61218634975977,8.71064126789131,3.20277095393183,75.6082484760159,70.9090944579143,2208.79324213385,4388.20511266793
500.294678659906,2.84486385558256,8.92640207568235,12.2212798848118,80.7941037521176,73.4262142450414,2930.78103868519,3971.96536903867
541.408747175206,2.83665471625155,8.74219702549403,13.6428916113543,75.0588181827591,85.2920190340674,1720.86092678329,5901.21738935801
477.843694947187,1.91561818174916,8.522862918926,7.18177979495144,74.8219865242864,72.3179360444141,2311.67985678224,4028.06940542728
461.056297984569,2.06305270913287,8.32677309086576,7.19813391480282,74.4947974204671,66.6849257745117,2767.77653103421,2614.83710314901
643.209946998821,2.62434968673285,8.9568322935878,19.1956601883562,82.8657675779193,81.9200326493704,2743.49789761017,3904.16503997461
325.553239180821,2.39267569623691,8.17411968580191,3.82524900169019,63.1619546917952,122.49771085546,1920.54788538748,11223.9470009126
654.695372625564,2.27328410564279,10,14.8123326126722,77.2484121024263,85.267581671583,3055.68585023263,5022.24758694333
577.265468736756,2.88996295130017,7.97430756930406,17.3177223742977,76.6774171508522,86.6649992869286,3140.16778913982,5391.84054544169
582.598760588876,2.23835322313375,10,11.7246760867681,77.4815680061701,91.7970930387788,2826.24078367713,6841.99488946254
605.717118369737,2.16525689464385,10,11.9944891516039,78.2553514345246,130.378137587067,2580.0750187201,11316.7484525565
627.573080849636,1.50133490187672,10,8.94898250525957,85.9270253568309,92.6497439513964,1847.6640228245,3157.61404079339
732.238451808914,1.51863514240763,9.96981206984429,12.6407543689684,89.6303954132021,113.127362726789,3121.48670964188,7994.10321585677
349.906725519953,1.51113046182098,7.76289933363725,2,68.2290662908786,99.1416699604178,2442.34612159265,8375.83162895897
865.267907934998,2.86986633867545,8.49299092760721,32.9258878773633,83.5523246629175,133.913178389456,3676.77073756205,7180.56858472373
789.556084872401,2.08662409751371,8.5935567814439,19.2581716025447,84.0663029772036,71.3518999982288,3616.298110275,1474.36173600308
597.751300286404,2.20284206420012,8.99618840057896,13.0988997657258,77.0607973673686,99.3069448863759,2293.57956737312,7945.59503410334
503.648320612532,2.76808042138869,6.75747381854622,10.6243412672735,67.0947075357697,55.8857007797039,2714.93219953302,1205.04182139793
405.861866378313,2.41386946556367,7.78340131141059,5.21246224174839,70.1489695647054,85.12003554976,2382.38368390057,7057.56914504887
330.182921757529,2.41425239458587,8.78780414928135,2.42551264638688,68.7183387002109,106.230990139249,1683.22049907161,8635.39294943917
529.159772321426,1.94480164403222,7.51040672046189,8.0203221370511,69.2065735031451,70.9194089977247,2804.80773947814,2820.66879681945
317.499420631993,2.52717520704437,9.46067998783451,3.07597881028055,77.6389161599303,123.091038525136,2001.29098037008,9757.84208297051
650.328914443927,1.74874496405924,8.07481675132087,11.9982881844872,74.9325390718847,52.7334999199441,2122.83864996647,833.891860863047
258.022550602373,1.57972438825942,7.77049656472061,4.23820030344109,63.4229747584856,112.317494926129,1929.35752458265,9781.94150024137
551.806832801835,1.7874050362778,7.53683412287137,8.88944861771387,72.1006015392669,92.9086267777932,3014.79799188891,5563.61955707042
663.054414333192,1.83282789871297,10,13.0924555898713,85.7614417832744,99.3549488074034,1828.89537500087,2893.46733924809
557.135747721275,1.89818506008329,8.66402427376715,9.3917281085034,80.5788986364423,53.8463603633718,2919.53222046527,1971.55959493365
598.575352241574,2.32224144535328,10,13.2299775576369,87.2940920638239,125.958691640857,2649.02658234412,10986.3788434061
528.772703686706,1.80695756068092,8.06359625871795,8.97716334985439,75.0655017697777,55.3149077164898,2926.08478628087,1299.32146339272
736.305395739555,2.43042013523225,10,20.8600636821068,88.4832490126427,96.1087030437039,1865.56290182749,2690.02761929518
787.125718472389,1.54819286399427,10,15.7068855984575,92.1432440428411,111.234119496358,2297.82205845009,4326.04582176351
455.707876940579,1.6157976213018,9.01951174471542,5.04644451293834,76.9994673612988,109.874071148008,2255.07396824345,7322.58333857233
519.061173540432,2.16526723360521,9.21634007770859,8.21191436022726,81.8965927884777,90.2435081435458,2617.05729666489,6492.81193803708
375.619546849311,2.88284370386496,7.20732775098627,5.06821733681878,67.568121006779,47.3339013487771,2043.50509282348,1882.07841653545
583.102411753573,2.70364838016856,8.60162735158656,15.5969676667037,82.8119914291511,84.8085341502976,2734.39059982664,3687.00782112036
418.962081122492,2.91466232738554,9.97608444735369,6.96911759828951,72.28621060054,61.4336359547681,2702.87871227927,3126.26948194626
794.328277457006,2.4286969213945,9.52024035629164,23.891951693829,88.7246108759806,78.0136112147544,3451.29613778793,2848.97139939376
800.347981352866,2.35590491579257,10,23.9054988668307,94.0482913867368,115.129289531868,1881.54717573669,5022.58770127986
317.956727095078,2.43753449839724,8.20683354500376,2.90603221629061,66.4839808211585,104.279103029413,2190.58396374495,8244.34597850823
538.533374783636,2.40489611224359,9.56282869062186,9.97052546028512,75.2117369410834,67.4931310031187,2918.1007921551,2891.9822543896
553.245295333689,1.72068051760138,7.65802963693611,9.16061606106153,72.8226057470839,80.0342218442206,2868.88431624348,4533.4676767328
310.903396562198,2.26929538085139,10,4.25314631778845,72.660354688877,62.9957439796326,1917.37169825737,4800.09169525279
487.843941687551,2.07910190017759,8.56417117333201,6.81711110449156,72.0257239773761,138.871758026312,2465.19677137987,11241.0218237895
441.788728877875,2.16380582366594,8.52501557939528,6.30480290120808,67.38644483262,125.028317213757,2517.00123394207,11001.3299256698
309.345298029547,2.28540085958886,7.98839571945827,4.01949156469417,66.4737079782566,95.9323517465425,1980.38848335713,9301.51341027284
708.73821965246,1.69259425770338,8.30373618580305,13.1978480332471,79.9603635416041,78.7692869849088,2271.88911294931,3158.24812901104
484.442311187003,2.01801661702322,8.32403165652636,7.14916272709741,76.400130858874,59.1098468009219,2634.40905896741,1248.41045500837
446.901014407754,1.59517434131491,8.12053929878086,4.36646789707259,72.8716129772915,61.5898527694541,1615.37966361769,3985.94551492687
931.25007674276,2.84200884436595,10,37.6192635147081,100.108929514845,112.859340879225,2260.27703742174,3434.74004377214
619.262523095832,1.60995126240972,9.60213585797182,10.7418239352239,84.9455735994309,91.7051149632798,3106.18461589056,6065.18380161033
964.390679286189,1.88778710781743,8.79697006227468,24.3476429601745,80.6942548006628,158.734426916137,3385.33560251977,9055.00701074572
851.95348146848,2.48439462259692,10,27.4290134139913,100.194314579422,165.340566809257,1995.55662235592,9941.55232766744
909.28618027624,2.22406506935871,9.17449079520453,28.2718902053828,84.9226610895806,151.588527442477,3538.12924637186,9793.50493951559
934.578358503845,1.60856413303238,10,21.0948379438853,99.9282695620824,120.296985614399,2057.64002144126,4456.43117345375
269.158872568478,2.07634580705902,7.80879982344915,4.32759735158255,65.7583629168603,92.9511744065295,2344.4846647445,8059.57777806751
910.419583547752,1.59134263471221,10,19.5482657254302,95.5362652276109,113.931779758228,2614.61433792716,3941.17617276642
464.797268647352,1.80032399562675,6.95019180408658,6.16805649819483,64.6443512626548,42.6570066148417,2940.29615358166,1169.96097558701
627.803118606077,1.41595554831636,10,8.80951109051199,88.8133779488362,138.36939458888,1837.342417413,8217.21792163237
554.288960934358,2.15187505078187,9.3845994610396,10.6978045064715,74.7199279839839,50.4171518757221,2840.53882935986,608.103078267666
632.983231193582,2.54054788510199,10,17.4124211042419,85.6298704034671,120.054581636678,2153.08054263193,5001.00846204337
507.581520603128,2.37895376804984,7.54433969783382,8.55511182941509,68.9726681903928,70.5171168624706,2353.91711744642,4123.17196232283
573.250856948942,2.32792412106471,10,13.584435877015,78.9315360618577,101.923844956334,2344.17857070072,8127.15292370738
981.429414964919,1.59988251631314,10,21.7506141353047,98.7706102727663,154.608718957656,2303.11708675842,8928.70020036417
391.567685785885,1.98354497162134,9.79683824439273,2.35273599287194,69.3342057212089,58.0629640695072,2692.58197206605,3845.04099568412
603.016726260189,2.76786315576125,9.43599436884509,15.5829525481785,77.5112771106396,118.036166570733,2024.91826505007,9427.89715889339
405.791067285246,1.63178427648977,8.0873717931132,2.53879519936012,71.5878829723557,74.232607511623,1736.48833469069,3733.08436555427
607.032492363699,2.72407946168913,10,15.4396384034289,78.3545805438471,83.9853508518257,2946.50168235694,5409.58995985217
661.324851180428,2.22553503939718,9.16341192786955,16.6111528939695,82.3292433657577,113.927169239985,2091.98400969669,8497.20379715547
661.152164664769,2.75572114698768,9.1284298301137,18.7678249748271,80.5048210428996,113.427982905285,1765.05513111392,8122.12252147267
926.029596273044,1.69624823454166,10,22.6624492990021,101.566479674103,165.16200833476,2306.93490335244,11361.0531954342
548.742579785411,2.00826442737453,7.25034589293782,9.66132639249268,73.9514861543033,63.4630853241306,2763.18335307154,2976.77126637525
677.045104193512,2.62740730248471,8.443149413272,19.3766375549232,76.4236830495784,137.855244339127,3017.00358063344,7785.49704893541
737.306862828962,2.43630219710317,10,21.5169575788597,91.8175350414243,129.47419358812,2170.86799544286,7206.50099103355
874.849008143922,1.60085712209642,10,18.6177930141734,98.6675681146271,167.706318143647,2277.67114686018,10566.0829993903
549.293143695606,2.93193360033699,9.90937647024159,14.3954173855943,76.5652641442503,54.9126080499998,2996.09207545077,2219.98355809363
395.337973377396,1.62673515636724,8.53966765283946,2.28464798739707,72.1392063392547,107.620224939219,1714.56838327501,8769.77979945626
843.448349558344,1.6027544446532,8.4198716434996,17.9255809032268,80.0214929325764,124.38458518018,3269.16247231592,6750.95477895645
792.60247846815,2.39325632292915,7.94890328747168,23.4257617221862,79.630353825678,97.5791714638206,3485.05382978685,3521.32456766696
495.019138827153,2.52253626144058,10,8.48593064135191,75.0375627112052,79.1790155268887,2873.03959132226,5718.78405561891
704.876858717832,2.85952999425139,9.47675456428697,23.5891480222098,84.7539554829417,73.9815118538587,3179.3703606011,4171.54256776778
503.799166916091,2.10741867119829,8.86240929586745,8.59109517662885,74.2190430937699,102.25144936289,1668.42926183466,6872.44743067307
259.259076918148,1.53793711348445,7.9391023452735,3.61762799859404,63.9025362390286,111.117736806243,1973.42905960163,10279.0067189613
623.225335556437,2.20110662540657,10,14.5490828348096,88.1719350273323,132.588198597551,1595.4474882389,6762.35482853422
942.497616676648,1.75441509109079,10,23.2370782199062,98.8911883670281,147.924120406783,2198.52380136657,7448.94660159242
780.300405006261,2.1494206817931,8.81002212962013,20.8190760557596,81.8312797080682,96.69509078472,2315.51713481915,6206.2263182618
644.204668227854,2.22281687346932,9.47350458770767,14.7441282666295,78.4982415405628,58.5143516194757,3141.51861870313,1062.82057090023
482.18414705004,1.56417945731895,8.70852744699682,6.28627987415031,79.6033500864023,65.7976875451358,2645.13534018829,3061.44412563704
769.300157897364,2.11915826960499,9.37648883430288,19.1912100354795,86.3304180221951,108.985159043577,2618.33700440504,5912.01902375291
631.401543187868,2.13947950020647,8.51971945351825,14.0226825557569,78.673368691858,79.7315582549446,1952.35402205229,3912.58812119175
945.516742219768,2.56881639792989,7.83257228454958,33.0776873124185,87.4986237637188,92.2828477974829,3520.02741723632,2499.39957537314
906.340921614804,2.28195868841317,10,28.933756970882,97.5811278280398,127.097427906312,2452.94751109874,6045.46126110282
489.569657886296,1.71780858332689,8.70896113863386,5.44561008206076,77.0001101030591,76.1997968239814,2932.27341791977,4050.90772792635
791.480880340314,1.73369237979408,10,15.9139595839513,91.6471656477522,108.001128172461,2501.34109262645,3339.18407490756
393.06607718405,1.78887879373334,8.53703768178684,3.42829544869231,73.1794167806195,84.9053204042885,2692.60933025025,5603.83959184419
446.007050220367,1.76842566044577,7.74256152305702,4.68998021114953,70.2086771893691,57.6222138339356,1827.64898873684,1966.1268389039
689.062830643261,2.30841176127761,10,17.6064184941354,93.4598699273006,129.619435199377,3197.92943840889,10705.2030638295
957.591356753243,2.61601716542477,10,35.1877517121385,106.194099840954,166.487697690514,2133.6788034956,10044.7230771116
889.784169300565,2.22155415905938,10,27.1062013575047,98.6728121440587,149.514422011599,1986.3321487902,8283.82644314589
412.810793829823,2.41002231928694,6.93987841839267,4.36855028377274,65.9224448310944,53.8975643721284,2032.35710508106,1668.35210347302
280.278244128912,2.11489190002661,7.77520447788992,4.02173400398207,62.8745574641154,101.395863441705,1978.3412173149,9034.64979916662
328.473974349224,1.84565151471887,9.33601408932595,2.93378681745777,78.7084510359696,106.487349658282,1908.22001096502,9387.53060919921
487.162782306427,2.65291888767471,9.77952801889904,9.95722913372034,77.5119095177493,128.515250416263,2882.55384160937,8945.41079485771
785.528687507065,2.88876111554465,10,27.7316104136113,90.5128522661157,96.705745398075,2034.81631826912,1753.62475831165
863.192217774654,2.24516426338159,8.40034786684664,26.5593370947706,82.0508100157759,128.734081059462,3642.94318876691,7582.98752774541
303.244760693499,1.93530074325984,9.05511743121365,3.29544152872949,69.2318643332236,112.048401008102,1814.50557729369,9677.57275324338
794.861445233153,2.53391423197732,9.98810484807213,24.3209213438566,90.1508192495886,103.425514175611,3604.4994926652,6850.88741341635
745.575553361617,1.53708754190135,10,13.373291308211,90.3861896043785,138.732770915951,2444.50755112162,7610.48112750898
724.047331900561,2.52607126940218,9.26414239833161,20.7747751917918,84.0729335573587,109.177204467026,3195.64106314954,5541.99827368937
567.483352832702,2.58482157762899,9.31250184021407,14.5577074945561,79.0957905618653,108.856970949189,2651.93891842531,6315.78051872458
365.219727266673,1.68118198399378,8.96265415088194,2,67.8540602497307,40.5218676667675,2377.62801619817,878.145441868977
698.782776267261,2.81646234425713,9.88975502831093,21.7404671316421,89.5748429178072,102.54873552369,3298.94320658779,7528.59324170613
898.439476221957,2.97826843558272,7.71976904167651,37.479930660415,86.4631617480301,87.9204239506653,3831.63475226173,1395.91934180275
434.60262972523,2.90507921899103,7.42735339026785,6.3277321444097,67.7143934859231,83.9860274594893,2871.83695661007,5285.16053774246
805.821236533512,2.13972605628621,10,21.8317573800407,93.595536671394,111.715976077434,2273.08201194834,3719.20607434149
343.739802875464,1.76787224605636,8.94675702729376,2,74.1770111192173,94.8095341308736,2322.2772038832,6499.70745232884
862.33957942955,2.31465024635444,10,26.3381504875893,91.2800414754367,90.7353903389031,2586.71469282803,1967.57969075528
964.49806230172,1.91403325465664,10,25.6780654240691,99.7470015701349,143.384911153216,2726.73787725428,8108.0774217065
346.622459610679,1.73924079043338,10,2,74.004667581784,112.578227701625,2298.62465519775,9245.12690621317
431.755725324452,2.09463910384716,8.27251390177383,5.27116699694286,75.5783159388975,66.1399701819969,2605.95396908185,2296.89894717472
960.923189376839,2.44443790486624,10,32.9641310622608,96.7093867873328,98.153866781059,2504.42881311085,1647.4439608707
442.171954909897,1.57824951871324,8.26799020007242,4.5254595699031,72.8805026308917,57.324450946506,2392.81243608505,2100.67031066095
878.880285262974,2.00012700216902,9.13765767987737,23.4657762544505,83.0269398484076,144.038569938069,3707.19013474367,10148.4031808835
567.409082471572,1.48655252819215,10,7.66761341458933,75.3871357241338,105.710611747621,2372.87932268763,6310.08187931992
458.714661751352,2.62424325819251,7.71830280206048,7.8746944302355,68.4410508973844,90.1034226847767,2488.06913595274,5639.87095608253
766.315560630901,2.40954493365464,10,22.6552036488528,89.8636633700161,86.8204062440855,2074.38254878491,1673.8300101259
449.995735276856,1.59400820205295,8.63577018754198,4.74947668589884,71.2299559980336,98.8964039928498,1900.03586634652,7645.11607432658
666.986707755384,2.94710633940295,9.0581046627812,21.7404802333302,76.4393137040206,156.132531741292,2555.93046778128,10047.995510846
672.140469647082,1.53393233569065,9.32378956742192,11.6258280695895,79.0184624298329,120.266088039911,1821.02863592566,9610.04456255798
673.046731097113,2.38494096971413,9.0892040129523,16.7582773570253,80.3002763900955,108.630504325665,2417.48452262346,7386.60179878881
635.362870039362,2.64095986247873,8.57230132302691,16.6924105403585,79.3148331989991,48.4404605584951,2635.74341946131,1328.06588316841
475.271825841867,2.68184446956708,7.15990711024641,8.56992696775383,70.6631116247278,59.1643059671891,2423.90431681518,1736.36729893614
421.858566083763,1.55142770338981,7.11676595881903,4.09330768436023,69.5718389639598,46.5662289266732,1966.05709200052,1042.39885820807
311.172466883146,2.81991837028817,9.71000866157949,5.01870910463039,66.1641104697686,58.6964337622842,2172.75898049187,3332.27138141716
704.35769844272,2.82990143927378,8.80213063718688,22.8063736314099,83.6011639825943,78.128360001661,3288.1840171285,1992.27613876416
545.569267847913,2.30929120498616,9.94356133132809,10.4893395603715,74.1707872222506,64.9723880118617,2541.12080538383,3360.52844277677
453.419065351309,2.13539216802831,8.6787441187569,5.43113024496304,76.2221991686664,80.7043997857857,2671.83382896138,4735.63861290858
350.965953390285,1.49629715675717,10,2,71.0133691315841,120.46200618668,2283.99459108105,10872.8106247825
331.360795450694,2.27250527228375,10,3.36829106214553,68.2116752395535,92.6740972328717,2537.52642779958,7214.13665759861
739.546688718071,1.85814181011909,10,15.3588767068785,94.7118494743961,149.356445008775,1974.6699765876,9684.71164251259
702.36853238347,2.51182085295867,10,21.226155620011,89.8293378965467,112.852789943917,2896.89762736971,8313.86650783565
571.553312266841,2.10582535032913,7.11248440029495,11.1287155035419,69.5886000485977,54.5027049076801,3083.32783550188,1737.53443579295
563.862977614573,2.52537124998706,8.37506513649357,12.3899069322646,72.6459545542948,114.224183551419,2877.11384388186,8595.12447011344
760.000417374828,1.60356644793143,8.98148569127543,15.2598829494441,82.9345754892813,99.1390828060297,3411.57569175127,3526.08769715037
753.862671564671,1.69942840614895,9.16517999951441,15.8428202864491,82.2698053487295,107.268128029917,2109.63227073307,7530.18631694177
563.612375800198,1.70956528597374,8.25695206606186,9.2357874884953,71.4501180658929,70.3401747147864,1973.68070869427,4250.58171007287
726.795473494916,1.56828824969962,8.84430975783113,12.3927096750064,78.5910850954558,161.754264862627,2897.33513217766,11474.3948959113
529.316303992887,2.31199328890471,7.34992958340124,10.0510095324356,72.8949907461006,67.702134769626,2446.39096475981,3399.06627446456
324.799541198403,2.69095158906545,7.27447517793953,3.08185435350039,62.9465877843825,65.4135861632741,2295.19434152396,3570.43517851697
433.603638378285,2.24270059651633,9.85277188499751,5.18501597818359,82.563124257339,119.841442554238,2871.3866555105,10737.3948111864
416.627160911274,2.36243232832928,5.9492155359594,5.19320321359666,70.0322214615638,43.1102849468562,1567.41817865124,771.088450999549
557.491201847903,2.38373683275791,9.90115799322282,11.4580066493468,84.3426272299163,106.136633861916,2472.59612539472,8163.57886660517
460.91375408454,1.93847858561373,10,5.94928620548697,73.9399030807253,103.010241421142,2278.38667196457,8478.59029809466
661.662419850137,1.79522151370606,10,12.7275388284668,91.4133654912389,152.173047536446,2145.1148103774,9700.16435151439
526.586705946941,1.82395938750493,10,8.60569907687752,83.471906969352,136.276497303952,2600.2628205736,11218.8324170232
736.953619392584,2.44797740656726,10,21.9168954587592,81.1796175244774,135.124673460165,2916.44208262409,11231.6211107232
585.276427474986,1.72477388565471,8.26220654987483,9.77652650822852,77.8237025742255,65.4255430718484,3046.32215341831,1218.0443332311
739.167802943794,1.42289295293439,10,11.821058699022,89.1655533546,120.416118918282,2823.94530851663,9540.23255028193
397.936092539569,2.39429467008374,8.6590222030076,3.88268392210645,72.3502630085075,99.3877297062908,1626.22109930365,7609.40927023119
666.789549469022,2.63602650400913,10,17.6067551666714,92.2821207803764,129.837702956274,1725.33404690674,7620.763478104
830.230850279368,2.35641915248945,10,23.960491502278,91.0961936397672,88.1582905683916,1894.51428601527,1911.84919276164
812.165115541196,2.67438247941134,8.42748813805806,27.237765459202,79.0840227627645,145.608138565676,2846.78986244317,7652.05883090219
864.069056658783,2.15453430635789,10,23.114900084392,98.5466335736196,169.087810777937,2161.49140272692,11307.3083866137
697.313395513391,2.14760489060911,10,17.246348655558,81.8783646996107,133.93997563093,2957.53838218373,10530.0042649339
912.957553478262,2.57758860267577,8.19803392759381,33.2815745358039,86.6009709022631,124.40430150977,2823.21781946379,5330.43726885336
771.130586829281,2.72544609857754,10,24.596878794619,79.873629888768,63.0356919903501,2820.6899213159,939.427706147038
759.302563662805,1.7340999448718,10,16.3764183676112,89.5908400112926,112.299907408601,1863.74798831174,4485.22839000225
403.19337112409,1.92410894969096,10,2.9415437576535,71.5136972060018,111.636754163294,2242.46453039205,9590.29342760611
575.456319973943,1.73504129489542,9.73091803638804,9.84004985944107,84.2999672199248,111.62864083563,2444.2232921498,8216.49011611683
355.371560095593,2.17825943338566,8.03481239155601,2.25559580608242,69.2591123945085,69.625138420629,1523.54500727556,5552.78021153352
751.097893166071,2.827596826375,7.46473460157402,27.1243287365017,79.1888226363506,86.0107725095058,3596.74398378338,1106.11688674714
322.760819342101,2.017810651253,7.32502652176264,2.02439970480694,62.9788460833182,76.6655654452034,2284.32822409847,5195.84200605633
388.797300878978,2.06170033369583,7.62992127746999,2.93237819623603,66.9412083065416,82.2337973052138,2588.71685498324,5659.27433689672
288.925801250775,2.7905508520079,8.25110629009717,4.59936172070141,63.7682744887136,113.830605856769,2372.34342800727,10714.1108618355
661.144610591834,2.27306149611701,8.43914424648978,16.019696337889,73.7948939448299,119.487046585188,3028.2148624885,7551.94713940375
479.877901620511,2.30317349947115,7.29869303427296,8.71428753510378,68.299887264587,69.2131427122758,2689.71324516048,3928.18208320114
605.124489144902,2.79120180499832,8.89998347062173,17.5624696664608,77.2803624103545,96.9637105323311,2120.93851556069,6278.50090895794
897.925627613531,2.23579010553821,7.94356428065529,27.1619596686467,82.85366773849,92.7387313640913,3564.9532919269,1226.60838604376
630.193220135672,2.33403127536516,10,15.2861235223601,87.7851341503676,140.481625814619,3188.58747827931,11198.2505921471
645.717872456953,1.53766655073374,10,11.0863848357122,85.9816913428602,105.086227625811,1773.20124018473,4460.65892123799
445.539440687823,1.72554230926896,9.88901828272536,4.68674916231063,71.5422676760739,82.3076031057427,2270.20657648655,5756.54090404449
364.763304950176,2.10656430107437,8.31912720177323,2,65.6558455506903,69.1329625535269,1434.37309801673,4408.12371660615
945.040340716997,2.24225860172981,8.8738545345685,30.3785752168166,85.8258519891015,148.115688521026,3885.97492170438,8007.6290312782
911.416279374433,2.94860055185434,8.98555466809588,35.5254314724356,86.2097781799173,137.865649129276,3257.69852082363,7784.55374162552
320.534451021385,2.95597744957169,8.07894287419163,2.96302537963632,65.0824665697009,93.3553929816177,2512.68895618811,8368.54541582049
769.458234171463,2.77679563121814,7.76053486742682,24.5096060754395,78.6830770083511,104.841179231782,2983.19944282562,3449.57552573113
988.315247292475,1.97339825292836,7.93037563567978,27.9120140809166,86.1398741055862,113.098259870484,3430.67914939241,3972.35329280473
857.955775257878,2.94604243624866,7.84040820976939,33.6669687722562,84.7862189669785,95.7190772568825,3203.98391477762,1877.76354205829
530.404459055405,2.53401129701432,8.12820923223377,10.9884438865108,71.0673046177942,103.932254321423,2701.78291997231,7710.60969030724
342.606862169055,2.0894101917261,4.85754573471738,2.33704996945639,63.509489659474,47.5057771249536,2483.24228463556,937.768400692178
405.026460089653,2.47727169495197,10,5.31782612312121,70.7475364714472,88.8015528335542,2281.8991552294,7074.50569075805
924.370925096292,1.52478409467979,8.96516932537201,19.7319852691121,82.8252645160645,167.033307222105,3566.21475618122,10066.654733368
642.93622761572,1.60118779183287,10,10.9363129799661,84.6464839042839,126.06187741074,2626.01961787893,10299.153631186
640.488964605882,2.68232593876669,10,18.9118479879077,77.6274578110532,94.2309969310668,2886.30680579173,5439.41536406958
576.317290914597,2.46836045530976,8.4766595060287,14.2423037383777,76.7660070015887,97.2043519640768,2020.44733138383,5552.34057034381
447.252419971792,2.04629205193783,6.65132087135527,5.20184429699317,65.8783642199471,50.5131775028528,2789.51687074179,1346.66101308819
667.848752653127,2.10321402297999,9.52721788350083,14.753731435803,87.7197738968582,122.428981344743,3227.05623143429,7878.41527987339
435.001240560598,2.85771322446865,9.20404641239965,7.12399046370253,73.4973124691921,118.799833400412,1819.2898403749,9533.8536241013
373.468963049935,2.44736716421863,7.069837492946,2.05849615766389,69.0352220551108,59.6263339160578,1994.35139603367,3191.20560065184
948.654708208022,1.96262646163194,10,25.597952696385,98.7647067092106,124.164974499594,2495.20071714852,5134.30969796701
723.546080404863,1.47615852169377,10,12.6309229002903,91.0375637672937,159.272851876599,1674.56515845019,9727.23270441797
441.208349982755,1.94062020243834,8.24976945616515,4.43702914253283,67.8385154591131,119.927256456623,2440.84114525988,10148.3251442852
895.923812402339,2.96751034919488,7.77858827226328,33.8892019775601,83.0920888522978,105.523332175952,2860.75861158024,3174.97978290649
799.962413416588,2.03824771476751,9.28735985653537,20.6842701015251,86.9692826254827,115.386907083192,3044.86688171896,6556.27697995501
517.645665747666,2.15960383446974,8.45631993807503,9.43214837922974,75.9037559193842,74.9399665964646,2729.34605497948,2617.4246569941
799.83250681873,2.24789704859552,7.75219267207683,23.5103569575182,81.7416002676545,81.3680162196142,2990.83015504386,1620.66640553512
944.905932801784,2.82615603442232,9.24262204554759,37.5358341825332,88.1809555160367,158.741956263042,3904.53948353738,10522.3255153115
702.751555629932,2.25310891386133,10,18.0430339246478,88.3615998140375,131.497862709098,3154.21189150965,9525.5825465532
665.537940867274,2.44672412480806,10,17.1334755354949,80.6701494439282,116.557156354152,3040.47166152078,8860.38391983491
531.614818704514,2.08412031382366,7.68737200523047,8.69275338894813,68.4843121094221,48.0424852695786,1794.27055766419,1036.42950694454
461.969560080358,1.44297619584775,9.76074868377081,4.05046053839577,82.5961826778681,120.835987168025,2099.15305698127,9781.01671981283
604.365241292424,2.83227280785728,10,17.5374566308788,76.2129380581031,87.2324437979963,2986.65547694064,5318.48483495922
738.11164656582,2.8197458491327,9.05475906959342,24.4840275196136,88.4645484720324,89.9308431537056,3215.55657276649,4266.34635625446
559.322110373005,2.92372958002208,8.14271856943426,15.9067201056294,72.559452349194,94.1421387050909,2757.08101258661,6511.23997127914
687.974420774653,2.91553062997007,7.46889761879732,23.4986254529521,78.3648323789808,79.8084105275053,2844.71815632755,1504.88566995911
514.175141906575,2.72286291160434,9.09661245906146,10.5144621796244,72.1177749267764,118.889020949243,1971.14312701209,8823.11204287639
785.8887824795,2.30873512227226,10,22.2741500386619,96.3276625110822,136.010931620024,2308.68827420364,6906.78584577125
788.807683761877,2.73733928310845,9.85125744342199,26.7544078929539,82.4435017816672,72.4461766262513,3347.69894715237,2552.49106560484
638.999007621292,2.37510504067098,9.89799760588437,15.6304422087759,78.5569814182557,65.1260329544663,3017.00887312485,2570.5541974595
392.536246041725,1.70155442083804,6.64400116138961,2.86603572512441,70.566961628019,66.5072179840428,2675.2735297382,2526.73516729942
313.028942992796,2.07702762625173,9.38387025480394,3.99094572167142,67.3040556682149,44.2784045808757,2277.98998335548,1127.02626307127
582.692580049598,2.87111978999929,10,16.66524649277,77.2294276130209,96.1842565114548,2356.85905897714,6965.78294308853
683.626591473425,2.02670672039348,8.70207398111082,16.0508063305879,75.3257939723562,144.738193319645,3063.14817628154,9743.82995347359
942.057485071717,2.80174187059705,7.52020850546286,34.3730175146395,85.8754735499572,79.724859163596,3493.89476648148,692.480353861275
676.259330285181,1.62845818040801,8.89064690731308,11.557747770562,83.6163989084299,62.715246926867,2498.49714953963,1039.05109468401
411.178205967863,2.0012757635632,8.0093910134075,3.37952586006282,66.0140479456395,93.9241190473382,2330.4289399742,6800.4730435564
514.60538977085,1.89789417418251,9.96507118969346,7.56339676467892,86.9333059492427,115.118797639997,2720.29268927843,9514.45253924657
964.068637949069,1.57740381466347,8.08382511345424,21.1547528672281,84.380494004946,104.684217601657,3646.18265245445,4094.12779625497
444.229175209064,1.63000835956889,8.66706073967854,4.67767587552675,77.9627370008767,68.1829504077443,2772.35412745753,4345.75838688494
337.15698673737,1.78974781668266,7.63296593026983,2,65.7855300280707,89.7396800562263,2549.38368652975,7059.81147246454
975.678973130305,2.63555361596693,10,36.9759021768155,98.8362688907962,111.880854471534,2118.03038656589,3516.34178036562
704.622918376741,1.59510298490971,8.195943000194,13.5841517357127,76.4711341157624,52.531453684917,2215.41186043577,792.692026854525
710.312796533597,1.94805135201658,9.32156173310172,15.2970830814163,78.9421493327261,125.386983971778,2241.94074926024,8587.51369911756
397.596907137963,1.4220467235342,9.02504466662578,2.90592703283604,75.4972878993627,110.177606441233,2199.42298719976,7382.14904235598
371.647995715467,2.47044149491023,10,2.98627106990719,71.4525353282981,88.7902631866603,2068.12265358539,6888.31598961225
259.110342435997,2.43045463506507,7.89499310964774,6.05327097100466,63.5207264100173,93.6884001717386,1923.51620483127,8658.52541891005
418.52075445934,2.38596925940836,10,5.86142875276271,72.2772647387111,104.235229135159,2207.67990470962,7927.53921318241
687.095245857162,2.06157417707193,8.17023532721089,14.9758497978702,76.7895193184742,69.2312044091807,2284.46586512327,2764.70186996153
420.019209382075,1.74628997585703,8.37116474468047,4.53111178580861,76.6772866413486,78.8958212516597,2150.41039005292,4377.29151637686
664.551641797438,2.56018901873671,9.9954320335259,19.0077770226475,78.4122025023859,55.528227670077,2733.12124022479,1887.21155846487
338.167892878598,2.71667680911104,7.14937098564174,3.68164052974803,64.9358608710032,47.4166549182963,2089.69971818136,1928.42714759669
788.352374282735,1.7079022471473,8.43382162148776,17.6179992335745,80.9961846499519,133.723575955637,3320.48219714533,7938.15320992193
791.581144955704,2.08238488511835,10,20.5906899989545,95.6190680027368,127.034941625398,2774.84068193807,9944.60117680748
422.405865642068,1.87307352296829,9.23271632409723,3.50619187813236,72.7259761835864,114.812993086933,1541.59471640761,11090.0584224725
488.185313649134,1.69804906804597,10,5.57967071595374,76.3987415296232,97.2302763578457,2434.63655091086,7411.81829304389
450.543590232607,2.55769426928621,8.52364857954716,6.98603512493281,77.6031567800581,59.1103282771548,2331.14255915535,2525.11455697053
643.849994532001,2.25921002197233,10,14.3711403384757,86.9483826238094,86.5750643844153,1850.0475342396,1662.15379993824
544.947071065413,1.824277998568,9.16953376287587,9.22073424985784,74.287065804325,115.687454040549,2099.23941801874,9441.36068690434
782.541732166551,1.96500001681732,8.33480435464771,18.5746198103761,77.5878543325253,133.571419897277,2606.72148218473,6866.32123995999
493.210480032548,2.94998050699161,7.8132013650927,12.1344261896019,75.1440870633707,100.575138132288,2203.59157530733,7301.13523115092
936.158091433041,2.77301934706284,9.02782859296254,36.3231099843941,87.9516180576498,156.334076364672,3120.47491434093,9096.0829763018
840.487400073474,2.81992011430969,8.55282736509498,29.2920861366718,82.0820831312986,138.609502060176,3669.34495300355,8236.04950505697
661.268747730568,2.19001814562106,8.59787519447804,15.5978109407632,75.4873394746441,142.031149176015,2572.07886978898,9679.04078141706
866.622824682153,2.43571089588131,7.48606479449919,27.9861509786317,81.7070974146306,84.0086618637397,3788.56744482282,1118.35296005866
669.386755507329,2.06515161030662,8.43446680518421,15.2563738087024,76.1376246137258,135.193750673501,3230.23542755461,8722.72700421155
865.724713259659,1.61656796353334,8.79000101678135,18.4260106429656,82.9890930980233,148.854260283114,3304.96220438697,9859.38033054305
874.011979707675,2.00578434194258,10,22.0846996894772,94.424388298806,119.307305249574,2478.86682102206,3647.48546704146
319.218669666131,2.39097112981072,7.75610762493614,3.71189538380818,64.0183974607302,99.8444839313894,2219.59661793238,7544.92001392578
709.673074360885,1.89889351214252,10,15.6493719673425,75.3273294407778,75.19627932026,3050.9882841979,3955.78270220669
755.542565787024,2.56795495910085,10,23.9574749265025,95.1237229763914,141.912677644417,3185.9151526053,11037.681731307
925.234785645528,1.70792343711231,10,22.0233187717682,95.4736338915155,92.3485654516588,2421.46711217858,867.659296790541
356.788216574229,2.05069363415538,7.71063790821483,2,65.7825068936899,80.3717711560739,2001.89588864167,6877.72128216251
593.321506222817,1.66112828452379,9.00178051104354,8.73339858193204,80.7019342910985,58.5488292758532,2928.72420586281,2331.53901754467
965.926059676491,1.88771449713853,10,25.3543430662217,100.634788659502,142.998611802866,2488.38756870126,8334.42225694875
728.26589048914,1.51202895389906,10,13.5676013916656,89.2961340108617,88.7905132770887,1956.28841531121,2434.79311760528
710.013911132713,1.85968434508708,8.87722596420165,15.2929136366948,80.2403021851886,78.5306309334381,3403.33271352746,3089.21588088193
653.316295941594,2.10110288267053,7.78115967824949,14.2333947494952,74.4725932277266,113.423911521227,2587.75757883773,5938.07892150334
651.276345974637,2.21724804491504,8.53827477202877,14.5647425131486,76.9629713105845,150.071725425846,3301.68272097948,10563.1844499657
679.855830169484,2.31554453771271,8.31268590492684,17.0521522775515,78.3324182012772,63.2893448494497,2253.46701600736,2828.85809362768
904.579032850849,1.86260329867405,10,22.496333877038,96.41295394998,95.769360842231,2450.71047063802,2086.64023229914
694.488593926147,2.20033072302529,10,17.0190921324575,83.2760330719539,117.495031968619,3348.24616418896,8848.74515039434
765.013418944081,2.26350693234309,9.08283251857069,21.4504152679412,81.6951094261729,97.6769849915668,2498.06804245983,6006.81485567324
691.267209137099,1.97426707631431,8.58950730203908,14.644744694638,76.8560010856279,145.838447592772,2858.12466637702,10529.6362361995
415.992492491844,2.69696581740658,8.22165459994326,4.7164939291435,72.0282983933308,64.8934103860197,2552.98067317291,2112.76012875827
966.303722130833,2.31846168989035,8.73306467016805,30.6155641693091,87.9815919794264,127.169120579645,3033.07917513665,7605.20682325343
388.618098886177,1.95761486772607,8.76668139973507,3.70059361927333,74.5332209527749,59.1485413277333,2315.97251876109,3061.67060766997
641.114633788292,2.87769185737356,8.82841730625754,19.4095980407908,84.565567267166,73.928784182569,3266.09653061822,2224.36471516803
565.231500020408,2.67520861162207,10,15.2645157951976,76.3104322008311,104.687349453625,2488.27603246994,8017.72356672998
679.117786898028,2.9738817173277,8.3742854791245,22.5231981572135,76.7686978064925,121.725529961742,2480.67942849529,7030.53081899607
349.842281679536,2.53835081196813,8.27684212145256,2,65.5010180888082,101.447409872681,2376.56453302796,8803.10204198564
560.186108220484,2.06733435825907,8.43514385629482,9.72980361157666,74.6383264478801,74.8414777398693,1808.88597430599,3904.08834090801
726.175058341917,1.85176987649595,9.40411550505107,16.2469270306593,86.7877044490211,97.2843948855935,2956.58814761322,5427.68822020409
653.769244807337,2.49497676551172,8.86452734408907,17.8976012081084,76.9349259797095,80.7418915730294,2115.15414763361,4960.1884396346
867.659106509227,2.97122487374296,9.44881515061841,34.6750983222381,84.722608812135,162.981555259938,3394.68848528746,11324.9841036317
548.016444970707,2.40230498780671,10,12.5095065325775,74.2221779784459,72.4407941180269,2665.53703373663,3714.73852413327
449.341991907067,2.77840450400741,10,8.31900559065334,71.7788550524816,64.3652274149101,2525.39042546,3742.98962181444
291.735718961741,1.99365514657165,6.98492490319737,3.03623027919731,63.9949072616921,73.6006590875484,2559.8632314813,4400.03029711468
504.538017283048,2.01601654919327,9.44086763626382,8.58928087878694,81.5294197775342,93.5595694434504,2943.46171501889,6710.53489419354
259.981472868952,2.85941285938403,7.05581554078906,7.20217358258692,64.4579672236953,50.8499909345754,2297.84031229878,3275.5501869012
323.869561243398,2.63530005293673,8.21429877302566,3.10891687845566,66.1456493218055,113.714275288274,1992.54761174504,10568.189344172
772.993350349064,2.84496313400741,10,26.9741337162077,94.6922774929449,101.36293612564,2079.2541911788,3422.5412135289
509.302592835958,2.47838770667201,9.98379212029616,10.2457243806399,82.6134791799247,120.155832776332,2953.37294938848,10353.9730471621
322.147715498496,2.14311111509508,7.53255206550588,2.19506906500148,73.7096195464421,58.124017770565,2222.23182446023,1638.22570011243
856.171053733852,2.29660202973354,8.52428771341754,25.9154615444163,82.7350762057989,134.274250036349,3794.02437993349,7722.18972639618
574.842127926618,2.85077323869471,9.37156712140212,14.7836398870083,76.8207452272619,123.796507888757,1987.10920769813,10476.8407028207
339.052152010456,2.28176937869147,8.2387512225345,2,71.5987152563789,58.2768258955795,2572.11299249651,2356.24382238052
771.58152623022,1.88309606124667,9.93245173518972,16.6502845688874,80.5516098805677,144.493768975415,1926.95255806989,11151.5965610918
349.69138947543,2.10424433489033,10,2,68.5343308477359,75.9344866139985,2211.81099992124,5481.71696457063
727.417075618668,2.10915207994865,10,17.3614220010785,92.0518894018088,131.289296326636,3203.79040539498,10902.8661928513
300.154865957503,1.5579451349436,8.87099782872903,2.52414618315865,76.5096337311156,93.2178647797382,2449.79663781771,7945.02047993052
952.912438018153,2.4908302014201,10,33.6777288629519,99.766050556985,111.944899456199,2456.46339172104,3817.45556860907
309.859866102156,1.62837449278084,8.24713149084336,2.1701898452732,72.6680321061663,65.6101138986185,1994.39305169559,2571.32777408817
903.124812756846,2.00619390000154,10,23.9431397943317,94.5974482804017,111.683188604191,2576.52390613079,3841.08550847609
376.591783955089,2.70693366231061,6.81736669728972,3.2343774470093,64.7029442713087,43.6547022630409,2444.02652416204,1523.19150188942
669.10840006816,2.16315197769359,8.64888565901127,16.5790654794712,79.4769525473036,79.6217250948494,2544.81864811173,2082.54762977663
760.698082169991,2.70599223952528,10,23.2764930064796,88.166492019973,90.5420983904508,2018.2520300602,1651.26484381129
674.817772816145,2.01282198308417,7.81824840964117,14.5603776339772,74.1580493039241,107.674949427361,3054.20896073902,5152.37898115714
518.627343388377,2.93645444099765,8.34973396563976,11.5785281366881,68.2762372761187,113.46814594369,2548.61905695145,9251.36213883345
335.626342660682,1.78313111498892,8.00802536924755,2.61807569736335,68.2619334890733,64.4287327924189,2501.51631431567,2055.21909637974
761.060217980609,1.55739621748395,8.04828153449353,14.4011644762298,78.4271126122885,65.3651844951212,2145.51562424712,1933.52476489569
325.487017895831,2.63128080009629,9.32361968724016,2.55372748860104,73.6365590980474,101.903195592116,2328.99156148879,7577.71844469064
417.76384722003,2.62830407392561,7.46262548848125,5.12751706280536,69.6009773792644,55.4401983477984,2172.62829767253,2669.01280164873
661.517215425398,1.82374093309259,8.46908484569258,12.3980492371075,80.579917042985,63.9858021718888,2863.13580212002,1573.71041919891
787.636262677213,2.97711241070501,7.6981353166915,27.2847988650224,79.5385023589535,88.0722135784786,2911.97414159577,2335.33436026135
726.031716107352,2.25342019390279,8.99419599274905,20.1878936549818,78.5321207561203,145.443328583399,2807.63834644483,10661.0453546445
915.681836488609,2.92659816021624,9.01124074297698,36.0582508315136,86.6762994938169,146.269354709601,3161.80701207966,9536.1837805381
692.147352394363,2.1748660911843,9.07766968161817,17.1351095836286,83.1036006811418,93.6058112511711,2479.84437540404,4394.71018590603
761.347491977184,2.20781188015694,9.35290532561291,20.0300627358238,81.124185678061,111.6089780764,2039.65758547916,7714.02844060132
488.082555215539,2.11565139952807,10,7.8415343229796,72.2252396477972,83.1218548293951,2507.78146690718,6410.03241034842
553.125867248663,1.89621212961757,9.58001210964883,9.06151547922379,84.6944682992075,101.67308229674,2338.23563600668,7948.3668983082
745.251377138429,2.0702272044527,10,17.8779104080529,94.4870916791155,131.308029301562,1829.29913073902,8009.38267709035
428.540910925684,2.071109461896,9.35656032361746,5.32802008600598,83.3341264088937,93.720863718798,2774.71650397235,7416.07416565992
675.516480768804,1.51070717958569,8.82497441417315,10.7044487263066,79.3036088974999,83.8601863175927,2911.19218412037,3427.11505391039
469.825922508478,1.88333389167049,9.34853719666021,6.22739695647088,73.0359010871272,42.1345914156204,2484.65549329704,929.070628390999
514.074720996176,1.75282615663549,9.1135241434181,7.99651402216891,81.4222271828238,88.986812553658,2395.81429736781,5511.2346018912
501.836828812014,2.68092891795493,10,9.51909407319802,75.4293210877019,114.258689947665,2595.5693484247,10300.7127315977
656.330612823373,2.29014988839071,9.63705885207446,17.2568686216083,89.6515066607505,97.5534774311963,2967.8526140548,6764.46984370434
758.89781305534,2.43264145447966,9.78238676608617,21.5496509043258,91.9462227331847,150.518709229606,3047.84393310781,9656.30145872099
633.378030653689,2.79571897729534,10,18.0743869162201,81.4092489193076,135.447589387162,2731.43427401017,11407.8677725735
815.053908632981,2.46605890878961,7.50706725845,25.3077713454115,79.4401105815044,85.4055768294356,3341.45308559582,2299.77824552104
911.682045895553,2.67245093372908,10,33.6222999803148,101.966802087224,149.675530335486,2560.35535810216,8109.55403056181
620.485662061069,1.86379070949356,9.49392389891127,10.9444214386572,86.2818926994457,102.27111799339,3132.31828317833,7917.22931070027
330.305178558907,1.69577257064568,10,2.40603239930451,72.0949228070709,131.51114783907,2018.71033987816,11279.5099209411
638.265434567537,1.80654375532832,10,12.8684857405519,93.208556570527,155.413225780592,2086.45664738886,11341.6080734808
318.958472036817,2.20619912240371,8.72246538516364,2.45609896413978,67.7952923142632,105.535650752069,1346.04068684159,8053.46472896542
409.885714172212,2.84304231427888,7.21465664291867,6.79615170023966,66.817161364139,56.0049183805616,2471.73232351912,3179.76271180414
930.341373735586,2.06836068583874,10,26.3548830530876,98.3319865981672,161.610209287261,2281.61559690496,9284.11421943659
456.541584675676,1.93827149912703,7.6742802275269,6.5877676614193,72.4876257206767,52.1014398177701,1849.16893865729,1677.32047632142
492.080091546241,2.45558618196031,9.79632926251795,8.45501578950107,80.7536730448561,106.015235071818,2624.1014736458,9087.69234588792
568.316987928762,2.25874790570861,8.65176258298243,12.4932166340908,72.8200752582483,130.660675643782,2928.98353013026,10512.1573655917
718.451722658327,1.67476044206024,8.91645769675534,13.2095115100724,84.1944324755845,95.1640183856848,3191.67996459906,4711.16734245279
632.52405619128,2.36522968138688,8.81713730809406,16.7260372730193,77.4304195182349,108.183330470769,1735.15280591005,7436.98824481389
433.401891046126,2.80459434009622,9.86411312425654,7.52749343681458,72.2937696742386,82.0943347318089,2679.36300862432,5231.57005306509
646.816593075377,2.58029070718592,10,17.4367353268491,91.1868376651074,119.038612710362,2135.22355556715,5315.41560486941
308.029411340057,2.30257869859181,8.15983100684744,3.0766908919812,70.0517168824087,72.0162006611522,1905.10973858992,3914.07978018932
687.453735411547,2.06562476082748,8.6595758494162,16.5957550769233,76.2170991895475,149.214406800878,2811.66489777116,8883.42582495357
446.298221811971,1.51309678926673,9.83868535615056,4.31934325398964,84.3898117740686,125.266921243038,2752.22351218111,10797.9422058316
843.126522252824,2.20447338499744,8.8677620407476,23.5500879282686,81.9793118395819,150.634519729128,3200.41171549223,10848.2594515791
332.000041376193,2.57506193920683,8.16190170356457,2.82639271697776,71.5486295202319,52.6484617524004,2403.46953175617,2422.59413362427
297.679722411457,2.04041057959952,8.15648863425222,4.14276397378002,65.4492078180348,116.110843666761,2234.23279168032,10122.1801462222
390.540351153971,1.78667427532825,10,2.69525017829874,70.1464245932238,111.06035808385,2746.00039623579,8611.74585569834
615.991046491653,2.81785376431561,8.56043895824103,16.5974579515617,80.0056087130922,86.339433677051,3232.94771362376,3281.21140759318
846.31591959205,2.68997791526226,10,30.6199219474018,89.6655673025305,84.6306434338921,2010.76562144589,1240.13074213666
575.382863186077,2.40092617830825,9.03240115358021,12.5015271677441,78.8749635544699,66.5754031972298,2586.54972307012,3447.96993572816
425.25071234797,1.55548493963923,9.52375057077787,3.44806370075461,78.8370860335821,132.148529169741,2359.78863824147,10534.2906045968
379.891891926556,1.71736326060926,7.67747353358422,2,67.1182085205995,92.2674621861239,2047.22667130611,7464.96542385349
348.344858168871,1.53855554083028,8.84580380140985,2,73.1845005658606,106.658488348226,2214.12583908603,8431.60126987659
329.261211315319,2.42444500033911,7.18217719637513,2.28632726390165,66.5460080081807,62.1552779394534,2503.99595034022,3328.67586220005
748.85261323629,1.57948888784352,10,14.1872718874157,88.98805439071,114.792359676976,3420.27657110827,8413.26971132302
789.845873217914,2.74529947860421,8.43853016435178,28.6461199483641,88.570285065372,67.2118364003234,3559.80750582855,809.336569057161
876.680854974103,2.98944750272898,8.13340166981061,32.6699725565983,83.8405680432594,109.243733970168,2809.80881100507,4628.53480350315
970.888152208197,2.049522277063,8.96285405944237,28.8716057073745,83.8145786103771,137.072265584482,3826.88614080028,7394.28683396564
621.370950200713,2.14221761024708,8.48200867199509,13.1932849931356,81.063825577937,74.1775880118499,2855.71417114055,2107.06222095452
316.598243052735,2.36310546744548,9.20030756021693,3.73118056643986,75.7341513591822,127.155351571906,2046.79070800368,9553.03931891628
798.381292493204,2.90572950948865,8.71694829353305,28.1873909355695,83.3177972450971,78.6745829231213,2268.32738546304,3085.34428693111
349.476150843267,2.84114066033458,8.56863113296988,2.76736869423859,68.5087015375215,85.6920580017289,1802.3437801353,7675.09224100291
641.32090072253,1.55362111205227,10,10.1301919841203,76.3736692663815,89.7770934220316,2854.28265706348,4957.16856832863
738.492671076177,1.75360770383515,8.37286064301885,14.6924784898152,76.6834378388585,127.008562881646,3554.62030283473,7056.47955025412
495.99055645348,2.60238424359502,8.79072023339935,10.7661151708126,74.4499139398456,60.5422598793425,2702.84141900451,1681.95607891799
876.076964680328,2.53333966204867,7.53329532776959,27.6351011577378,82.5361643730505,82.9895093759881,3334.32406922173,686.040799137681
774.594939723083,1.47661480666419,10,14.3400971134306,97.0558069963045,159.697740214053,1979.68003817778,10505.2087011833
425.273029465564,2.25309687300235,8.22045944098068,4.65802838818531,71.7922160656449,68.7088343589204,1488.25746427457,3465.93009643901
467.223093439162,2.5017516655478,9.95207019885742,7.77546025579074,81.2837503957966,113.152765496306,2668.85964289654,9516.44703058505
470.774058461588,1.74062560094123,10,6.22617719445485,76.9360503104982,125.733407456058,2621.53338024916,11492.8533051942
983.729561803285,2.70778558786862,10,35.802919407975,99.8472170402385,96.0860241889583,2448.83273325953,2825.74383798802
929.514555573208,1.57945766223055,8.36860074439586,20.7618247987299,80.610297534545,104.334913227375,3447.5943242496,3416.87815301691
529.2743857397,2.67329262760211,8.85359865125397,11.8983894011577,75.2736759137397,105.598835600703,2192.6941066053,7791.45766398132
399.910460170682,2.31142959277169,10,3.89197117539133,71.882983985034,127.166672143314,2275.83212705011,11119.9349806068
705.508055131328,1.97279901998152,9.58413798957843,16.4904590213727,79.5081086783585,135.145377567214,2236.32309144339,10573.9578300982
305.013865062931,2.58139882251287,7.40483203830947,3.86671125264436,64.2741739188712,88.7069289409485,2307.0363611668,6031.63072072143
684.184886856801,2.36454618063905,10,17.804298105353,92.8934540018479,146.557096349994,1814.58675131849,9246.21310779397
746.40535673606,2.82857365868081,10,26.3413443236866,88.7385509449058,86.2666936355625,2324.70744413321,1993.20438409891
740.174097925995,1.9554747929343,10,17.0654162960487,83.532623150051,144.125901837396,3308.63170398493,11251.8200262441
365.893334317055,2.52902510396993,9.33927090919741,2.19244584151902,70.3807738950841,124.422864748238,1451.8868989822,11107.8855743959
648.89367714181,2.33478098239459,10,16.7896831876255,85.983921546838,93.6545120779843,2109.36920273911,2301.01853667088
546.987494152633,2.28780910418563,8.34876974683596,11.8004815614068,74.1690361550509,74.3749147030906,2219.78074945487,3793.65437283417
746.743689382786,2.83562471123256,7.44561298900834,24.9691824433697,78.6571064599523,76.6505340915929,3349.88124483658,1601.70497257444
584.36397082408,1.5047509712076,8.06159135780685,8.34108498572943,75.8208521560354,68.0471532332783,1984.24680503468,3488.89358787998
525.818342341612,1.9231674091554,9.1807806771529,8.87910666401382,72.8460415391671,113.856288050544,2222.25049741855,9475.51368356727
517.479553175608,2.23570950145416,8.83637433578145,9.60788575226646,80.0356977558682,73.6695229685843,2300.7893972437,4661.47167881785
355.986485243497,1.74575389634311,7.86237657324221,2,71.7747481040558,60.1972762620457,2361.83197769756,1472.36663861434
656.419876099936,2.70924867279171,10,20.2936044338118,88.5636693893963,107.669473617685,1763.06698856647,4264.48077256795
928.43143097874,2.12245622925384,10,26.0100969091971,101.90740403673,168.633919791724,2339.79183841372,11295.2166766541
742.941368785872,2.14822744851629,10,19.0376910282694,80.2735617586596,106.537946310868,3460.97903913186,7426.51954785123
332.139236509838,2.72205263859998,7.4272247784519,3.98314223028274,64.1363007321249,74.8915753663808,2504.07038460403,5077.77041046774
645.384200609908,2.11289136555173,10,14.7335653679899,87.7063788732432,85.9724680284,2062.34335897319,2331.92364846997
326.708335967255,2.11688566420547,9.47818073252457,3.24235007471002,76.3316499781736,131.413426692713,2176.22541042812,11347.9447701206
462.904164809664,1.50412649333088,8.14954833152443,4.45430269568975,68.1803256748875,113.751614031266,2908.06324726324,9529.33910189442
886.141285000082,1.95646202695054,10,22.8609113895481,96.1657276582023,108.67446808988,2187.7850032047,3596.25032696011
749.123995681282,1.68105212545934,10,15.8911142233718,86.9528178870024,94.8899622092674,1710.8191276972,1270.75565293308
639.83793374532,2.52267477388694,9.66577382314203,16.9372011043057,76.5587754775414,66.2441542372435,3044.81093711311,1122.88113115314
656.479407779763,2.2185404384636,7.68821337639374,16.0593747126052,77.2140118635192,60.8631441883115,2062.72029862397,1824.15964456087
767.671140698453,1.8629653598884,9.48744370134314,16.9537741368489,90.2445622271896,105.487412795619,2739.09493125862,6888.45441975864
272.705773242288,2.20174850905761,8.32368019614834,5.43144889320665,65.3388708770587,118.20030282712,2466.51122517165,10716.3976332604
396.14586161554,1.74230035579972,9.22526149845973,3.14661607815217,76.4980124959864,78.7042235699939,2536.4702876001,5964.17770806583
334.262993798494,2.65247098374991,9.17086259102943,2.37973869440022,78.5580420418667,115.693964947572,2597.51632207021,9772.40030701817
553.797876667639,1.58095894882637,7.85466549311169,7.78315719181459,69.5287334998455,81.1408406986813,2776.96092807723,5404.75281845789
696.293580016784,2.64340004787506,9.88269342868078,21.2493031326503,89.2161623618004,106.902347238102,2555.57787049612,8294.41900344608
587.32103531092,2.13780793684581,9.71165701695544,11.0727988651049,84.6968094678109,114.036882435612,2349.17572456304,8550.60011015151
341.831705025592,2.40399792857402,9.21588950800913,2.5130121746712,69.0972526528772,46.4168648999949,2592.71171339443,2413.60076493673
709.324943461488,1.84465132698026,10,15.4127634341412,89.6898510843035,106.137872612328,1703.90841927767,4473.37664873393
448.859924029258,2.80234106753898,9.47859649609707,7.11502289957871,82.2620609864575,100.471686165128,2589.4437676917,7510.32372191826
580.371598007709,1.90639870634046,8.77523420734082,10.9406527814812,80.7418061088117,55.4810514223039,2601.65052063237,1277.66269002803
429.021947018358,2.29440056143328,8.52078006227304,5.07195896464855,73.8219910738638,74.5977328524266,2641.73772039567,4476.94206539252
336.479931956477,2.91060275489698,10,2.4596028574543,67.9203189113394,87.7501233736,2139.69773594693,6382.79412909312
905.766805648655,2.82164159457517,9.08427843593562,34.5918586654792,87.3584355682269,169.918418538452,2850.77922034101,11458.469423491
449.540105827706,2.24957220273191,9.83639539450447,6.76476045740406,71.5863998653604,81.7646698398721,2711.32138118554,5719.86918884685
408.330961958155,2.98556178445082,8.04332360044931,7.16480762737762,67.4232383639629,118.916074885716,2255.22905953971,9476.62432825756
694.683322243807,2.55205479259892,8.15785486746105,18.7254612848409,77.8563689948112,94.9788847215239,3032.28800718974,5252.7401357328
701.27415169729,1.74309483681064,10,13.9868892203867,82.4101002406571,122.22988937621,3250.38818853115,9260.2979488168
582.765938462029,2.00930592783412,9.39478756404945,10.2371303433418,83.8051735856634,95.3564540870283,2906.94521006429,7049.56281782119
960.634250483945,1.74520326151441,10,24.2336320666268,102.94682464216,156.870052346412,2221.29745309574,10252.5498565264
547.735781532667,1.94854612726167,9.22075761836566,9.20297189159578,82.4557396996439,84.8524136226192,2936.34996008439,5020.36807585121
770.71283590894,2.6406846590398,9.11307912647459,25.7748847093151,80.7739002136421,105.552908174031,2639.95187259405,7147.34861803627
745.934102190663,2.37639439090919,9.35839051450031,20.7845355970959,81.1217486119448,113.0848609501,2252.60095943701,7430.2054868071
451.760949760732,1.55713906738429,7.71449196137189,4.95053015705981,67.8867273433708,81.288855299101,2658.33703358962,5091.21235980521
766.946719074932,2.81617272547646,8.40825581947365,26.0019278561727,81.4777316565577,80.8346028440296,2505.58151734721,2087.4324805623
763.081061553093,1.94519421072025,7.45915415207411,19.1022554970304,75.9948294795311,73.8168785036129,3439.63412420553,1529.15347603569
746.256865081685,2.97002278183343,10,24.6203822024084,91.3268637447106,76.9285008279075,2036.65103755766,683.387056595964
665.917282957113,2.93128609550218,8.71088011372416,21.3764893775846,77.1144728401265,146.233795299327,3376.67780346787,10108.8769066974
594.600453381927,2.85061587003791,8.90843240406683,17.4194700962816,83.687088833884,71.2794838020035,2376.7918815849,3101.22403462564
502.673389475127,2.71669140609596,6.92005279780826,11.0254250014122,68.7408903423335,55.1276168732213,3026.29221075456,2826.57424209945
909.407676096841,1.63417873168087,10,19.4648788288886,96.418348160202,160.987865647115,2029.06819405334,8596.38940468672
374.908143023052,2.26044002053758,9.8046226943134,3.83229935481613,70.9041861456539,61.597992110317,2322.42156674866,4020.17724396131
522.07953615625,1.83645394023746,8.30342387692912,7.52544419521418,73.5888531347056,99.865315429583,2168.76570417887,6066.4916165302
311.902124232871,1.88951318338342,6.85693860280263,2.47012457492475,66.3399398996094,50.3667757073463,2064.57034954692,2287.62171827202
631.063674427124,2.19376989621821,9.9604821087623,14.4936730142279,83.4271958245088,144.006562142257,2542.63041610776,11057.2029360817
705.281230347619,1.5612503180296,8.80835261211193,12.9146806464805,78.9097039814554,156.100022787717,3090.60103211452,9867.39540018961
961.66547358243,2.58485211488577,10,36.0618321394164,105.327991248018,166.945343660189,2553.03953047113,10001.685852615
730.722125981495,2.87800975886695,8.05772973316707,24.8636243620164,76.5559775333299,122.960803920293,2532.84383177838,4974.51123429206
751.990793200886,2.07115135823658,8.2496660996882,18.8726584921238,80.1253758363772,142.059415485877,3073.4913190873,8885.9733507789
547.81721275285,2.27313367201037,7.21810452730132,11.3258697906332,72.5959518162463,63.5416700945666,2674.08628923437,2082.63770928758
529.233805072862,2.19372874723005,9.2473591944238,9.53250876174622,71.277741086957,48.7352030270083,2400.49026645895,594.809028509583
311.997972900037,2.81483327148025,8.038352076821,5.33500823316341,70.2339417950167,44.9544981519957,2280.77711629917,719.702258358309
423.105187920926,2.53290281447417,7.9188613639494,6.67545224674029,68.5893148744644,94.3442399755589,2168.7702833516,6952.61911145017
342.271667690062,1.82914744015778,8.71419084756469,2,73.1126618322387,92.9514612101788,2140.15629902543,5509.34395772735
792.672359343655,2.114213341842,10,19.2990760694235,81.0673537520898,102.34147749905,3305.74115505376,6198.16883799372
594.055785227801,2.13825025541233,9.54323571893781,13.1307351319602,74.3559052534188,50.1149166025942,3070.32723268864,582.094544589413
428.266308805489,2.87594212783976,10,5.98075976714918,69.6094221794882,77.9752799571541,2489.59800311797,5149.55281623168
581.858839773809,1.66425494334061,9.82729126047784,8.8527125923598,85.031889427454,113.810756414975,2374.38767719455,8398.74977320947
338.433551690877,1.59779811485221,10,2,71.1716608327822,73.3076259722117,2438.79196171971,5369.63072164179
929.961956494086,2.82092824824254,8.93212462687821,35.0169233508619,89.269257749994,147.258680664224,3816.22835430664,8554.41126943444
973.864818852457,2.84502898425881,8.06065074503598,39.2352884347283,89.1517465411888,103.836286814105,3531.71519217875,3063.20860836518
949.777755282464,2.47615070769541,10,33.122875563517,102.474362878096,164.693567414976,2394.7854049981,9444.56204929898
736.703040919425,2.06892184807299,10,19.3488837259468,94.7069766093761,132.839463872214,2405.17667174177,6972.74364498798
462.884059821684,2.44283850346685,8.7939030064813,7.11348511237591,76.6533309074659,61.9756359772239,2659.61239337657,2818.39409372897
662.280663925705,2.34504457134148,7.44956404202264,16.6174565663575,73.9917188220114,86.6614758913582,3152.8147456224,3103.92523439216
625.700179350458,1.6041717390816,9.0337984382951,11.3313222834095,77.6387442432751,110.658179251826,2087.48480369391,7408.33511026491
567.452392094898,2.2400840486981,9.8712090195147,12.4272209341483,88.0142069222296,116.01197905125,2458.82825430571,9629.33552533688
410.771229964569,1.52042122088415,7.22613506530204,3.39779923182087,68.7056765822768,81.4470803680579,2267.44640881323,5071.90560232071
967.670833667147,1.98748111433563,8.20415929856149,25.9471814417522,85.9293809172953,108.594372755373,3702.81041895988,3341.30472040351
383.939450541423,2.65600552266653,9.57892692013879,4.59875243354425,79.3885132588408,119.154500639538,2375.91025881417,10037.1276760166
304.833133345091,1.95606790445371,8.55721288263518,3.05843512143859,67.6820846876887,103.033139795609,1570.16858076919,7861.95120925918
275.660758242268,2.90973996396637,7.20725604902966,6.55262644099031,63.5503858103298,70.751501149582,1817.13568848413,5428.94036011384
728.180003239579,1.87520093572387,7.67961285860709,16.5496061268161,77.9616319826003,110.366124022197,3447.35704433926,5866.90214807232
661.64994224221,1.9718433606923,7.31062794048961,14.2659281590763,70.2538107016648,86.3266016362309,3218.08003780448,2746.82114730036
551.421855321568,2.44261124465783,8.8078837877805,12.5307345102832,74.0788643112539,107.179875925948,1966.01608400236,7394.82893071328
359.931659331752,2.64244045918394,7.31495291604319,2.99382037955293,62.3130540392534,73.8988571543165,2459.79189104953,4446.16761597178
313.169052823846,2.25208165200733,8.63507430978473,2.55334988760084,65.4457203649621,128.680878531157,1969.67861037252,11452.0969434178
675.042037474331,2.68714318031039,8.93221241108387,20.3135650299813,83.7184929098106,98.5829972261975,2889.83627519376,5782.01866788077
721.557964181386,1.56036063241593,7.96655404175594,13.5434701130587,75.4839884319291,107.16166604469,3012.14729683546,5844.74166808575
643.802550496897,2.88329225795156,9.13731547854144,19.0327847879041,79.875253601074,101.522524201314,2202.3149546372,6724.36966151739
772.242717046674,1.79446169984311,8.96098536868577,16.7564470156217,79.7762576994348,155.327197978507,3041.34647873133,10584.3160343062
429.139716231894,2.82635811762698,7.99305822533971,5.85581764433127,70.723993057724,116.88979030361,2430.07122669686,9308.99909845725
976.853463947962,2.10129476922957,8.13031381922489,27.9346653069162,85.7108981936153,123.671245947577,3254.82626175261,5462.43076777626
318.675817407906,2.55656569397773,9.24804488620378,4.59816819835079,73.7355711012889,107.665788290317,1878.29325324551,8405.69192570076
550.132253738731,2.362301833004,9.16711222704159,11.1258244827303,77.0119133467873,98.2099976411466,3003.29544977186,6948.59048658838
727.211480163809,1.67695101324802,9.33694592397637,14.6489744102709,85.0221837516081,106.003915997496,2571.70625318885,5916.03753571374
593.987124185174,2.82690532890249,8.87731893294925,16.7856481844367,83.7410292941411,60.5534716210444,2602.46069291371,2615.47350062786
438.435258482578,1.86827608573269,8.56085142827381,4.04019016680033,70.8580235364993,87.1753097570123,1820.82729965343,5603.2988980038
789.188397300762,1.8662101780425,7.89247764163334,18.8640717977989,81.2280637022208,104.198803697621,2908.25739137754,3204.00445724832
640.132814364287,2.52963184505121,10,16.5297648188443,89.1983012230848,137.479984014408,2952.42968129097,10563.2636483682
956.324757725521,1.57194060272642,10,21.650455005211,95.5604333055912,111.815076828967,2278.64021863452,4189.47494845982
264.373230811314,1.83305385955569,8.24974590108037,3.75587135203533,65.3735370056014,112.32011964847,1954.06935891706,10974.9041598671
275.038587661632,2.25551636013159,7.35537816757223,4.43732794579059,64.2252930463335,83.1697166207214,1840.84329445752,6363.60819104182
763.768033263356,2.74571554302994,8.04009103581838,24.9531955198621,77.4343195330941,135.41353868599,2783.54257394679,7446.98816543776
331.472889553118,1.7212259621059,7.56487713460837,2,64.7700339912176,92.3788616166379,2299.96932778431,6472.34488938261
742.725810177842,2.32150235176852,7.55406818200815,21.4608982462824,78.9349692215154,92.0944074999099,3449.63428274789,1923.18678663371
410.63499931294,2.56686088770441,8.20397420609701,4.02044302679616,70.5021001033366,62.0536993891219,1482.26050221611,4634.03340908735
397.912524427579,2.76129807481453,8.50619434636928,5.31912665893321,74.643860456151,60.2947436665047,2566.93827426436,1590.60723505386
652.249586747717,2.63651268201499,10,17.0706842674358,92.6901673227166,123.083277365083,2151.75476023744,7352.4944860172
766.977065897619,2.5561483124816,9.506843120354,24.361939801863,86.3069680368714,111.647744442851,2833.8599856497,5415.61614720483
372.094731953077,2.32953213335763,9.75145098906841,3.47521790192851,78.6470625263568,110.746696884519,2449.52382121815,9057.8346872803
721.541321167938,2.15043012796915,7.92131478413714,18.4470409277411,76.2783735611567,95.0245790532136,3222.54806921689,2925.17529099307
423.132861990393,1.64247296620414,8.61851199287085,3.38564301470811,77.8380638501611,57.411716229621,2639.50083573326,2310.22664272268
766.50743656521,2.56460578878828,8.81741369652345,24.1128873661028,82.2756198680541,98.5514463791602,2595.52775809784,4969.65454060145
914.49994676038,2.98910595671323,9.24989533418205,35.2889235879959,88.4481899170985,164.095363752446,3279.02518405845,10692.4392154022
694.849715157757,2.60514089209815,9.15706079798045,19.7191266335038,81.4578051566556,124.272917286095,1974.03254099517,8314.63996513653
352.379129769249,1.47313141249476,8.83379271641252,2,77.585829461763,70.3493737678806,2356.95305717968,5108.15987272211
718.154937507836,2.186503466513,10,19.3429943254437,78.7865100457302,102.238233026388,2608.41859653091,6189.99386729742
504.096540908709,2.4075759479729,9.5671332861217,10.3957405181105,73.5108946546027,60.7931931308424,2424.90126406437,1426.34312294808
431.411513106194,2.34306555662396,9.94140576447684,5.87445157923176,85.3074317510526,129.030755932368,2791.83515119983,11330.3348601372
830.300033408124,2.3270960152907,10,24.5494993011273,95.7208210963665,144.831341264401,2172.90850476596,7830.48035164411
711.091452908367,2.2662795419355,8.75072401690704,19.897900072078,83.2205015065962,79.0777439796153,2919.53095138003,3639.44475309765
522.528252876218,1.83504049910136,8.07722643202894,7.90746882146232,72.3552576790719,100.277698550756,2391.10871852133,6943.89233636769
955.998993032453,2.85123653672989,10,36.99260097676,97.8577642556024,95.1884560904506,2162.62826776652,1704.30602675893
764.066093007722,2.42703680890114,10,23.4384585034414,83.0276124642427,139.794588362237,2784.84310200712,11124.2033568834
695.2488285711,1.79907733409403,10,13.6204468813113,87.466423940993,96.0964145264751,2283.51240029043,2422.63486671703
511.928947084636,1.85739384929232,9.28165373306586,6.79542719159789,80.7386362214268,113.511367328992,3040.3535938542,7628.33349860736
307.314269602535,2.82138983801474,8.44779768847092,4.85388536715529,71.6817612453206,60.2864872405616,2289.51456074216,3199.99908792823
557.762580742771,2.831227780061,8.16457231852858,13.3985910771453,72.1270461901155,107.826341190531,2307.39177076782,8393.17520913389
704.100253016169,2.10771965753713,8.50557193363215,16.3777371412577,77.5541498136029,146.555637375597,3248.54993201851,9045.03503964309
730.737406171347,1.50614498387118,10,12.9027586996638,81.6198670916085,97.7926036459548,3468.41806508591,7907.61701802576
464.693660993298,1.57274605334091,8.80920518683167,5.08353883914524,72.487776681289,104.012402694277,2056.54512137652,7259.49406280712
778.846756493398,1.92587743637758,9.24133407567666,19.4266956794451,81.2824297941351,161.998486082004,3203.46399059463,10317.1600334721
263.696289069351,2.4436833290085,5.35106081879328,5.36473559959801,59.5181981264822,45.5496390534736,2152.89178697446,1364.89382088734
463.43939488266,2.29430864448448,8.66532260799759,6.76540264356468,75.0192924456238,82.2672759664635,2604.74806347985,4140.06242358215
955.345473120506,2.35175737959301,10,30.1547207911368,98.2570681392975,108.715693669706,1933.88294061163,3231.16227593931
312.773700560802,2.4539098543362,10,3.92015870186497,69.6831253344911,122.646522250271,2390.00363526415,11368.1535827196
792.214615566354,1.52854838038911,7.96645506563442,15.3243515723416,76.2578618679905,108.674162998481,3399.97737925088,4783.28757633561
660.989870434459,1.65762839275866,8.32893783132544,12.0200598699883,74.2336079593613,140.961937408015,3106.6965316347,8558.73969164439
379.823198788173,2.03922517774082,7.95717356146787,2.43065514003896,67.3485131619582,102.811858925467,2364.5534813499,8031.97680269105
669.056256312116,1.67094758046944,10,12.3727941770378,88.5078481078649,94.8076813037895,2047.49282222269,2832.89361225115
338.27643764393,1.61298006381683,6.9870657445538,2,61.8626476612228,66.8691212268811,2363.63642775852,3128.97448232706
738.799186580709,2.461446593996,8.4348153950816,20.4721886964767,80.5019184351618,78.9588303602247,1931.38318296147,3594.13019908338
802.617227217662,2.72300471623665,8.00307998223183,27.347262904761,80.5626357431027,106.777075833642,3581.61947239555,5022.40006085317
436.898995700956,2.59522847833316,9.81298916962304,6.42809814608512,71.8481491061714,69.2522287883357,2518.81461841432,3077.57572215579
594.669188975274,2.72555966791377,6.93520290783765,17.3257662335896,75.75002574087,55.5092005077148,2224.52594364699,716.166310215326
371.053479916291,2.28694359439527,9.23785979525192,3.45074919479059,79.7667147900833,123.904650655613,2226.49527091936,10173.3236248792
740.7870625973,2.6030179827213,8.74041532624532,23.699922994681,77.1944931102551,161.023920226328,3402.11261390791,11121.7081451897
441.186788661011,1.90766816131245,7.24450994346171,5.68264641708717,68.0694747165609,71.7794860947813,2499.21918916148,4257.27425734725
333.133064646824,2.98951205442625,7.2109184485919,3.95704996691376,63.8206696875269,62.4560086216852,2361.02010973561,4223.5756736802
871.651094960349,1.76192570343626,10,20.7606289507817,91.1807026020261,82.5576489363803,2599.85304381232,578.009940518081
796.596520903809,1.63995937086873,10,15.2739330791057,95.4145747419733,129.847391011926,2457.49672874787,7982.75757163411
685.994535127345,1.93338274772377,9.41014233867081,14.5867149493751,82.114237019907,127.607738658893,2312.03266679657,9579.83885323492
774.122267861234,2.96299864515987,8.46968727233267,28.4549361114734,82.8605182721515,63.0365944061813,1991.09110016439,2112.69130396003
357.902444673704,2.98243288403086,7.90052931618936,3.08309449497481,69.853142993374,47.3725171866216,1879.43635268945,2256.32984303866
767.132753494591,2.69234062455975,8.46457987542043,24.6494116401784,79.415692312685,141.931607875001,3533.15221764983,9190.91574968582
727.819625151363,2.22124452550649,10,18.7974733981257,90.1583329492529,126.72080621764,1722.81536089685,7279.19823189559
375.591459668627,2.2649925558783,7.22756010613471,2.65890694990185,75.2118611667317,45.7013758435269,2341.94033228452,993.466133904887
705.151568666735,2.81112971585113,9.61643038467602,21.5465441025473,86.6886778958686,110.579375568731,3056.95328998632,7348.0168950851
679.939352019395,2.502123587493,10,18.2192665257238,74.6487969718533,70.0066864474043,2593.5827655243,3898.09495128143
419.54891479204,2.91709519248905,7.21517905268472,6.52494408867495,66.974252004757,75.8208726126002,2172.68981341442,4555.97671017931
838.219772228113,1.97482619921644,8.60305466362112,22.6202966070565,81.2343063933993,143.426491043191,3318.38448006988,8967.04560126568
329.772069001248,1.8436054197069,9.16171808959968,2.56292241107463,72.6084762730673,117.871134058101,2562.44963770766,9420.28711939872
444.427573314466,2.78208689117765,7.66214941760173,8.40581732884578,71.621957677585,73.87773481218,2135.29714383736,4903.92289523814
695.670762009818,1.72478238087794,9.70694001446032,14.1269510367949,79.1457465401368,137.478564358489,2363.38268450837,10918.6822960699
850.83965075435,2.91889179194411,8.16922340532916,31.5832872398715,83.7985355743915,111.050174781967,3729.24588489329,4971.08989747279
432.653185060209,2.1256866270192,9.62719121346773,4.96198844207773,80.7428806450405,110.418153484904,2725.93674522917,8990.19638753121
633.774136167169,2.77745248190398,9.47429446255514,17.2313063516346,85.6802677182897,90.7548492994291,2698.21362414369,5822.64991020685
480.744214982624,1.86652559755336,9.90074593023166,7.10811457186665,84.7064553990809,116.103190225931,2566.22342930536,10372.8555917429
572.436642142868,2.34903247708802,9.99381565081486,11.7187676677372,84.3748397807706,138.821977781731,2685.09412074924,10485.373680152
543.782681639462,2.2026392042894,8.614202572746,11.2241822405702,83.5262759383226,55.033848130352,3096.24066853678,1461.58488658192
490.58750048259,2.33038169488721,10,8.42735119446432,74.617455423986,124.565081111721,2570.44470730438,10801.4266444125
659.438990197068,2.16647613201252,10,16.7903731462858,81.3238918156733,119.643480566299,2485.56474430805,9580.88325672457
741.938055992941,2.95067342605704,9.67001429082167,25.3091300309135,81.8969810553297,125.953943929607,2007.31228917416,9204.41785743934
602.08500739077,2.45217720637882,10,15.7243288976418,83.6732037218769,90.1202704011273,1901.75418015152,2710.02473654075
766.808259615184,1.73063183042154,9.71616170055476,15.6632147379948,89.1962880012869,134.705080343717,3504.21476192632,9356.31129630131
829.030297629129,2.86451538285763,8.94566660077898,30.1926158814195,82.4318891929776,148.501878691108,3346.69711871123,9851.4600815354
495.256158127143,1.94104460723266,7.19097719513287,7.40577471584645,68.2166111542571,73.1514529634547,2756.83636812385,3680.65367899566
949.468598161557,2.05740764895128,9.3595429283306,28.1967020554071,87.6246602370308,158.432567086334,3000.12727984249,10974.8608619856
533.551846157135,1.65318554703032,7.67355803901689,7.42737294461653,74.4769171595845,53.3897035281669,2211.29821233132,1048.46161039081
542.240925677712,2.84994977969429,7.19333159805761,14.4578710247985,69.7310834834529,62.8555535310362,2723.09281395482,2149.00178571854
388.809909727601,1.87761590216799,10,3.51309157723149,72.0872898498598,93.2392497560214,2681.6314689075,6413.39251856666
379.583767239907,1.88837642689707,8.40934519507559,3.16507017986025,72.2604695326139,97.108901810397,1662.43139313791,6833.71718234541
628.735684428077,2.73451825074629,9.83618874343008,17.6483227702793,89.1087549435998,111.632106084278,2966.84834692107,7596.65091630994
735.071502775869,2.69279299563105,8.44627349594003,23.0986468136155,83.3003793921312,71.5462997754384,3007.74059503352,686.660422470131
562.349162137614,1.71161838227906,8.43735356868032,8.36964767076511,73.8225299004687,126.046358936031,2356.73854659428,11064.0345208434
475.309160432036,2.65398675585552,6.57440028104552,10.0188051825655,69.8209816597529,46.2392166557147,2368.19910145795,990.469020075584
562.744615104659,2.81996188075594,8.41311309612164,16.0101243724289,78.8718565065089,59.2478047511147,2297.44894752507,2073.68147995743
465.696543848258,1.61335733627129,9.03183690887894,5.4759937528064,72.1359299459832,44.4685068645206,2511.07410470101,654.159692786627
790.000207799666,2.73782249235686,9.3558546803861,26.3941030949276,84.1422550304311,106.260472683688,2425.14670590289,6735.44276623504
459.847843333125,2.21711505784347,10,6.34352683393918,74.0156703611488,129.517131317476,2339.19913636359,10754.9357231307
910.465137531058,2.5037961740682,8.62007032286182,32.2819634261773,90.0266331131203,146.587383959664,3311.25981061474,7825.41882688511
565.9908999525,2.06108635019189,9.74507679478349,9.84001160376674,79.3799949909858,127.588702530049,2712.2736023574,9549.2321532847
604.256171262673,2.53299288869932,7.26100319010145,16.3841820361725,79.3375503075899,60.8849765818393,2863.32704495345,646.093238044381
496.740275294313,1.55114679250013,8.57299219949075,5.77663689523889,72.0996944059177,90.8042038657073,1627.92865296302,6462.16828327699
987.688093915287,2.64406008483493,8.36607773499387,37.1473390869769,89.504682159165,125.364130992064,3635.79819354925,5555.19275256074
585.841163049635,1.55001554678844,8.74462162305113,9.27336634988887,72.3214319051399,92.0637223800354,1882.5362738267,5988.64738642872
768.893815229395,2.16411317024368,8.49412475857813,19.1863409992547,86.8588310326675,66.1550425802253,2856.04539665383,1294.34503868707
252.65699566087,1.72644748969544,7.88940145616262,4.35098565173811,67.7197108995942,100.827533139419,2167.30063027613,8028.78897176238
829.068233276448,2.5289980725246,10,27.7099109531529,97.3635211277082,120.02266385585,1854.98978999769,6035.42456344498
501.015411403845,1.9704913637635,8.25728895235665,8.11569500963501,68.9676664779078,110.418204611823,2975.46489327709,8916.6373484739
898.032068464887,2.02196623191258,10,24.7226489961778,97.555016864723,129.331825976039,2540.04355907547,5838.19697467887
752.488440890841,2.12398801364064,9.77356633722068,19.9375271413579,80.2769084696096,69.5245340461303,3238.02769782194,2143.19799849075
651.540563151325,2.65875294852706,8.1589629213005,17.6070361315885,75.6763629718459,129.753645456239,2709.29808692867,7630.82649485604
300.165079629738,2.19953408877388,9.21149727169509,3.37146597036251,70.5858866643877,56.9486538653086,2323.91893519187,2396.24998315683
788.905384318086,2.34477627848397,10,22.5047983581994,95.7926830899453,153.420319814869,2151.98722636949,10096.340196903
314.646852502685,1.51305250184759,9.03140733166637,2.04356286618414,75.0637486026455,100.815643294313,2173.93600427554,7244.27862976166
787.266276831187,1.75418654964071,8.82155695404048,17.1830609958155,83.1941565937736,86.4226979508402,2878.67827235543,2229.2427191265
411.032587270696,2.32730137446954,9.05181151148122,5.34883363996615,70.0649120768424,128.276835805213,1586.57502675255,11085.7186322933
536.332364682422,2.92063248712904,8.7051899851833,12.237124469934,76.9808207636824,92.9216956585429,1801.35849207539,6202.02009668853
330.568815006112,1.59464665835576,7.06267934043934,2.09887218542031,70.9859316130792,42.991857142669,2338.36567720526,1301.8829705882
832.716945659941,1.5646263242353,8.63637000897302,15.7746229724478,82.3820794053832,130.054087529205,3578.4186134261,7395.16194856574
489.978062573704,1.71107922256536,9.66735014503419,5.52812462325521,72.2136283820047,62.9988358380034,2480.06433587099,3285.18797714091
665.631010107028,2.46172969329024,8.71367648538925,17.6249506915377,77.4224866926589,140.692879239048,2503.3156048362,9340.62797065033
734.04970667849,1.84939756325835,10,16.8555721058783,95.36540684986,150.276066590383,1685.78531658989,9496.0428092281
756.574408089142,2.35262058264093,10,20.4382419776596,96.5182134756339,174.497184505946,1970.43797166598,11268.4209144013
596.472521946229,1.60789972722205,7.91338058354651,9.60222335056725,72.7753447871526,88.6682669619568,2531.3857139414,6020.56484126954
403.942935959688,1.79462113022205,8.42250828388791,3.75016279263185,72.6091676693583,75.4054944408753,1614.79797423301,5504.52567700511
817.91184614804,1.73582211041183,10,17.3409783696768,97.9379572619026,140.56222978061,1974.56429037914,8788.23165991129
995.56044221952,2.44009513003318,7.81672508928599,34.9495004720491,87.8738899262497,103.292727372589,3733.20741189498,1957.17721976119
696.009603970068,2.45912963351256,10,20.6238894795994,81.3547216636604,109.501550016285,3128.45830951413,6516.07065172437
997.347000352835,1.5491087813412,10,22.1697494337271,99.9062333438979,148.084699183338,2803.26902065822,6508.72360143936
588.904410131059,2.91570706348761,7.30358496845426,15.340071443105,71.9882886041342,60.5900424050615,2940.61245852054,1484.20435091426
544.769771047077,2.01156620278531,8.33221855377008,9.78998551330972,76.7998901209824,71.037217009023,1710.9621662588,5097.82494057605
648.187924935283,2.40038700577211,10,16.7079657152046,91.8776728838608,121.055327272089,3079.84244055668,9886.13278423922
644.17725077646,2.00287496446125,10,12.5766885467925,93.1971228337826,155.890062590641,1751.32236993051,9917.68984194126
776.459530018721,1.79764668314147,10,16.0984498730736,87.2773149748003,91.768690542105,2216.87682558849,1591.61431411649
923.607416906679,2.71748897985333,10,33.4659679036282,98.4717635728764,91.5333618013763,2019.1751259027,1497.92971022614
552.667660488572,2.68883709865412,10,12.300833634584,74.8567729459936,68.7903904248784,2267.20254060944,3389.65024702129
881.079613126893,1.8291396247641,10,21.2374832556163,97.5559106839194,151.222726788239,2280.15224996421,10122.4266880939
672.875664992138,2.34482593276649,8.55354822043411,17.3393637887262,81.9779071547949,72.9132633913778,2569.64287270158,1917.92843580849
426.734570621447,1.78083006269721,9.69856129593112,3.94814296074647,82.5029932504351,107.610737094013,2260.98633864977,8419.96482890191
737.849686471283,2.50070957346679,8.40021607569848,23.0328018507139,81.0362239680638,64.5958552602795,2910.91575605968,1612.82181574414
410.937850818213,1.96354021893065,8.19471313999572,4.28810075969743,69.4365899666318,97.5493486372532,2609.26894543272,7354.51639122608
405.092551810772,2.76611810157335,8.11040344313946,6.25684650440069,73.7712667727196,67.3489643339474,1649.58744631913,4416.74029031059
952.895558625955,1.82607765641591,8.89135021726837,23.6308648762676,87.7330852937934,156.767504258328,3424.84500584235,9178.05359262454
396.236582137189,1.5222051342277,6.88948494974071,2.13248522811218,64.9649497935785,58.025971513907,2559.91004434767,3070.594937079
512.609353432902,1.90276206295188,7.89898797610341,7.70632948683503,69.355661767662,104.065126895684,2388.23323108717,7531.22012328956
574.016536110796,1.78657872968923,8.21195916595977,10.2872778701308,73.6495101291999,65.085232093707,2226.77714100644,3092.50788033473
490.93587611725,2.13648377335405,9.62137299906388,7.25363546588201,81.9546041275685,110.991330461328,2820.09625016476,8350.26311423369
704.938207519285,1.6534300370803,9.72318755903875,12.52315546741,86.7329102709626,132.278625093107,3422.21242021221,10110.4583801682
454.564476075615,2.64478480607924,7.19268864061337,7.28686347301973,67.2632362285547,52.340442987495,2450.30179001335,1894.81979039436
495.281051213516,1.73751479510322,9.7109145411858,6.48104658897733,86.0676008966899,115.642250816827,2502.96369142718,10032.5525745505
354.798935167564,2.48545952687953,10,2,72.4863460555655,92.5622492080115,2421.86030669401,7029.32779855728
747.722656883354,2.33025291184826,8.47285480375316,19.9184385933685,83.2562126307006,69.9705044478779,2656.41341412414,1898.21539953726
317.734792670833,2.87603099105263,8.9290769378474,3.42876786214278,75.8189946982238,70.6934817240003,1936.5953358176,5202.96040895683
731.593674184028,2.99985146551385,8.3148680022917,26.0666415186651,81.6940113450895,69.2116820120252,2090.43249033319,2269.46322833608
743.984609953262,2.51671534728324,10,21.7208045932477,94.7531734578957,146.347912407478,2146.28705690035,8203.82677753226
619.669381750703,2.63997505394813,9.43061740699781,17.0835214061682,76.391354604745,114.801887567045,1760.33304164283,8847.54947859745
972.76990334249,2.07968462100086,8.15411282513058,28.1164485474349,83.3318241009784,91.659194176622,3594.64386893475,1663.76172300079
303.097315426364,2.62991509069696,7.47543031028107,4.47030351580216,61.0421191425068,82.1612734491271,2026.40168879185,6067.53837964109
826.780190255524,2.58791585791167,10,26.5581892568483,97.3930816369352,155.252482919543,2331.32934047298,9460.87561628509
517.551501829567,1.53506636309317,8.51504183053937,6.59032703512606,71.939594733385,130.498677402631,2540.89694093518,10797.793457061
903.033533087623,2.12956884804151,10,24.9890304332554,96.6035532875846,128.134759668533,1953.74314987508,6148.69653415947
562.815957299752,1.74361731617146,10,8.90784667013163,75.4808097388625,134.874830592568,2489.02210851382,10953.0714597255
849.895783962583,2.15008609414447,10,24.1701311586197,96.7888202442854,120.622108403318,2055.76117432037,6392.57867501633
678.763497066422,2.11102215858005,9.13118481773719,15.108021312915,80.1208767392336,93.4236993215784,2586.32462611025,4836.09544059899
936.411055102965,2.0732120997221,10,25.957804236126,99.8755788315649,158.183515815535,2336.72649582378,9830.23441408185
680.906548437932,2.23458278945035,9.5889217407688,16.4174619955149,87.0253613691385,103.392467478881,3383.34779535864,5922.80981503898
477.002471590621,2.8007252177537,9.05023907715377,8.46105303912107,77.4848579191197,99.4719755547058,2695.85480592357,5690.92761620975
798.363200528867,2.23680204699652,9.65924329275111,21.8956906458202,89.3495711205518,102.279356343945,3559.3144018636,5893.43738350811
517.251346859652,2.65609754401102,10,12.4751850748207,75.5795745316476,111.70325484623,2976.69274935559,9814.6350205672
312.232351379467,1.97973043020127,8.80644143794589,2.80943428778479,68.6569950265687,113.573200081139,1641.31565348286,9651.35695856857
745.046780634185,2.02398147354613,10,18.02091568915,91.3065628475807,111.739514015722,1923.90764179411,4938.71991684232
651.113181829537,2.09075431284132,10,15.0042575501849,88.7265182334849,111.461464173661,2277.94692585887,4166.29845857577
360.721307864188,1.82360671778153,8.43348209096938,2.09841154508583,72.703113816879,91.9689292433523,2437.00128747641,5911.20826443042
440.767520053447,1.97585278850201,9.44285227994595,5.96395506670984,79.8942314707903,93.5130162418417,2828.52621492734,6800.4976071082
326.68774708863,2.34786868746646,8.70428252155797,3.61062230990122,77.3437944011394,54.8669337359259,2328.62040660405,3121.70931690797
644.256094204782,2.18789823138251,9.78581486878883,15.9164655055038,87.0779801738448,130.322221901661,3165.54023269968,9233.5059318715
675.896109470667,2.45465301686022,8.15372538272699,19.4561936230153,77.8786049320042,120.366742110134,3347.1476011748,5851.31042305665
321.151344402585,2.02772687313021,7.34501241052451,2.25421404621394,64.9213740038356,67.0889121675492,2435.01661488002,4174.50103261956
346.44985724706,1.95170665829641,8.26907280068507,2,74.04923196045,48.4511290216234,2297.33798969701,1675.0309226039
331.583865451516,2.36702675022874,8.37796976169185,3.43698825306947,74.7389030205355,57.4327745422902,2210.39191027859,3127.29676443968
433.875832769771,1.57533383782082,10,4.14504233052936,83.5432667878629,128.27314197463,2736.1441025161,10942.0928893158
850.164638681129,1.87954731529821,8.19095906777008,21.5682312855659,82.0165024221785,110.828100141072,3619.32573096597,3856.09655501479
587.639944756395,1.56319160542949,7.20366238708217,8.25200194451442,71.2548990314049,59.461882615055,2673.85524685061,2357.45218303739
556.444829022362,1.60891627889412,7.48394036999315,8.02666805255656,70.0902093274497,80.2512983555353,2728.93560036389,5567.40070820492
950.37357017813,1.77466622404234,10,24.2811909211483,95.9548063970503,117.392573709799,2419.20147563121,3877.96517696274
388.033518018829,1.52025322668017,6.76617482064518,2.21722608154324,73.3943238313457,40.787239334697,2049.24948560531,886.751752983136
432.45359674891,1.81761950276871,8.57568243313039,4.85934893304092,80.5106399630023,64.1246232128711,2287.40734632384,4054.59739007359
338.196658397653,2.48246448459304,8.23603280056455,2,67.938634319117,78.9284717494722,1500.98498000084,6485.19486333415
922.463918970315,1.5916606177034,8.58996219069397,20.3549193961612,82.0528118226848,129.834152224748,3863.03134608489,6568.83609221964
627.926520594225,2.03597759636863,10,14.0116990644299,88.0152487021053,103.038432424586,1799.78786832114,4422.14813294578
578.347835410427,2.74004216086855,8.94164309569224,14.8526686290655,77.8301311968702,96.7874566832389,2798.43203898819,5420.33031877861
336.756450313383,2.6869272433881,8.44187320171512,2,65.5462567759031,127.036380956651,2570.17038592875,11120.6971005824
421.722817014372,1.89744253203368,8.63015973422261,3.45359618951452,77.6031259264382,78.5863478452877,2225.99126206793,4650.83324953343
996.290022099042,2.76664941300616,10,39.6706137009934,102.746301455745,114.971266726254,2143.70811928548,3340.49494585981
902.711922791415,1.91523600688234,10,23.3030825740112,93.6003799038336,101.570617857754,2618.6825521339,3178.13748473436
718.469679145525,1.57166815827528,10,12.4932922254139,79.4910894318021,92.1304820198341,3267.53035880604,5535.41073974548
585.991342672006,2.99108393515217,9.42555240711588,15.3213449353147,76.0398285835235,106.817327335356,1742.14814672624,8854.72163588638
954.855000587812,2.80503379078376,7.97384548964998,37.4037120840314,88.5886441158584,110.036083392456,3856.86020278645,2765.87002607321
858.196215666541,1.97070133815283,10,22.7316100600084,97.1858519792938,149.5416039837,2336.07357180927,8302.25739854845
981.160796678721,2.49956478628861,7.58110142978009,33.7489405946229,89.1598877158453,70.5507965707477,3859.85803613023,732.648056843579
712.535434418255,2.34677201397355,10,18.9501734600763,89.8843632661275,113.810962172923,1851.05053940328,5108.26275782341
597.659772891448,1.79172334609569,9.03324031334043,11.1999290918156,76.3896751810477,113.772212196526,1970.58800421212,9034.51571723066
645.065673968446,1.80007294973045,8.5492307180941,12.200714043855,77.2882466052157,80.037067954119,2281.65105016774,4226.06251351875
496.468652513903,2.14282218516399,10,8.91672514939812,73.0508819428211,86.8044808119897,2448.10466203904,6701.10811589939
957.897793841419,2.86735971020655,7.97744381520827,37.2438185377543,86.8221811498779,91.0773872991554,2943.05696270729,2754.77156108502
992.931107086454,1.51499066228786,9.08793545470333,21.9398213935142,85.6206767651929,147.554915914554,3079.89148632847,8661.94930238789
822.819321980432,2.67375845392404,7.42601812338003,27.8767921865857,80.4827018618627,80.9281272899229,3300.77182971759,1075.07013595636
786.724229181519,1.58629017557198,8.72487010374914,16.2670519967579,79.7225399337752,153.460021339047,2959.42523569445,9877.9690936305
535.968964278229,2.16780977040062,8.50500169004319,9.73341730389456,75.092730204608,72.3957481074212,2272.05181844082,2680.16025063835
726.368372865966,2.29108307948777,10,18.9971034595233,92.9405754782354,125.064082789841,3295.04559254765,10118.3783487916
475.913948931359,2.5301389006237,7.7500855438998,8.06628054078884,72.3373328316346,74.7125225586302,2505.75074558204,4377.82165430569
617.908949007238,1.4200256269192,10,9.46829361270911,88.7807434542873,127.880442458085,1821.63826022027,8449.51931921935
816.867964178286,2.02120484620924,10,21.3832734887817,92.6974007577536,112.829069909095,2336.22572582839,4011.47827564807
606.920049096388,2.06497648038855,10,12.1867141508692,91.0468368641041,149.72489536703,1914.79313273819,10465.0283835811
911.414148401362,1.56123018465282,10,19.3564794621995,93.4063288283369,91.3227956930948,2498.09115195797,1893.00838070212
764.909295739862,1.70264183489296,7.61245968772109,15.1370167881041,72.784759977897,84.465885227716,2568.0514457063,2463.71768199859
536.003741058665,2.39693004166183,8.96504966313118,10.0028380689479,82.8956741744005,88.4399339187389,2269.99983840611,5923.33137674683
699.339052953816,2.25580346559849,8.52847999306769,17.256863647088,82.0448461337981,73.2256517454498,3033.30821060042,1401.32282941961
323.224408642881,1.74274299190244,7.64388046700455,2.39390419672243,67.4842372690192,48.9525271067517,1858.0025618558,2655.78203171938
705.489537457064,2.3028590053721,8.79973753473088,19.361076681196,77.2331339534616,154.314266072145,2774.88774177948,10881.4302043322
498.980188222557,2.60027213778417,9.69088097294684,10.7845681384407,79.4768863816751,130.646822033559,2718.18595002729,11241.3862726268
730.473807240946,1.52338137716305,7.6980743634056,14.0619790724028,78.28831679897,105.211607689152,2706.12206753134,4638.85262263464
768.265499021272,2.46395066022878,8.96707016198742,22.9910282887641,78.4600649124306,151.418627305133,2950.92414012418,10656.1462311533
799.087368946233,1.56690509587471,10,16.1687508897575,82.8632083309964,99.5462047322173,2677.84102968543,6493.07143240775
712.707218786905,1.50967416444705,8.29165815950812,11.5230510442028,77.2504589248869,79.4653382951283,2389.83023928648,3467.16712461144
741.950907480054,1.72598173299095,9.29494805146905,14.5247962645503,78.9435716856249,109.732484960463,2142.94091188466,8226.38593188659
577.969121748021,2.13435994778088,8.18056174908439,10.9470415461556,72.4099132049318,108.497908547239,2493.51728792717,7747.91987232343
736.374352125678,2.31892805633552,10,20.207592709804,98.233084221375,163.270089722802,2176.49005764586,11380.3785101961
753.976935228765,1.92267824490684,7.6185459754354,16.6797382941317,77.6134119321841,86.79515522738,2822.9224927885,3415.52016150212
331.921872400226,2.43850981858314,8.13371318328794,2.38015250829751,67.3721716460522,102.780898734253,2109.79979838548,7892.65452927909
932.046764523249,2.08836379458364,10,26.805927781779,94.6968504727911,95.2208682925821,1941.8785919052,1072.26130532392
871.820744914074,1.81099371293924,10,20.2364692019802,93.1280109819336,90.7479920916749,2539.82432531772,1750.10642566391
694.468792993151,2.25595084346065,9.99841193941826,18.228859477368,85.860365261157,70.9764468617053,1891.76800539392,543.102124462026
488.496914605227,2.43794450848145,9.81261619471411,8.74172202025881,82.6981718881793,138.344099490796,2944.35475056185,11494.0674916564
553.355881966399,2.74873855508422,9.09020620644397,12.7002468951435,75.6384767267306,109.327391878315,1755.42812134799,9325.01066862226
564.070028636877,2.66413583964304,10,12.8982496343063,77.066915801338,120.849873485665,2272.83709617586,9153.95316206895
561.0547049931,2.00783671883247,7.80351696175683,9.59802512989896,71.7086583208443,91.7448885267704,3084.99274750146,6106.98682816998
490.283066473608,2.62201953248763,9.03773543012641,8.38149122000309,78.0020905446619,74.6707682915631,2602.29658032419,3800.73791195984
754.262015250256,1.79203726665597,8.97614501503786,16.6534695221293,84.7176168256103,65.8299296633701,2940.04365530838,2163.90712908944
804.478646111926,2.60763765186432,7.73754980681712,26.9471873286921,79.9498766855946,101.840950556273,3124.15400150247,3631.4221273111
673.186337396177,2.80967547163388,9.20308182571669,20.7185311375603,84.3669499853729,87.0862085563989,2667.77893776714,4635.68344122053
765.127159992528,1.46473685457046,10,13.6361581774548,80.7886470581612,124.564018521812,3190.94322976328,8819.41106678323
567.651496387143,2.1605458967682,7.86165997888752,11.9559793112788,71.679948109513,86.7728749777786,2790.19384362156,6436.27967793468
669.933503553488,2.47165648262101,7.30946550080271,17.722104105107,78.4397665230882,81.0762039473329,2553.48304357147,1352.31989211031
402.852147488285,2.55266365573133,5.45833241205247,3.85169638154661,69.521956350591,39.5160362666649,2032.27453185477,698.319098548035
416.916898936296,1.7641316374038,6.92884876684681,3.82698297852318,66.0164698809397,50.0641407273285,2423.79925226659,1625.65397487469
515.777144976554,2.83463169645927,8.82168185406435,12.503878908385,79.2872747032492,92.1340931271119,2368.52989520392,5015.48585067117
620.445832418603,2.31421974639408,10,15.1319926127319,78.5555848153852,133.417734442163,2615.56563469158,10765.1220875392
772.354525412706,1.69184927827512,10,16.3304326135483,82.2862650075934,104.302998409478,3452.43235056591,7511.42729330144
356.202355638974,1.53078376756877,9.22549329464154,2,69.9224154937419,108.97509048436,1592.71596640575,9320.08489863067
525.92933256712,2.54939639327153,8.88899525355905,10.917129459423,77.846582861107,95.3391451954511,2722.84337090558,5630.12053955003
396.20551894357,1.5712044012175,8.88686439906457,2.37049090163341,75.9110391400193,69.0215419981164,2712.4618300415,4478.32691514547
747.053799198974,1.71157638160535,8.05831199444985,15.8696791398619,77.3829891022137,63.3920021243753,2407.26042647205,1692.40409988285
782.290092900826,2.26248680974095,10,22.4189479133436,82.908603124568,138.525405448184,3350.07287409061,10135.2632440483
817.545588661623,2.40525825517443,8.98096781656738,24.2849012334673,80.5432612283876,154.671373622891,2995.85028198691,9114.76031930693
641.604119091256,2.45602438392107,10,15.8005320297776,86.7304016328147,87.1866087605296,2031.35083329198,2349.29907357498
692.647333361337,1.98340824375551,9.35137556544685,14.9531396077395,83.9398173366903,114.640122694508,2867.38740033387,6134.86620263887
648.570675246199,2.66084800345023,8.86010915126776,17.0662492908677,78.6746485337768,98.8221357447486,2327.70043516135,5861.12288713369
477.335413305155,2.77950186181957,9.28693477031805,9.16249147511646,77.3012266704113,104.913221964799,2248.45615765382,7376.00707955181
954.962989587585,1.6466703906953,10,21.6317597298812,101.294024773774,171.763064968938,2250.49801979454,10908.0558339039
787.915944891354,2.55454292480692,9.28148126257076,26.7084237760796,83.924484235284,109.510545973349,1892.73882909599,6877.48585938728
578.926924565098,2.73740364065131,9.48165364127793,14.5703343904629,83.5310676272414,104.860555476023,2612.82474664445,6442.3899345648
582.863955672146,2.52943014392556,7.88839560406273,13.3321052664092,71.9841395512569,49.1525529404117,1738.07146453383,1053.5522622813
448.756752556889,2.52166424796639,7.59919817143112,6.32954339961344,70.7004892110346,51.0325517814628,2076.42607423966,1191.98223619826
592.253017991657,1.83565885362781,8.28482113047322,9.96769101622278,73.3452720461858,60.4893878498257,2225.96281142473,2560.81470459468
519.821160262423,2.28624679316793,7.49673908626481,9.10171464300922,75.2085290731655,51.9151611058471,2807.70132866296,857.178488609231
755.766859424818,2.34378426540687,8.54305288738973,21.836236279462,79.9771223450345,141.340306213535,2658.37763266501,8676.88185127014
626.874078609561,2.28061861218007,10,13.7276559941502,91.6888055464913,134.577192678128,1862.31123400308,8456.63334393359
701.08314388365,2.9204779722448,10,24.9399398964544,88.7230214078636,97.9258917317971,2310.48138692244,1996.61857874807
319.249127387183,1.55046573381564,7.95435307306563,2.14510766251732,65.3208957931447,105.120706124575,1957.03407551371,9696.86790874809
571.020992276975,1.56851985604221,8.39318840813306,8.59210722535081,80.9924762095621,70.3437565243156,2799.69125040558,2202.64638330723
460.584507617258,1.61692510414638,7.31107012072563,4.80418862702175,67.9037310465282,69.8943645218304,2426.59691155909,3812.93145697095
604.285862153008,2.55801803663811,9.05204298098958,16.1251462517274,82.5912231837473,72.1422535174119,3239.87619428596,3238.74589077502
494.09050052284,1.6392560010903,8.71128499006577,6.14578334671561,73.8292375803965,95.1533732378118,2418.88116741914,4595.37808430353
797.430406789924,2.43367781173552,7.78702314922837,23.4714975873681,81.0306843498834,106.123253173079,2660.63674422933,3301.30142478958
717.11921482032,1.8896656510312,9.29886662211395,15.2857398715155,83.1097904058342,106.36424965437,3260.64000819993,5878.46019082297
538.116406758581,2.09523468466509,9.06115730554772,10.762925010058,79.7738690974315,90.035084732697,2472.22366337189,4981.48669490154
793.886666068561,1.73724142966455,10,16.4734116886741,83.7556252076549,143.279032657491,3278.82320512115,11352.2643985726
403.866030503103,2.79915984195681,6.27874523044983,5.14844698300544,67.0296750532578,39.4497782146987,2077.97952108576,1115.18985141048
624.79047230892,2.34648742063658,8.76786357490107,14.6650206411217,80.3611685573,57.7086023427688,2811.04878773178,2063.99514026087
325.181499496698,2.91684489537338,5.96964350400279,2.65892091707619,68.4668965410111,40.0536072970527,1558.0426591286,1081.08483299463
861.335969767524,2.14388405001876,10,23.2720451054649,95.7818742877521,134.876206160448,2235.68229949787,7384.25314480613
725.713197207503,1.68586204589542,7.90051712686911,14.0186836508331,79.1493320487544,53.6667667289279,2447.19004632466,1099.60205155092
979.860243486654,1.75630565075771,9.08883675764844,24.7621755932844,86.569591505116,149.934078477528,3976.83685556531,9700.83711113736
798.660305819885,2.98361096455177,9.05073246812768,29.2807788724493,84.9667694196678,99.1648189031583,2434.15837089687,6131.32493750121
441.089322824617,2.52043511617486,10,7.38708937724661,72.0680514239598,76.2807029768508,2725.43459684576,6297.08387039687
587.685032412858,1.48633562018308,8.89103256442328,8.65621737141075,81.9554815398918,104.176646125055,2818.79076021448,6677.53958483414
407.751294936252,2.555671507552,7.2940912883036,4.36717228666318,65.7658257349091,55.1392741188675,2082.25841562992,2378.95076936832
581.908740287585,2.0710472124917,9.06004631737276,11.8147942590209,80.5922757346589,68.3244303949052,2892.12714989716,2674.59333425936
378.726478594923,1.92807525739118,9.53646298689781,3.07568871855229,68.5718712597992,63.8691437724496,2060.39976867357,4006.99055160305
942.459829038377,1.57900486330616,10,20.9164730560742,97.8956888980238,137.498518606795,2179.68336602231,7028.46057404037
754.784471672294,2.70813079410581,9.15467202709251,24.909710522335,86.2257553743733,71.7056002105599,3347.02670644757,2811.29553534236
524.830831556461,1.59576206848365,7.87080165438709,7.3691283010816,71.2664859795079,62.1875730003897,1981.1472664836,1779.64899846587
712.171944629431,1.66458218379126,10,12.9770102253336,91.5494814047175,152.687137371456,1940.31950225371,11171.2857506028
299.291699678554,1.95957434073856,3.90853182786383,3.87511508525781,65.3704761113853,39.3227999103494,2386.15491323793,741.799962905852
873.505929911122,1.53827920918193,10,17.4336107077302,99.5432443869751,153.248118696182,2457.35037839313,9329.67145869624
456.115919810368,2.26227732493031,8.8435411009295,6.99840797840814,70.6744844240925,99.454359280257,1856.15816510169,9168.38664532524
568.338499469686,1.51755394021634,7.44024398323652,7.70646112175588,70.1512323777209,71.3555630892929,2868.27776573028,3769.35525229606
635.506237422435,1.92554923580558,8.57700220444904,13.6463296811737,82.7634386372514,60.3312807685443,2665.3250614693,1991.89277608045
622.84266258712,2.9004441660496,8.247896069453,18.7369274677745,76.6042668498999,60.7392614822648,2403.33993067862,2101.91511375966
445.790740564384,1.96579435401301,7.8988537631391,5.62813947026988,71.0179454840994,108.563936586452,2343.78824782513,8171.74778960912
322.888169714363,2.04068908066013,8.71371121018388,3.1660232617578,68.7279987976401,100.139410196905,1829.40024945092,7570.87250194791
765.961217842794,2.07553925452395,10,20.3593733471634,92.6447037507919,120.419696518229,3529.88805887842,9110.20241676525
613.96874664973,2.34254006227721,9.59887938471313,15.0891114387284,77.9513696084735,127.517131587301,2166.95852863653,10812.2928963902
597.921694184089,2.71306296723112,8.03999412810088,15.1844087425082,74.5948763892705,108.484736974299,3034.95601171066,8111.20099593251
814.942561909155,1.73606043624559,10,18.3185961609914,89.4058424715812,90.8907094844075,2148.1910092319,2214.36690206588
884.044356762485,2.69609148358076,10,31.7139585710394,95.9995930549395,109.263703163272,2614.50809246524,3177.86878441952
622.483823146489,2.31455636887099,10,15.2726107609219,89.8380845199884,161.209112841781,2005.42674949677,9764.13103960426
615.868088411705,2.5236317749331,8.54544850141057,16.5781631715954,80.7420712582826,80.749697711626,2704.67952159734,2802.36683417629
517.627364056625,1.63020686057195,6.95048635327236,6.43094106056959,69.6373756168404,51.4471262668017,2242.64778919772,1297.7454864993
689.257147426279,1.42728209669669,9.37083229208413,10.6009356565918,85.208149387617,124.523895267574,3025.82680279337,8236.08059446475
519.5390782806,2.39101905136213,7.80054079904534,10.3459922267788,69.2053584690301,78.060328175611,2977.29157702691,4927.78991039156
329.198919552784,2.79470094378474,8.62472563093581,3.92084495855143,65.516298996999,114.979078520848,2528.51296913177,10620.4405780049
787.699238802613,2.25540796823031,9.9248801038525,22.3121999757619,90.6214293599115,113.210964357684,3425.17980717037,7652.80578203028
797.591060312469,1.80851910158939,10,18.1331765319153,81.7536206219416,64.8831720511367,2900.45781028558,1494.60875570827
337.797937580801,1.48683633610024,9.61064398636568,2,78.035492640833,139.434832201727,2256.94774148515,10926.4222397903
768.223211405879,2.5493946792266,8.35389096829289,24.0193251511005,83.4939374979606,79.5674372579698,2279.92182594311,3344.1299000427
444.724597152185,2.53735846589547,9.69723559573657,7.61229479298374,74.2084013047972,70.363403902333,2569.65514258723,4209.33739446914
891.249428612838,1.75879755103066,8.12077812096839,20.2407172911972,84.4108597645887,119.268597697733,3114.52717566185,4924.86455051896
735.244368294453,1.52178334690656,10,13.3413513239006,88.1764629616167,81.6254799077479,2153.25759552445,1063.46726044745
783.877161686561,2.02846805911795,9.57789763975069,20.2551402751396,89.5158893693263,91.8811075043015,3282.18816314897,5961.66964453665
350.751929151768,2.35571353660799,9.20868767573409,2,66.2944283839718,50.9869081936333,2306.91281275216,1856.50340182821
824.211385934732,2.55900361435079,8.07634331489042,26.0427848066844,81.2187701474195,110.502929001389,3423.66539814711,4910.67359357187
514.023895971037,2.61632511073701,8.83520504944265,9.78693180168548,79.5537613628248,97.6425361362139,2743.39786619587,4357.80766791293
463.011726138992,2.4158061409601,8.80212988974983,8.14543465958434,72.5512776995973,109.041767030583,1663.01424568623,9001.24091769154
875.936896808052,1.66632091289773,8.87809724381094,19.3258009201012,80.0068138684025,143.999609095444,3653.01221874941,9334.87562796004
295.869510197584,2.52387250821362,7.0571092468116,4.39598186607763,66.2998990866218,44.7968730950433,2026.98008776933,2187.54170627997
658.331209066848,2.97626496434232,8.80516409357705,20.4197371604731,78.2894557995577,83.7106368290651,2335.96028472164,4532.06306117149
790.296061902394,2.85837687689611,8.75247905852569,28.1013081168264,85.3582674178919,86.7321860733948,1987.59371244675,4606.88477135015
931.59555006402,2.80750336390427,7.66980857979376,36.6116809439644,87.8645261553436,92.9090403650799,3529.84084595855,2165.51488329694
944.006701163818,1.72660465570586,10,23.3138675220832,102.319309607351,157.811187580896,2695.28008581576,9282.9885555631
775.872860112651,2.626182264681,8.77786264405744,25.095346420485,82.2593347389939,131.384639595209,2636.21389159332,8279.51161168966
462.443303240609,2.74664184450847,9.87439511609602,8.97276774837699,75.7393906552389,54.3071449563922,2928.44430176031,2594.19964926738
806.819341876053,2.37481245729612,10,24.3068483842991,93.989808496053,117.411714472047,1879.3203216654,4533.94099453179
322.863307381136,1.85503509711792,8.01620758010122,2.11812612358685,72.804473339356,41.7230911651646,1912.36672236126,1663.85527342166
772.679067228266,2.93075095781244,9.32671370568753,26.7970564143322,84.3842907824834,115.179827845777,2502.0873828086,7410.27256802348
371.892586508096,2.14960525827518,8.51586118235425,3.42888522627667,75.8194005051676,45.8960738651591,2497.15951094689,1835.09117003482
966.054563708832,1.69470833799882,9.35839310355336,23.5054816012717,84.2058052448017,168.170540072687,2993.5241524132,11345.2758548741
633.432888800142,1.47557103472397,10,10.052643148818,89.136230037968,138.568356776923,2162.91474347671,9087.50282156649
711.31246383928,2.39231908981035,9.41405600844766,18.133191979971,86.0221593053925,84.3327848529691,3156.24507539379,4792.62404542395
660.785010351286,1.97152575897292,10,15.087259989445,90.3212296405028,130.678559539909,1678.30477229514,6864.2032550729
663.346064932015,1.64172581276845,8.81738716321991,12.1764702043245,72.9693900402294,153.079649989803,3298.35090114696,10524.7599783805
901.821307590793,2.61054685823414,8.56553851129887,32.2800273451639,86.9115302600078,125.757206210973,3274.73970126152,6595.09208435409
348.09285506105,2.69898775088793,6.84304959585667,3.26812008679954,64.0431749697607,51.9606290127301,2139.8285235748,2419.48335037751
657.248076392175,2.58812344617968,8.69548760840477,19.6676532697624,76.3103426932822,81.8444754223964,2361.87221154208,4665.73691139275
577.54262523641,1.6858752027386,10,9.91722661751166,84.5180926223651,121.882985687499,2978.88848082804,9774.5935153272
643.522956092026,2.29430287463082,10,14.3838611553088,90.3679514799947,135.496872312494,2033.03849675836,7586.3431758858
766.065036650582,1.4677086848944,10,14.1383876879602,80.5035220272953,109.223169038945,3490.37169690906,7657.9682276718
780.925669905391,1.71210231415249,10,15.6669417504377,94.9530945685841,152.641971566946,2433.78055877011,10035.0363425734
907.056547229541,2.09823229711132,9.21312358878901,26.4027909761857,88.4156456606661,162.866607507064,3049.87496534233,10333.7036320876
800.40822880625,2.38750539029576,10,23.2138286058821,100.307191094244,164.781981705016,2445.40972452656,10617.7182895738
602.180737480602,2.05876839939139,8.46152790519161,12.5929123936992,79.359208439821,62.4703960021062,2717.28076220304,1543.34112578472
451.386796178346,1.43492326015432,8.8562173884047,3.56339864510676,77.2497541141973,98.3749507530007,2404.9302171052,6485.38602159411
400.180152001725,1.88237146100078,9.41564760423305,3.88838676697483,79.0433396488729,119.678570658661,2817.02595209549,8645.60473340151
571.285101704034,2.08301368720649,9.73887351359581,10.3723711375805,82.6531097132251,127.727896446451,2990.23824354999,8826.19529639715
520.109486485501,2.92350718000916,8.84072581363488,12.3460680757175,77.9422520758009,94.80936708005,1809.30762423496,7173.87822167004
386.539624701877,2.91155145568432,7.20564118531377,5.30612321962944,65.6556576223636,52.7978086362347,2474.03151782258,2334.66068702042
485.398518283118,1.77131105733212,8.1794066132773,6.60130204675976,67.3706889215913,116.964538882229,2636.74233871124,9271.62609335831
876.202652804454,1.5905875883602,10,17.395051613017,94.0051785569935,147.754757774596,1890.13528318479,8421.2246686644
322.960028045632,1.74507218469683,6.92895958801362,2.12899887304551,69.9483265414413,45.9168512659966,1828.9349153192,1447.4934870394
469.372247121836,2.55811569596706,8.59947192244985,7.31518451973396,77.6086796404176,91.9240698007724,2825.35011260311,5601.90807141814
505.882275113189,1.49385626615837,9.76299052273071,6.2920546989603,71.7423331800809,65.5536726162167,2871.90246856896,2413.75139473984
283.912256407459,1.69076579728782,7.17823582180894,4.13365975685354,64.2076844921665,66.0173370231887,2190.92648224202,4212.24750284269
332.565303344401,2.30693944746615,3.9920706231408,2.94373100170864,67.9263956109478,37.1747234322314,2025.10036447273,698.89201426254
325.820898611378,1.87134310033015,8.02739698866634,2,70.6473263381002,71.4702767460049,1878.43222415296,4903.62855251834
798.12104930851,1.59382558801015,10,15.9226162032979,83.602621094736,100.164480984189,3001.05810224406,6548.64613271832
907.795021039446,2.03981701850075,8.68278062405786,25.8944432851978,85.5431483353016,140.271381365636,2804.55228353996,7315.40852109795
343.725078251377,1.84920657832382,10,2,69.5110823160442,97.054746876948,2605.67959142325,7798.39379641581
257.087282926532,2.26665645977143,7.93392972786657,5.97330499333662,63.9094733250226,107.68455204173,2387.19647104482,9699.20444412706
659.64390007614,2.96885039074529,8.43171713264374,21.1005065202605,81.9255599539731,68.526025196057,2196.17536273508,2870.09198003303
803.717257988933,1.68645695522238,7.5777415092493,17.4080114524773,79.9799527424849,86.1795800702614,2706.48127837126,1825.30004682315
693.398354532288,1.88978294064274,9.69674175624801,15.6991365225395,86.5030789397264,124.880208664543,2647.79812650878,9866.90889087718
761.738018909192,2.85503450440161,9.17183072615293,25.7801034439386,87.2736983975934,65.2904186293053,3088.67451310822,2222.74096381915
599.650194508186,2.68366614869312,10,16.5375379759823,77.4509743048172,128.559883687482,2942.07973056467,11222.3608946981
315.487948021039,2.09140655217642,8.00206323378469,3.16112665890879,63.7698269962284,109.86083794083,2382.48598914764,9767.92052338501
523.767912616258,2.5484298967796,8.04247671192149,10.434362602855,71.1306459544475,97.9768930882222,2834.26582103499,6009.64266478559
777.905871587187,1.50890515546227,10,13.8747386384865,93.0383420006846,140.088676663403,3236.59074205659,11295.6356741423
590.115643529978,2.55199502932327,9.51466663987127,14.8270796453237,79.104591167455,55.9847148754876,2853.73484621642,1571.14402018805
640.998723640367,2.95928659422711,8.49785884223089,18.9757715822834,78.5053369638822,82.2374066586231,2298.41078637501,3833.72337292612
468.737347518336,2.19060591601992,9.568342593322,7.72587844509196,80.1896390497189,98.2553674336741,2710.45103101708,7520.46856544673
490.763847330156,2.24773534055162,8.1413380721568,7.42581934286448,70.6531555827458,74.9663384045244,2190.68082335799,4350.07555320497
893.861799141226,1.5425028014896,10,17.9215753975817,100.6010419824,162.370752562035,2534.39240686917,10712.0980717887
763.88554920341,2.42572849196203,8.43035451428127,21.862434739244,83.545455299115,67.535769152651,2759.31877175959,1221.88696995599
470.145935528523,2.38565592116837,7.75745247759202,6.93271805922281,69.7024681741024,91.2645600044682,2946.04532701179,6543.53015267061
694.923954242674,2.40563238134508,10,19.1224100790912,80.9454872565402,101.95456737115,2728.00585582574,6999.52894134626
310.072256095381,1.53912493002708,7.7002130598588,2.30381781085254,62.9697802332105,88.9918995769112,2586.87525057383,7680.00936154947
724.185681590291,2.32308523252361,7.52415546316534,20.0869223566488,74.934349736853,94.5203581811082,3212.32831245952,3312.32845664996
812.813874733356,2.25752368837148,10,24.0555086415107,92.7785925430595,119.806044940227,2297.7921253724,4510.23070271851
311.793967284994,1.8112952031192,7.89638316222503,3.10572617064927,64.7293996109001,102.902130990381,2129.16834553719,9780.48582631475
617.497535110462,1.79252878802915,9.92602969918837,10.8538829759492,77.0941707618557,61.0654868823021,2460.97611329922,2644.37045867176
445.826592697349,1.91432725276642,9.13071996345395,6.03615794344234,72.9803483135784,109.926296339962,1591.20177732518,9595.54631890698
695.766309333446,2.56758238759086,8.97447687243367,19.8888893536909,84.5354705660082,106.683470193569,2349.37280815373,6689.20965193017
704.055173307172,2.32021054343707,10,18.2717100480305,83.0966674029614,128.735745252976,2931.64539556492,8884.0626231349
412.325609514374,2.76864396917671,8.1804243182562,5.4368744066143,67.8195469455118,95.671879283365,2501.97666245311,8349.68102889819
390.405317518818,1.90743451965278,8.60574382208744,2.73976709896524,75.8286965368233,65.800888397539,2680.57036746539,2782.62644923367
623.387480540966,2.78735378139957,10,19.0676247249325,79.4176922010792,101.570267582204,2582.99498588287,6756.9401007726
597.475456392255,2.61555924297504,8.56547383773449,14.9519324551167,71.1357176814226,124.505414212881,3009.59848336381,10044.954680856
611.295448971262,2.01923365542496,9.57011259885526,12.3970702451764,86.8658407659597,85.0375036639243,2814.8453755541,5253.27860482122
262.521141749903,1.64289309843818,7.99477073401243,3.7008206057357,66.2214928450243,116.985549731344,1952.54747131186,11132.4984724565
256.052891518479,1.88547549373122,7.375644636306,5.39995040242776,63.7757514277465,77.8550417974599,2348.63467879019,5474.3661011189
460.180985246153,2.89463466120849,8.62760877204883,9.44861009647915,75.2957532112228,59.8121105623035,2633.58511073479,2070.64200334673
318.524332401142,1.96554506382612,7.48168351985565,2.44700957360973,65.4469612176062,72.5395331901822,1961.20746388487,4783.78148085441
706.525603571654,1.90368069107073,10,15.5819315027562,81.5631286263945,137.020898240516,3024.38188172545,10968.7264702959
722.402833518,1.78438339664658,8.5406569028507,15.2551786172053,80.9262282673928,76.7435739445858,2453.43286280554,4016.9293427384
429.309385655238,2.48331107917558,9.69040277554278,6.14140064706037,76.2831898058293,134.555149422201,2120.6285326604,10049.0797585377
763.975671932462,1.91346634536342,8.65702043522373,18.3173973138764,78.9786282034271,155.961164118535,3019.02627524989,10193.7574985008
732.68643870029,1.99538737255328,7.7285842374717,17.3035961464542,79.1573116433508,103.041958244133,3353.39439953713,4352.05176765157
567.933891579942,2.12152216264744,6.97767710605467,10.3428075990477,72.5609359153355,59.7754341252457,3084.97311236324,1415.83423855695
551.324667311141,2.15059241966191,8.77443417542251,10.991979864658,74.0414116911781,103.664084299416,2177.90253706303,8470.137000747
628.06852204101,2.11701118562253,8.13014664082109,13.5008948368951,78.8856265784575,72.3068532653843,1879.12642109943,3926.63528915385
395.418730344861,2.25561554306209,8.19353282707518,3.72523781004012,66.6004567884524,115.324983520805,2403.01516213842,9112.1597568333
852.405677401812,2.53909765822835,10,29.8066966436367,98.4512938355445,122.904600495332,2367.18918934169,5369.20333086476
385.049381852608,2.72892756111303,7.84816528523369,2.9430893408516,65.6227008342572,83.0321697151027,2083.24545613659,5837.93416576884
469.839218864613,2.59567389876843,10,7.89491285966519,77.6715583747504,111.73643004976,2624.16943205446,9057.0034742339
617.24003658674,1.65168725867473,8.40593419875301,9.89822713106655,77.097670313019,79.0348623988111,2188.95824189107,4705.99664167791
836.424831219596,2.5181645449599,10,25.3493528027899,95.0014405380217,118.332761414447,2482.44633397969,5374.40079855206
446.763977083975,1.68037766022987,8.40694288281881,4.3023145419421,69.243014579429,75.7763514764422,1531.3290482142,4638.09515646584
374.674225159737,1.62324709774567,8.51238356331059,2.76265789266241,72.5522179879108,79.4222286810521,2201.65149508533,4540.74566805008
484.288346919069,2.79936295032259,9.26406161688716,9.218203655429,81.8490628509979,89.7213046293222,2545.35306048188,6285.41234591605
507.598819570955,2.51539043518679,9.75405747084662,10.3631653077933,81.6177199572575,125.905530189661,2802.45297467436,9396.79388951266
470.039516698612,2.32861570030201,7.41568564868949,6.78775265366594,71.0096107753421,82.9901754359023,2767.1944356811,4479.45143114822
965.811505454745,2.59214155255826,10,35.5105477182458,104.190715819662,128.950449494844,2176.43450499996,6266.8019259151
318.092398766463,2.88609561503033,10,5.24488839350743,72.3613955342101,94.8656026503443,1894.91243601191,7878.00057986861
421.830506270922,2.34622564237005,8.47270901275124,4.95654694232544,75.6981054718655,83.6668388574507,2547.00657831254,3463.83390934021
396.85797113978,2.38353374110176,9.61665688812437,4.84045648506087,71.4058112666985,57.5440859522959,2711.33353289947,3552.75085392632
551.147204346892,2.63164054373989,9.56528730042034,14.1465899495613,75.3828928917643,130.97287691871,2141.7270229493,10767.544397258
514.85040352158,1.78306770405294,10,7.54983432590916,76.1988002847785,102.406379343558,2672.71928060841,8458.88030664198
664.518811910094,1.65076603545453,9.52078676724791,11.5024149003213,81.7755272771942,118.033978932499,3395.58662848825,6849.0534384564
334.845569390702,2.63937112502261,7.68043453688777,3.19246086911829,66.8829700594697,94.2744914574709,2203.88022445925,7624.92059862673
458.074428012416,2.01735719249115,5.37251585974999,6.71231467442913,67.1065437826281,54.2508756934297,2552.63314380704,822.293874137602
959.350042259986,1.7026055344589,8.6310677056943,22.2232375144614,83.7550260517408,130.292306788241,2908.37338275848,7299.13262117867
968.737208971407,1.97231658887662,8.61958213695048,26.9765139985181,86.2513597665762,129.296376304002,4075.39239680903,6104.59760546622
983.513841890012,1.87228873133735,10,25.0171825954865,98.3244404983524,138.758822692815,2386.85560051694,6503.24647757379
920.641403227996,2.94784148925854,8.19409370612799,36.5331466573354,90.3569462658494,118.436129935008,3218.23814667547,4453.66209513899
962.395162503566,2.50248869395217,10,35.0538366020036,97.8136951938983,91.9740445290537,2069.85554404203,1396.21287484236
417.265435992637,2.25607298992322,8.30532413936257,4.71866394191863,75.0114644236407,55.4668183655379,2298.4841989839,2626.73156973257
719.153330522667,2.95330970802391,9.25191180223124,23.8127693509095,76.6566299595726,153.708600117109,2537.24979379638,10958.1918453394
303.244041890263,2.73586578523838,8.44106233393841,4.94639085900241,71.4250480414332,76.8615480914025,2075.41796692233,4995.69518498027
653.422178714549,2.26800128492124,8.82284664006298,15.3383759033492,77.5024639023992,93.1493766133505,2421.77510772636,5633.51471413951
768.733593906872,2.84565840605369,9.863843460687,26.3308390444264,81.0914178996888,49.541720800386,2766.34833068502,1079.80768838783
393.467672520838,2.09844166789705,9.07811463535395,3.56611224699428,68.0778163527033,46.0675028126367,2440.95620576242,913.228524983786
618.471787713439,1.71660607380366,9.60926166091054,10.6122630385614,81.0420183566925,122.192926269111,2480.91547101785,8388.99591751433
911.260915727622,1.84901726523313,8.55475977975047,22.0706823884417,82.5693035243615,115.853583489915,3740.55406419366,6419.04130533222
971.045694059223,2.30347792104031,10,30.4446263793462,101.496674041341,126.550366218808,2402.36627026378,6095.76582637893
858.744089606889,2.16226262457828,10,24.1094981666486,93.3502564126122,100.33377348194,2000.94163159452,3174.36983464936
785.146866374376,2.48842627050817,9.37725057314521,24.6348725151413,82.6448873368189,120.546626786455,2530.08295580265,8692.25804792914
770.635599354392,2.52911394639326,7.65520133021066,24.8755272770726,78.2089787493175,90.307234087403,3463.37117615397,2350.60237019341
474.964266885704,1.53348430934658,7.81627751248455,4.74177176498084,71.9006110507334,60.934130875171,2157.82323777359,2589.28218027122
440.054378505021,1.58105938852185,7.63091038994332,4.27562502167175,67.3701083051662,87.9367446655447,2056.69959814107,5567.83388483103
384.225658390567,2.29901658988687,7.28066118991295,4.17050008722856,66.8754710764171,61.8396407768369,2361.21871541448,3649.07848323135
650.499004900636,1.78655321664012,7.41933488323409,12.1947490289717,77.2144312354999,95.5212356093152,3339.02797255078,3222.09279356461
665.886012543494,2.37127964342909,10,18.2835081487463,77.5305552137237,115.110918421787,3250.46263050301,7597.61409008665
900.686816591393,2.10532587392293,10,26.0159613736618,95.8260967963464,145.102210220778,2424.50566366379,7660.68919740399
673.487302343385,2.1889501437543,9.82193528595562,15.6341497548024,83.5364537913859,131.566736993693,3020.57837382421,9569.68776779922
472.510333305233,1.87073629271245,8.53150132590299,5.67397698625736,76.468205913702,89.1774980874313,2705.59569687277,5094.79423670273
561.144736655586,2.43838274957371,8.68238320802377,11.584164406054,77.7379811770608,59.5042164265382,3005.64941482487,1303.93600128765
479.986759088335,2.68001772157771,9.06858213205379,8.57613879379136,78.8730276865072,67.1638008908696,2184.54772049793,3510.33023413603
308.018200015323,2.77172324223893,9.9515943156087,5.31426534204222,82.0844224235849,131.620520451846,2340.85634672294,11280.060095165
824.979576508568,2.51434234062959,10,27.42128902407,94.1168624396,130.692574013899,2431.62259968405,7058.84432755972
293.316233129404,2.33624813951992,7.81353061476377,3.55289732902913,64.0598242881774,90.3283081232911,1833.79376195023,8307.10793281122
632.016529636576,1.7771448932043,9.95108489386693,11.7343564584411,84.4985810465493,69.2532615429622,1752.62556693554,580.93612587956
677.749534348394,2.52216881417973,8.93234764630721,18.9662452535276,76.8193460001252,95.898430479199,2038.1378481301,6200.26305400773
304.753101209053,2.89542617901543,8.38988722833998,4.56776825554904,66.0356855723435,39.7542976126119,2508.42508243195,912.815232849834
779.504221804363,1.71537387470235,9.62610264822751,16.9048379259517,87.0564897142199,113.207624221853,3442.9528924934,6761.53233300593
557.627682056288,1.80056015884343,10,9.99771966001022,74.7663648452692,123.647867677022,2841.22910236283,10628.4793459968
993.206572282459,1.48324197752242,10,20.1074172147425,104.484421809154,178.996433533491,2545.95593094415,11152.6104355045
623.199028989083,2.39517535928906,10,14.3523256610418,86.0605325700935,122.706618272321,1924.37148443373,6446.07942927817
591.764774432957,2.03191519124571,9.20017284782701,10.8462345011148,83.5470037627391,92.4194138381173,3057.15495060419,5540.25285777438
772.264462591569,1.59404345832958,8.97000835869119,14.6485443845143,80.125791170493,155.858250326839,2829.76364630267,10895.1880367334
721.741246407143,2.81242498723542,9.41988148175023,22.8577364867166,80.9451835785989,111.865432071715,2259.56567454881,7909.70815196365
744.489094093714,2.30105450242045,10,20.410237147882,86.9121418677003,90.4326564408968,1920.49790180943,1213.8920749225
741.170652670072,1.99664143800053,7.95018078156118,17.5579969757089,75.7332106234847,110.591472266368,2595.4248555749,5622.98135434247
728.776563549957,2.01597446409165,8.33557894027203,18.0036802166766,80.6084430461619,70.2174124867058,2098.91456967667,3142.69520310734
487.326545826631,1.93537683028636,8.66242372311781,6.72228227483004,73.2353293089052,84.5447753726239,1809.56979171205,5667.8475359355
308.416659930281,2.08297185498788,8.65314145651897,2.99924798665592,72.0444278166923,86.8485656689113,2502.62091532609,5510.12129206998
386.601185293767,2.00556253273222,7.85855401537103,3.72488297594303,67.8044896231593,90.9775955875781,2380.27969155411,6903.59283096216
627.261134505471,2.23630882693906,8.80804738543207,15.2695885081848,82.569898183789,83.6740869003449,2524.29531421424,4424.47539384176
701.743815522553,2.58356100596128,10,20.0134826501472,91.4615637880641,96.3302411529903,2356.87474504917,2306.97494401521
801.195657348805,2.51169192516656,8.21927770239762,24.31997637202,81.2219002037263,121.989659207086,2964.57802835741,6040.91378048952
669.850298398779,1.94168533913118,8.55017075551723,14.7741248217706,75.4104520322342,140.418947211058,3368.7515513836,9632.23172780338
835.237116605583,2.06941463325175,10,20.8194274398227,98.0001699963921,135.673626271337,2443.24373046605,7804.13450874362
914.703223351138,2.76018923986838,8.04838908562544,33.482127818769,83.0215217308542,112.302135909959,3489.47963074944,4222.04652517737
506.656280700555,1.45822497836919,9.64513054693369,5.88309528811838,78.6278841072038,134.475845174301,2239.88560387987,10790.7532503474
510.11631640073,1.54645159501458,10,5.92667960738103,76.8697497732544,125.384960377826,2830.81415795277,10534.283283741
680.898874504721,2.33425510207463,7.50133497249878,16.9827251532059,76.079577308844,82.9726734015022,3302.75897722355,2802.83239322509
680.776345804793,2.42998018398638,10,18.488952949105,85.0940101815102,76.8871592371717,1974.09975142826,933.593436323993
377.337651563956,1.75159422550177,10,2.76553343993463,71.5418590962508,101.843822955037,2112.44808169731,8654.39579185838
540.843884330769,2.51307648378641,10,12.6100060933361,76.0011970692344,119.718692240408,2925.53683766802,9603.71287484069
564.627770475375,2.28589414990116,10,12.8092691008994,85.6914458374927,129.757227107019,2754.08968691758,11146.5102254649
774.47006564213,2.88493390235443,9.76366490029013,26.1668762603589,81.7602589980738,135.841747828532,2019.55845189806,10288.2003349714
675.631026497032,1.75343130278781,8.04586010682576,12.4173431419764,74.3527089188165,117.870724470332,3308.5853881296,7105.88245027056
599.933986577524,2.51618932382939,9.25880149653626,15.5133038870182,85.5053653962624,96.7311359493564,3170.86738939912,6330.57573133619
810.599410931296,1.60908296831591,10,16.7819710578474,88.2145154570432,82.3204113473621,1992.54369473004,806.251563888449
830.68158427754,2.34793861427685,7.83903258750525,24.182560618667,79.1374099014656,102.304688533784,2743.26903452127,3213.22091529256
736.579643691413,2.32784270924872,9.01900998172224,19.2556818116657,81.6229882930924,99.353802576271,2234.75918961825,5555.76226906219
402.769235347743,1.97964904605528,9.1977711530445,3.28643774779786,76.8597045237218,88.9292855680666,2283.15223599461,7413.54290091925
320.386637170686,2.6139931869428,9.08682813292961,3.4065165324054,74.7073691706682,95.6130340316095,1941.38013623972,6629.77016650252
485.295027671967,1.50655596717902,8.12975438861984,4.86622271281979,70.8555503576512,100.430465795802,2939.58349422139,8668.9958864986
738.062985654392,2.1783001362862,10,20.2192048597943,88.1086585147015,107.84470578321,2368.98255437501,3577.43623975745
308.794958106262,1.77465187746691,10,2.21743061412718,68.2335879015823,90.7003893587923,2139.01515812708,6714.47868417721
737.980902551645,2.61524792867465,7.55601813429074,24.3363661179518,78.7651575548634,78.8808605875808,3300.97628407697,1469.56467729871
358.264370975884,1.56460113945915,7.42186838069985,2,66.0410676141218,72.5717453414143,2001.7710487552,5050.32075941528
865.893431874485,2.74733203227237,8.47905193666257,31.6112321833482,84.9034997947289,141.403658790375,3158.19362551734,8751.76916250061
386.292897024636,2.66377003994273,10,4.64837246568417,71.5770700203568,98.2933055488749,2092.62610676644,8127.40938771948
506.527173976699,2.54040599416954,10,10.6942925884753,86.9280787340375,128.733802987109,2184.7378450373,11397.070108894
541.237722208916,1.67760955902705,8.46201954092769,7.49808417795107,75.056821917316,69.9972135502657,2700.21133489716,3556.80238586532
529.618695682045,2.38467249566258,10,10.2997421588848,76.1792879554845,87.5380638021426,2860.23854313912,5980.08229091377
990.879268333374,1.52155103877508,7.94184421591059,21.0285343859359,82.6326181875365,126.681270805105,3448.22271395501,4124.83455151396
322.752118895148,2.7719438869338,8.00895096815892,3.96097414621373,67.3200683119037,74.0941909043395,1654.37683935609,5346.63425465092
775.4840932262,2.58446279026293,9.75825162587538,24.927896670114,81.4719437899292,127.013590609425,2113.04739394171,9926.45142856327
853.678024897912,2.29673059634888,8.5405844829372,25.4515677913175,82.3322883267571,136.9765057556,3550.14756826674,8026.29982707335
928.504700239443,2.59588714964493,9.25153772127707,32.1530198349663,88.9625950039269,165.243874276388,3229.06737600307,10206.8531048234
400.637416305626,1.64148614497766,7.1592726211142,2.94327998978928,63.8233443417923,65.5917143493212,2073.66943699723,2738.62219165075
526.91894062849,2.09985772143627,9.61402197096069,9.0895857693158,80.0006778054298,126.634023076665,2317.76881373778,10106.9722962558
739.663249507912,1.93691473772467,8.04010942019323,16.8782092831745,78.1768827795353,61.8512910803546,1877.78400394742,1157.38501596223
747.967248145951,2.83225506781465,10,27.0590749966323,81.013362941714,136.824941038948,3025.03403710283,10274.5920848087
419.344440715649,2.69003972559348,8.43316157089164,6.19584571389691,75.6284655055381,86.2798834789514,2108.33080696705,4119.81157406801
399.620939292309,2.5141063445111,8.33098877622028,5.02256327362819,74.9336516241097,88.4664661068624,2649.64850862299,3960.46396755473
548.117586934976,2.9006214528746,8.71813228127969,14.4935783267024,76.5424943322017,85.7794726500504,2166.5020470159,6132.9743436853
960.110810851077,1.74632733041053,10,23.8746624452111,103.519220949872,169.418310475435,2220.07404367129,10847.5920649556
762.824282692162,2.85131984848227,7.68956587306579,26.6537123971046,79.4870007132523,83.4086861044296,3125.87417723759,1025.59501149546
478.205115368696,1.98785734816007,7.6707465306152,5.84225159285957,67.7044121756206,87.8243965281504,2565.58013249524,4374.5407257782
897.85309070921,2.59919507953673,9.20138611092229,32.5998888182572,87.2551526860563,146.349150016766,3959.05011390124,9922.29187551669
522.536132712955,2.60462536766467,7.73122599569452,10.0702625689187,69.9513061725798,76.1887049158151,2242.37431083646,4856.59925179013
581.962228960482,1.51039918742539,9.77708100734121,8.18184173499142,77.2185464683143,64.6896218678198,2896.44276633689,2690.72587356774
760.982071311588,1.90958200068957,10,16.6602434032766,93.1661668032167,115.030732539637,2044.18398161993,5172.73599464553
588.45559607964,1.52914900861275,7.72561522030669,7.94773927909952,73.1646157985076,81.1355994817443,2757.11722094331,4741.07751640836
463.965763655998,2.99563802641537,8.66490220425468,10.3646458790044,68.4106684242793,120.877047257854,2285.81014847143,10569.5782161337
664.282605816635,1.62100425798165,10,11.3939742114117,78.0211017876296,121.990408202437,2540.12825188127,8881.27813317407
737.993138278351,2.1390223235893,10,19.4094686477048,94.2669460287723,122.133675774956,1844.33995464067,6056.27111318407
634.97459050154,2.48221093766035,10,16.1969815373033,91.441686436418,140.20325432731,2417.46506751644,11372.0762339373
428.898831082063,1.75971563840935,9.77607526582133,3.87713677586591,71.9445439764862,79.5299865755242,2282.13467726738,5618.05284403516
335.783921135023,2.22757900214321,5.51475867515601,2,63.8576583759892,35.3329652459165,2398.45740413983,1140.61613902303
900.152770633299,2.41114314138173,7.92984802157188,29.0719716705209,85.1526225212685,109.660507692575,3463.75486225255,3385.01753996483
808.557894505174,1.62508193411295,10,17.5059102883405,93.2285422616909,121.363899950451,2187.55770726567,5296.77528241244
873.310644168956,2.59360310354292,10,29.1877383176145,94.5409060967829,93.3115708781188,1891.85667489187,2225.92886560732
344.303471761832,1.94900468578405,8.43211692155295,2,67.4842361043501,127.570899039621,2030.97515468555,10923.2163895645
839.489336422692,1.61364273270735,10,18.6884815905702,96.0335515870267,157.320577577295,2493.05834217526,8935.3378759955
521.966824851556,2.33743311965613,7.88967439797411,9.05349878319332,74.1339117626231,77.460538524353,1764.18377354176,3451.1592047055
838.784114738211,1.93039719119596,10,21.0560476743934,95.2767951771147,131.467636314923,2460.52771311621,6998.84986869707
445.43986612211,2.77918255189114,10,7.55632418961224,73.5725787482554,103.973637602447,2809.08994518002,8435.94072820529
657.725481824562,2.69255449242028,10,18.0839318543957,78.9018184302498,131.495977652624,2517.42379286264,10854.0682179748
702.964683079733,2.13048103563067,10,16.5233456164699,81.0048292700728,131.475587209077,3383.78728835689,10197.9888409295
429.958236928862,2.0388956620884,8.33394217246489,4.14694525194987,71.5919644824354,94.60016048982,1842.38905136222,6167.11448752035
355.217195949475,1.9882769724469,7.7028559046466,2.42972475387695,66.3114930016358,111.997640725399,2405.80564630366,9021.17881772319
481.403994401683,1.90134543462226,7.68140337840505,6.89400572523233,72.009977794695,100.206283963419,2824.56605054382,6683.59229210344
647.792587151772,2.21519450451823,9.71972381525707,16.0925926252277,86.1042341646986,84.3826421080962,2743.11976774197,6579.74279050094
652.049842198725,2.70746790710182,7.92103168332935,18.642192914033,79.0067994756915,64.4658125958821,2234.05223091351,1762.16154172011
888.944476671543,1.96613491230534,7.51260210452205,23.2818934909666,81.1002655681567,95.2483254802148,3491.50445250577,1887.51423817767
496.403858476269,1.78514113453212,8.52616463996052,6.99913015933747,73.3054377949555,88.6401411131493,2103.06056623357,6324.86976524703
757.941469761471,2.11757349709931,10,20.0745971726912,88.4996823537708,92.0106938651495,2262.91077929093,3457.47699476907
339.186168275534,1.6035516251965,4.07849658763391,2,63.9161109246773,45.1598993234471,1980.6698656969,731.405927065155
378.416849948181,2.55191850919456,8.90203664927142,3.11966246604111,71.6879500145816,98.0224125623151,1637.5959089811,8451.23124290233
646.288689698453,2.2694013472525,9.62043605788989,15.8956710180583,75.4073089427237,57.6727582190385,3315.02294990375,857.352563591814
637.275514388925,2.046815011445,10,14.8887953576219,92.0306987098182,119.423633386763,1732.46269403714,7048.0452521446
978.227300375373,1.95066806932503,8.55729351777554,28.1986257186302,83.0008197716241,129.026513965788,3490.20298468864,6431.13173540046
713.343151835726,2.8570101562976,9.78642422607245,24.0797068971561,83.5747233806496,144.941557421858,2033.13630688855,11156.9615963558
728.752869978628,1.55631007721636,9.34051014144722,12.7934745259614,84.2901118809109,110.927688449599,2640.25397348285,5826.34453282406
962.667525846076,2.76267844286983,10,35.2372074061399,98.1795177278859,96.0244229738652,2032.65224040822,1199.61580015577
504.30248536162,2.06505780362388,8.80312140936094,9.04977395786722,71.624615305407,100.03292633746,1792.85414669362,6568.56764587108
723.3503616752,2.70631059038618,10,22.8134323685938,82.3079465248992,135.006657098266,2992.33111492835,9752.05787677711
379.030650145825,2.59314218749858,9.11639192248009,2.93772930008011,69.2052134085828,134.509449364837,1859.63877621526,11465.3421270958
608.656717843294,1.5479001953768,10,9.96888488723782,86.6860598895915,112.421668955022,1950.83408802213,5233.7749105798
692.445697331925,2.70124946347202,10,20.1259016274935,79.8845463312011,81.865328537092,3152.54271545498,4023.28616746417
276.178826798929,2.52326525054926,8.27093191559312,6.09422425011006,65.7843398048552,115.147486302587,2138.21261875176,10473.186266472
995.409866930369,1.49805724320641,10,21.3318326601826,98.8369078370948,105.813901928448,2732.29931257279,2603.66341983733
637.398214800778,1.7005540231645,8.98571951033473,10.5178039761402,76.9277749702566,108.554175800621,2205.17501252359,7269.71806536219
676.724855121053,2.45344208375354,8.68181879262745,17.9975532775752,77.1566811994934,91.6611562026127,1827.25554729864,4962.85866599042
736.031349697253,2.49390075432043,7.3855444942053,20.7583778471983,76.5312945931806,85.8458227912337,2976.56129127215,951.906014511108
636.932696959844,2.61997714925639,8.37430940409357,17.7772030501172,78.2860056732109,73.0998346458387,2255.33307573996,4320.17321736268
321.609968627479,2.52157847809975,8.5989792815996,3.31479868752189,72.8340559545765,61.2812502978745,2404.03354055295,3417.51374752942
718.9128599618,2.48927993200493,9.171375884443,19.1471522502077,81.3133071094524,112.229129083782,2446.18225133422,8047.00269337836
309.36843256105,2.64935835261963,8.16339555261508,5.13202058929083,63.0033928318365,120.037000516787,2032.2246940785,10936.6954746111
648.679033416885,2.36262855883856,8.42811447282093,15.7211301245803,76.6442092891707,74.9270374577881,2360.13363468189,3448.51906116502
689.792200493091,1.66835499799079,10,12.3887730069461,93.0430728644799,153.714951598278,1811.769116741,9426.1253306685
273.958609299115,2.86856492059608,4.89422848933905,5.76844408925616,63.5673659590332,30.1690526788543,1856.29889030584,1108.9579863225
792.597471419758,1.40476630253835,10,13.1821282309402,92.5558891170957,121.522632648865,2046.65260018154,6419.33111043794
384.643105136395,2.03240455940383,8.15289043115488,3.89408545576073,75.4674298576378,55.6280060106647,2038.9884576137,1276.05070080884
891.77759533062,2.24404026560065,10,26.4148997996501,100.612104448209,169.517012563767,2377.30065176833,10774.362902437
418.782921691742,1.98143019325991,9.24803116651769,4.24898455326177,77.1380923980377,110.52366492282,2713.17080847611,8929.86408613129
471.236278117914,1.48769158631284,10,5.35906603671065,74.2143161467796,99.1026552084243,2935.74609551141,7737.44902325052
583.719625632236,1.47154852529806,9.83237356629547,8.37106481860913,82.6631104429245,115.007085420365,2865.87254032695,9562.86019787131
713.987311030925,2.23732297859855,10,18.4130022000174,90.4610421826484,138.096682140595,2038.40986972523,7622.71775127179
488.994058104981,2.72804967618294,10,11.0273132681102,85.9761582545375,132.031629714751,2936.01300977571,11158.3883689172
707.810885520193,2.19815994412388,9.96559497159935,18.3400011220021,90.3996179250761,115.974646230701,3051.91087513546,8353.53742651249
389.604924780513,2.26013672703565,9.26342423881336,3.10950972535226,67.3553795000956,122.952882309094,1984.6852897057,10671.2447054047
341.100794740967,1.87550793539225,8.75047684620527,2.01765949552283,74.7082033558861,93.8676148676287,2643.92377566142,6188.45081211702
464.17889256651,1.85695355263249,8.29216747454743,6.57429838902154,74.5630418311563,55.7321750706901,2345.80127259956,1787.70854280049
512.188383506939,1.45094785732367,8.84959043147573,6.09110477306159,77.4397310084206,102.574747775337,2216.30928546969,6309.95493565319
571.329641068284,1.8943509598456,9.75607480730012,10.4679729448882,74.8748542378574,64.3501403605167,2640.21276219077,1895.60110869403
486.211848087504,2.04655280410484,9.12262455096291,8.39650791763456,79.1155780573379,110.073365095064,2879.48428025153,7017.42827094046
526.469095077982,1.79692467457343,7.72344713098482,8.20545668985544,72.1728942784044,91.2157298624689,2899.34790051112,5807.42366580429
319.659743834237,1.58108328793547,10,2,70.6148271791994,96.387997636296,2291.76778302802,7348.3293761606
401.118638369495,2.5765918008819,4.12176004468653,4.14969189920305,65.2206382956055,37.7518742668042,2132.58169767328,610.516791603148
491.127957328202,2.79185094033696,8.4408810793989,10.6679638445905,77.0207934451406,51.3029239171331,2218.15067397232,2643.24540820901
623.78924540343,2.79079878785558,9.34329207175296,16.9367938783178,87.4855465159985,95.6135888657727,3275.02020331627,5904.63475103344
783.138125948698,2.24973760815386,10,23.0946128769766,96.6164826736019,134.851276539926,3106.35180433632,10955.5391774805
555.187703314431,1.57916187389892,8.6417255516162,7.83278308984529,71.8514424790981,78.2902217278975,2033.7971812365,4719.69944390674
793.43842347086,2.52132455764348,9.67349918476273,24.7956525493378,88.7796062933975,85.7119152703793,3544.46861709673,5168.09228658998
451.124697456599,1.60712898191359,10,4.82830069111275,74.7683650809918,115.476183058541,2760.74387379709,8361.65697907284
660.803846389861,2.50462217653174,8.37196451975389,17.8437297763229,77.0682021607344,120.102482641977,2948.66637011448,7141.7203301473
382.831583738206,2.60164303676445,8.62038148771721,3.56685523946261,75.5359797212866,56.8885533960404,2361.48769833673,3788.18765108167
788.293709671099,2.58879706623971,8.07711182023729,24.4506866061662,81.0601179837675,122.073519016041,3366.76164947547,5018.98035124171
360.716868215993,2.9278257086417,7.2942801765224,3.18996820875497,65.0835507162907,59.1244041944167,2219.86245456041,2894.69778742956
348.527065491689,2.60721942670108,9.31153792947807,2.95538805512887,69.1285879410287,118.647406012119,1754.58015534376,11126.2360504323
516.330053845358,2.53981466697271,7.68124681896777,11.0169034989985,71.7966527691439,60.5739574261493,1560.69827097328,1936.97819713096
469.057885829781,1.89261475827465,7.88919034626039,5.89153712307953,72.0536465357065,64.5459406042986,2056.20470184851,4590.20463023061
361.309610228719,2.8777189119412,8.81771915793768,2.00863915115936,70.4735460350486,45.1051574053608,2744.19141587064,784.228694420123
448.058565305954,1.73464223639569,8.59329820646681,5.40160484084534,77.4930440537516,64.1445109676872,2805.04061987603,2939.57441126901
954.574422142156,2.53285116593871,10,35.551049445604,103.685353466158,149.666478515888,2238.72211623952,9085.1825221817
451.02443274467,1.94673657511579,9.73164985508247,5.44302375836586,74.993401620537,64.7916414619978,2531.78103855925,2712.92755517767
656.977711621026,1.68549280352225,9.59336176585893,12.2151410809711,73.1247616843996,56.8794030259576,2664.86884000065,1380.69742781862
464.216477880214,2.74002454090676,7.72046039946436,8.38895545167962,71.876239293665,86.1350260205045,2348.71990553695,5718.98497828976
513.590581204186,1.49763135075854,6.52129038179921,6.10928189076325,78.6926995348205,52.7709443868739,2612.5840381494,609.661582079703
419.512818401835,2.72188913599433,8.32532875434853,6.79054527429825,74.1804598658662,43.8714285140259,2635.8052491491,1432.42769868966
484.507349672973,1.77501387695861,9.80314331164443,5.53155467357819,80.9473178255327,111.299060295456,2150.27283697571,9383.88456519273
596.053606735521,2.82708190913343,9.08329951523083,16.4953859086568,77.8397257013956,120.800324436529,1971.0914730388,8986.20679345567
475.376607374677,2.42551214529701,10,7.56373357118958,74.6868952164483,123.868548922357,2633.80298293998,10566.5270244539
407.448216787116,2.49927499927588,8.93535991905653,4.56571422615382,68.0311681106377,112.941736360077,1620.85904267625,9899.66979501824
358.231374445816,1.91119256526196,9.1039319808095,2.10540359849702,77.068370682532,106.956958528782,2034.13006341747,8014.931195638
739.883468954783,1.57485997435907,8.28059753503622,12.8628748958526,81.0150015974795,68.2494774234023,3060.58915239214,1075.66143030729
520.156487875953,2.53667953852967,9.41926576171826,11.0378821948675,80.2982267329299,115.365024094085,2704.74591605923,9111.33479785323
850.083328697172,1.54118853237184,10,16.5272830632239,97.9238965692401,153.651947139899,2308.57575456221,9800.61891924616
421.643626397882,2.05838796284213,8.26064011166834,4.91644769548659,68.6625135892128,113.258375337497,2283.28474132531,9289.9036034915
955.398281425287,2.40053202826362,8.63785425483876,31.2395716789332,86.429316290216,121.529872589174,3189.42164598296,6093.26938838829
441.427198356874,2.22338060784093,7.09494174817771,6.38179510358215,68.448972913302,63.1876754874627,2228.49545029803,3061.9202251443
540.390708974557,1.79799095275698,8.94083577629178,8.86105117638507,75.2216522542529,124.106481694558,1639.2552300858,9798.62973257599
969.840396168685,1.52916466177828,10,21.5053127048062,101.756015146229,146.881774317087,2138.95433680501,8498.79090714152
901.891358615874,1.68486940837544,9.25770001761606,21.0328289936575,83.1829613914631,171.792558799338,3707.34708768721,11288.3729182774
644.619962938743,2.71722196266323,10,17.6868805703922,87.0210868151534,86.1168780838188,1590.45181019854,2212.61857531526
312.196561418885,1.547339323592,7.0439042442907,2,63.1568092271462,60.0917118345469,1927.25048325794,2982.31041357261
914.849145175777,2.86062423845612,10,35.3202221945448,99.7123319821903,107.806851776953,2047.09852667656,2829.77964869653
717.925660589977,1.68731341065198,10,14.5382524041244,89.5847532489743,117.845376495749,2941.75016824797,9217.9374438347
440.816790181604,1.66548344531862,7.0994461592807,3.68910337703455,68.8617056142591,63.222050764703,2360.89988570483,2555.9802609513
577.22761393332,2.35330240022164,9.73324195508219,11.8197576236419,76.9039903041937,54.4374826120316,2442.45956576741,1233.25812805637
871.176536998006,1.61997893691104,9.04563005394016,18.871487756727,83.1117426257133,153.220591484707,2869.24687584928,11484.1688724419
803.690520998924,2.40367989474539,7.35429987435884,25.0778821897065,81.0387478911531,70.6252658028309,3576.8944636523,772.989325896641
640.099561741952,2.5966570936046,10,18.3152326256015,89.2706459940782,123.118894780408,3281.12517807286,9687.68466174752
354.240628783208,1.51265343089099,8.4510977643576,2,74.843616974498,82.6785151745675,2503.01338585998,4519.03525705718
780.639621183693,2.59003600694027,10,24.5284337873496,86.271290009236,128.223379065049,2897.77766627524,9757.77005733597
675.077411897461,1.99966914030523,9.57080769191133,13.9496975681246,87.2221463483614,95.2682043783989,2735.74575511299,6600.82540332259
615.587102004503,1.73923595074681,9.25788336557961,10.6634721774438,78.0247529800411,132.167553749567,2192.50039705518,10417.94352435
458.16102850474,1.60701642458605,9.45138234093246,5.12443987950621,78.5125823533996,131.653774884192,2302.46007628464,10688.1228505609
706.334420609855,2.87814681554134,6.70596390424384,24.1249840667289,77.1301153912312,73.9948461493363,3030.69445851679,600.079994088536
504.671481914472,1.65114274754466,8.70197021784829,6.54838540748717,76.990873105408,52.2807542397522,2760.5774164001,1329.53393592067
481.55185920092,2.80017418067349,7.19014493740549,8.80011206616767,69.1139967396743,66.1186761137962,2587.0350827477,3253.94602527941
871.798410198089,2.31636693147542,8.47346142846412,26.313416044518,84.2174557801085,131.912247278809,3235.13481043952,7862.46957999852
491.320577532786,1.55858426822466,9.03467317917485,6.46683216654516,70.9383296052737,122.887445772324,1776.38988729763,10270.9941616266
864.650237841595,2.19671421857601,8.06002290810225,23.8540691645354,80.1375978225322,114.095406116638,3595.67936082938,5559.36146423359
706.874147783774,2.64465366104296,10,20.5771899461645,80.6132597974716,108.731785796353,3163.51729400182,7176.70427901692
313.142386168804,2.58930418145865,7.68222727830088,4.34672112696846,66.4532518825122,50.1620394075321,1691.66966491839,2573.49838075117
407.717366775596,2.23317362652708,8.35659178334651,4.92926160392358,67.2584808374847,107.419793464809,2334.96321971079,9354.63517269854
679.277614233396,2.66056176424123,10,21.5002237826723,83.1776413257916,135.459608445669,3254.43658467022,11140.6092248882
841.150564662182,1.68054714267034,7.62607332511128,17.7913005659715,80.7974311155375,102.395511989464,3734.48175140005,3454.58826206057
860.590435171628,2.65208140036855,10,29.3847436449965,96.4615182937168,132.731901087484,2390.86716987059,5943.08546760601
558.338196302671,2.75295986090673,9.65671806105488,13.9648175451719,73.4770599466632,52.791440149815,2640.07395873293,1447.27721557011
795.937272341155,2.42040398184146,9.37118104196463,25.64217211314,89.5359079200271,115.13935883786,3531.89333823568,6650.50322109265
327.310768244519,2.65831294890733,10,3.89628761909124,69.8441631750652,74.7102925445269,2366.69904154806,6030.61786031349
421.865687620332,2.315723260264,6.87271773684539,5.86838746991666,67.3333918518506,56.6871782137922,2754.28752681513,2088.80132570585
345.708274557259,2.5127436436465,8.03010612283248,2,66.9665610641983,70.022118428378,1731.4228888901,5362.72834429883
663.914224845428,2.218727114835,10,16.9215372903804,86.5728173164839,107.948236590326,2111.19491229259,4175.1511729522
491.519175209131,2.03314279576192,8.63824187253876,7.31257339124591,72.1193645411807,92.13586481489,1933.88508357948,6240.13962835708
377.770045750244,2.21714942350517,9.04115461068452,2.09828581755437,75.0529514665818,105.926147720033,2071.30521274672,6942.19768971679
985.47486638266,1.87220591409236,10,24.651807653423,96.555760822171,96.3316957069608,2355.96140620306,593.451364679305
981.376421853806,2.16041875626118,9.03434432435945,29.8820695144197,88.2128679385405,145.107991680501,3010.09364340002,8871.06581244511
767.638376177211,1.92116311089036,8.43449727873568,18.043159300917,78.4281841299463,136.439644520148,3107.12622900874,8343.15721047915
619.87385601884,1.68433168419208,8.64555665671703,11.4970728548515,78.1201686513459,73.6928671851575,2239.43289990683,4529.15024827174
566.876660296893,1.96848633595623,8.66036422857539,10.7610878492123,80.6060659695933,45.1408527386994,2679.24990964883,1082.295291257
707.793490257884,2.57416366270087,9.80673276284992,19.300453958209,87.8923808724059,121.30376325813,2467.57684866003,8804.25793763555
850.978243926777,1.78659387660031,10,20.3762606952552,101.686337715205,170.912289149807,2034.39230440131,11006.9267652595
300.126227245281,2.56708900993172,8.58874708695197,3.80689403110451,72.9851056211112,57.8502813305671,1867.41427136832,3141.66755624216
917.111034963409,1.76279678135724,8.18334055359558,21.4601976226733,80.5263989925963,118.329913363176,3735.66857780455,4058.77075110742
673.424060648059,2.09172496130318,8.73869959897434,15.750342894283,86.253360348579,76.5892546169618,3181.45766636798,2521.94178429996
828.402946948268,1.67228410400276,8.11613512805759,18.5119987943118,81.4602999104047,130.590887583653,3487.21991128875,6846.29735679324
751.459486616527,1.676573183309,8.49535048845553,14.8187772807568,84.2748608456982,76.737726753724,2627.17879730719,2203.255341122
754.223102845201,2.35469407326605,9.00084957579663,22.2942205671154,88.3541639855111,89.4116957001837,2576.86679020544,4418.13337807517
561.955838352199,2.41122272617352,8.93495864977462,12.8284368514829,75.8181307040617,114.390638460079,2235.67620378394,8167.14315327689
462.795880918788,1.82005786103229,7.75977381675728,5.59490839671542,69.0529977107282,90.2999723078488,2231.18325703653,6661.27581310283
798.261035962336,2.2116347914332,8.69676624659167,22.4781094685843,81.3893050833237,84.6831997867063,2437.65400407998,4751.08820760729
449.410117405709,2.73530147855825,10,8.32662367171981,70.5699365517361,74.1317464247784,2786.82777904383,5122.74561988296
462.308621155739,1.76130226301472,8.79274637717043,4.67854123645411,72.3373044624646,98.3409223230708,1786.15710432765,6683.21970885552
713.970865932224,1.52881579961027,6.48935870091003,13.1655857603348,72.2070635222334,71.0449843649199,3022.97478728836,564.512006758774
747.933469578934,2.44983427720403,8.26655399943361,22.9231946954836,83.3460870272065,75.8317892176962,2759.98148736614,1363.60855298971
897.795355979707,1.37888748366146,10,16.4500363414622,95.6120610070807,164.361879363369,2576.43618915812,10193.8387453931
686.974997104585,2.96991035785867,7.15935684931826,24.1190339238453,78.6508672024177,81.0287214502518,2797.18455722012,1356.6688800042
593.618572919288,2.41443042569832,8.50213052553663,13.1747002476299,73.9991045398027,113.857934019708,2559.93330723157,8274.83955831556
505.836597856391,2.20559452926596,8.5288917603068,9.60661296778936,71.3372116335679,126.15921816504,2672.22172755649,10620.4198051996
725.261054802487,2.14498881003646,8.7073572217964,17.6997829649348,79.0552922724686,79.0690055895899,1974.40546429496,3477.51964731904
324.0753945866,2.3596059877754,8.22699315711417,3.54335938469128,71.7365750742144,63.3899868612997,1744.93238867682,4575.40580765466
552.480459471084,1.58987048205518,10,7.93801732030678,71.2459397148161,96.3373066067746,2712.72725482339,6758.13546429188
894.509400354464,2.89502858822924,8.89198199618504,35.1589068714929,85.6799662234117,159.729369793511,2958.80328062282,10198.7986660244
571.473292285921,2.26190274428705,10,11.2850641128375,85.9623474362927,134.62162275709,2310.04229775286,10860.9614598646
633.323732849639,1.77596774641636,9.40324222967825,11.5084293081005,76.5545285658026,116.482655807832,1764.64147269666,8635.19572922395
708.937031795236,2.32968317504695,9.53379754747744,17.9628273491036,77.679554764482,62.1105516594255,2630.08828980777,1452.81736940163
749.734825184079,1.53285629834829,10,14.6371062695887,91.9943193588109,138.163588265823,1900.10883454386,7860.69571088336
547.034036466548,1.52632907633747,7.55183511983844,6.94817376988951,70.1492885673586,71.1473346280691,3017.15666987702,5013.34094059928
381.458052382645,2.445775477821,8.32067642265585,3.99873839786025,69.8280897716011,79.7046619932598,1492.27399151387,5677.71099440168
435.443027513187,2.45557036279183,7.9691792799345,6.87788478090537,75.1814690918956,37.9381485451796,2177.59344643878,1040.63229379695
321.672809963663,2.33434210100065,8.47130037000801,3.96832020085003,74.981637273312,47.8941382503082,2065.43715649516,2601.68353280994
482.213405667626,1.63918859462934,9.46389137248913,5.06881985537426,79.5625401912837,120.475834761182,2612.97319033321,9195.64968287013
489.95477241206,2.40514478774215,8.54761435362977,9.68846026638573,71.7692802419557,85.6329554321059,2040.26798988836,5493.54716352646
922.1082388829,1.50912779544902,10,18.2056080332594,96.1626105368422,122.667631287414,2597.99284795205,3818.28465794264
478.59573460138,2.41385753335788,7.65567070832832,8.79604710023413,69.2044697804476,81.9797756441433,2491.53469456906,4724.20981361454
402.852895354483,2.33102552866143,8.40497013838519,4.79701359540201,66.7050103905372,113.176229964971,2124.94648631374,9898.39464658248
626.056989311874,2.30206657031108,9.98844974925221,13.9380338724534,82.3269110911725,117.058373981537,2594.018708151,8738.98919145453
326.391675257846,2.84321340862859,8.19378145316099,2.85139338537926,69.0589047305177,58.6260753841431,1520.05965876557,3495.46936899191
713.095037606432,2.77553715785931,7.43939484145368,23.0009716052218,79.4255750669435,80.9614097197432,3247.12438438387,1792.52024233611
469.431749334614,2.97098128734381,7.12651203477715,9.27434500016849,69.0848737719342,63.3316686029704,2682.86376960259,3271.98043808479
474.478386728856,2.96436154940486,8.32397855287795,11.2279352798832,68.83742539504,124.990782213457,2341.15826188845,10628.3209616021
909.653863482971,2.42926951433946,10,29.4597584529141,99.3685615036104,120.97455192914,2590.17139350042,6897.47721634731
791.049915668761,2.93462943326659,8.25555810319948,30.9697638576259,82.8339271984336,120.674378827657,3450.19383291897,6368.28229619261
661.277048308078,2.66908943198538,9.57773497271393,18.9937344740728,90.5206245805452,103.92359154773,3297.52224638142,7060.32959661708
889.393116396066,2.59137367484246,7.94979472314675,31.8391904763127,85.0011965090322,111.196572713956,3051.67701787676,4526.31092321167
781.696689184924,1.51222494073137,10,14.9219711609388,90.4939084566255,129.728348297385,2764.72621043686,9378.17722351464
325.295579248638,1.57357483240483,7.49765925615819,2.44515727556593,63.8220972739319,79.7878563769611,1987.96626578866,6256.14874230275
575.83978187632,2.73590750978528,9.53725656008647,13.8430735807585,72.0116181866083,53.0186905025334,2652.92467423529,1784.22693045675
460.617554738664,2.23448378680755,7.23335052132362,7.09771269607883,68.7273022226818,50.0618610082525,2447.08043894198,1919.71637311969
799.32394246711,2.57661785786096,9.4518672469378,24.3088806029448,87.6261230237096,105.469732069494,3518.45337103199,6405.4506115288
720.414449758328,1.96937740598283,8.96434511627479,16.1423965910755,77.5644748532481,152.003794443032,2763.17960229383,10802.2723987792
561.609009983646,2.06247806110902,10,11.0335306794916,75.4278814879464,64.0531706363703,2858.18667740738,3891.87333843819
738.474123085456,2.22942447159571,10,19.7971307281579,93.5958669730899,152.955928508523,2304.37616002702,10064.9528574514
562.9464842895,2.87299010539814,9.49023411574132,13.286303305742,76.4806524883556,117.451453323856,1858.02035998296,8905.05145236767
416.064301051553,1.6097106501656,9.68377356921757,3.53045801923113,71.1101651458204,60.4144890119289,2225.17601908527,3225.93687197598
323.806189213744,2.7754686002662,5.9133561640631,3.71317452130175,72.4868890504483,27.594252070337,2404.45403303541,899.748231478667
586.282726948844,2.66046654503126,8.66525025077026,13.9563019975088,82.9872357790895,57.3212291140293,2903.67094438368,1620.31991656621
467.927157930416,1.97330890609478,9.06486459727469,6.35005847614181,74.1755611712437,109.37232432681,2065.01624251106,8513.43327232184
672.776560699373,1.96430939275889,10,15.3162271061531,86.1444927908618,90.5950494481943,2199.14597079189,2696.36711844711
461.967783039017,1.56969221583286,8.10887163659754,4.26189649296228,72.8479310670375,69.0040385562464,2003.31990079937,4583.98012555933
324.640100723872,1.48540198731385,10,2.2353155745644,69.7624120108488,80.9522147868171,2357.55754891789,6018.69082607067
775.221117045052,2.05894377347108,9.89414416752347,19.5962071225079,88.9690213435594,120.338555157741,2680.40692728751,8480.14985295179
590.57395748663,1.63135751787833,9.79459185752019,9.80832122356645,75.7175040844038,59.1648907865733,3055.69722848931,1745.54345585038
535.169038471459,1.79100272162282,7.79788546280863,7.84679925217394,70.4181761401935,83.775960650777,3011.6798754698,4970.03045805208
511.559098773865,2.70279225105509,10,12.0119373257903,73.7549849471777,90.5451188851014,2470.38009348101,5835.80200056965
961.325867026474,2.16657291955492,10,28.1005108174829,100.691663344497,129.521053134492,2191.97529351857,6449.09770368694
819.161377543289,2.45044865589917,8.89472860906182,25.2123067107193,79.8557729358209,155.692725006495,3200.80677537667,9501.96705534738
586.972661100335,1.78121899624788,8.26857730452688,9.37759921614724,75.7416955937738,71.5969969237279,2308.04429210576,2388.46014547539
822.12789302193,2.74299270668163,8.49741102620901,29.7805340457511,82.3898396378704,145.719903838615,2785.64405902162,9386.14597009285
666.639147933826,2.70715027334156,10,20.0604899257339,80.7153718841452,108.314338533021,3083.78653207108,8121.66270466317
448.329627160722,2.28499139056956,7.59425158037013,5.48143956555512,68.5490075535801,93.4345269224464,2800.79405407122,6614.57895618855
435.799461790199,2.77088015154946,10,5.87848610733066,72.7712698095708,105.483894723387,2654.16406812069,8194.80657442829
372.769765661323,2.65119871718993,8.47371720329893,2.80741880362215,74.7104741000394,85.3755651214541,2357.44038487872,5032.19512846822
603.062194441489,2.56197242460449,9.09955164618512,14.4647831378952,82.4814646667579,63.5207113966273,3196.64019251814,2022.37344564937
544.589980773518,2.60111387354044,9.09854881410902,12.974385126389,73.6713508428809,101.089767648358,1738.10040285133,7823.41764291904
347.987848348056,1.57143571694531,8.62462129540292,2,71.0715209308587,93.7765946504851,2101.0211022952,6271.39537354184
758.246986317307,1.72675348270198,10,16.7165176001211,94.7887883796529,130.030554979717,1920.75269318578,7533.12280597053
830.171747700159,1.60027082972651,7.93345496573488,17.7690561208509,80.8457550600197,95.6326214084583,2739.30808700541,4217.98659131339
713.446616912795,1.40735708745114,10,12.0461165247165,87.6506353406402,127.864433768856,2925.52900067936,10475.5323507382
676.635369541677,1.73746429707587,8.01020911987324,12.0584832858707,74.1194428707052,122.663952851708,2656.11866244858,6961.06855433135
739.398139298401,2.76997781198634,10,24.235386314121,88.9823968548414,86.9397123443615,2230.86806286416,1439.42732719961
929.062449084154,1.73316158243227,10,22.2542118961065,100.452721191977,114.136805905232,2279.87397651846,5447.84389774872
624.211965885789,2.84662723361562,10,18.505420924592,76.6875595560163,116.857592103176,3055.54535824153,8819.91660217998
444.979160901893,2.21153963225893,9.2977244676207,6.39300989995164,77.3239340405401,121.550477254005,2345.11245906649,9235.480179055
722.667561011321,1.80995012107567,10,16.3705445957886,80.0096325233713,91.3104938998497,2707.77386108407,5940.56758040135
546.646790281346,2.24569620522632,9.59826623041404,11.4804872249404,76.6379239674508,121.26867217906,1746.31914233948,10342.2232791443
424.423161958661,1.82864223405017,7.25682644796805,3.55062129071245,70.5260622690205,56.9255886209162,2222.98858795898,3444.35280913727
788.293669600192,2.8515506707625,9.28600233975032,26.6355899990686,87.8035851156772,103.598849981406,2735.46118982991,5016.58566962093
581.490776132732,2.77089747585745,9.0270196777356,16.0946432580561,71.6200599029235,128.112464743106,2506.07775886743,10384.5660162587
479.266341684922,1.4064753472605,9.48408684710969,5.18176380946058,80.6084199090504,134.032814174451,2655.65719601331,10358.8238811874
370.289564331541,2.7258433988612,9.32460519775389,2.75969087944633,75.0806865977379,103.070858898711,2138.51778616264,8042.84045707149
462.833366139047,2.58159766095433,9.13177076197524,8.41312072654281,70.9719834366599,129.580290126718,1676.52631577831,9948.78601834442
260.669141108986,1.62357187803192,5.41844242200904,4.28507726971235,64.1075013317108,40.6569083250797,1807.75740396378,1476.50593651856
310.383943355196,2.33864317241814,9.76721233717643,3.63424464411979,80.9544914967829,115.492489240176,2556.86122595701,10014.9447382855
788.432747687997,2.47039004694853,8.03011914395823,23.5662355131006,81.8552798342022,98.7213883339705,2805.41833040181,4026.81897205249
770.509911348617,1.7981808465416,8.99369791008959,18.065003308343,86.6832239303691,70.0854673203048,2918.68569085259,2461.64663671038
554.975069431273,2.63767005001136,7.1156243635481,13.5033724645094,70.2216145862294,67.6072143642443,2539.06509594397,3133.06819976251
804.577133567049,1.52669431836825,10,14.8816901669991,93.1049166893442,122.207242813307,2361.82899499562,5097.65358815276
582.613190585415,2.20379135609902,10,12.6331842197393,73.583013414021,70.9978332487939,2742.37250281939,3263.11205064914
302.966748373028,1.47422284380476,8.33773430371895,2.78749467669529,72.9069450624393,61.9161638018346,2092.1342043966,4026.24344618149
407.750577916883,2.91403145326806,8.56400681914895,6.77872900698214,75.1832864389122,49.4787245892912,2614.81839272946,1984.76334678806
312.387063467192,2.58620620530084,9.77177467545365,3.26021006601139,69.1431064118183,70.0789549959626,2311.35943818583,3757.94442114898
677.269766347694,1.73827811423948,8.75274650023687,13.8252734230782,78.5823505748991,99.0421713539885,1851.49667170531,6795.12195996201
372.822898013249,1.96756170264194,10,2,68.6913845503966,72.5055664327874,2233.99597990433,5360.3907890017
947.618840990727,1.64697061473887,10,21.9595319682735,93.6295363501698,113.667469884405,2658.37920392428,4313.90637359502
621.662156837894,2.553745210139,10,16.7277657714563,80.8754394461658,110.999360355234,2814.59885865916,8710.97341742825
691.767470606285,1.3832771098434,10,10.5796156322185,95.1614997492081,147.195392830146,1958.25179175264,10328.6096853265
378.860158541625,2.55759745237863,9.25892772844841,3.46753975723881,77.603778941922,119.910872823512,2127.7399586704,8824.68145192637
869.668645323069,2.91329450825359,7.94405411389977,34.2142971531597,84.6567680915965,109.768111034545,3609.61085631586,4152.00772329447
960.334792112929,2.24179206578819,10,30.8322751715077,102.660584252298,151.952530077192,2103.8961095238,8688.86384621309
501.426076620034,1.81944817500215,6.95995032344281,7.19394816139181,69.6217745517109,65.2359920535474,2265.93945828151,2171.78200721456
474.273325801689,2.00726350244646,8.25298277502857,5.90299657933113,75.4351891300201,65.3951746389577,2524.53230297221,1933.4978690042
593.691797634324,2.15231046833795,9.06262573843161,11.2327231600754,81.1523650666881,84.2149376210285,2748.576268301,4301.89740739775
724.304678148969,2.12458158488999,10,17.1733248942652,94.0368275929877,149.809020186676,2273.22792845532,9384.72605948463
999.659826711464,2.40256727134661,10,35.0058564633863,98.9173261819383,111.460387418167,2066.67277357143,3209.83071966532
674.419594230926,2.30809069140822,8.45053936793975,18.1676321022211,80.731749866923,62.4899360393703,2872.04754117486,1195.78749788548
607.190819878377,1.99405279156862,8.2954532924873,13.2019077556313,77.2875960124944,79.777401220293,2519.66649464839,1948.80488726991
511.629571382915,2.64830160737955,10,9.6063639411462,85.1798851374009,126.313190726221,2829.12380159597,9946.19465382538
466.353301590845,1.62208808702694,7.78240084818279,5.32251066921345,68.050022958543,93.9315283423632,2388.07395422934,7471.61613222016
470.808031233667,2.15121444983343,8.24396900036819,6.19102712864043,78.0468861041756,68.0318690908696,2655.27646046933,3285.21279706974
660.102693810311,2.66334725770122,8.17471971713508,19.8067530154525,75.8729235531094,119.892710667619,2786.86670547426,6608.25407860999
497.544261178316,1.5913089979371,8.42861931623524,5.93077154335305,74.2673921137316,87.2633609174488,1969.98037936716,6303.37584667885
765.240409789933,2.42652496292889,10,21.2994975638977,91.3009629011471,117.444084608596,3086.98340517134,7709.79576284727
850.520437909546,2.62498872891005,10,28.8486958907254,93.7765523922204,110.89100844334,2163.60969274456,3065.06309863778
341.977851535451,2.49124694779058,8.965879807643,2,70.054556673795,113.460218270856,1657.84255649791,10008.4328591384
742.496806697513,1.46998599373317,9.02247596007509,13.2467165132366,83.2739378004832,93.2102780848573,2914.38142360763,3903.05418288014
344.10619726953,1.77020554069831,8.13530775748441,2,64.0669314408577,103.93082285179,2473.84381750673,8135.44819373861
697.507797233091,1.99612383159815,10,16.0334050880271,87.1877230594132,72.4515983084534,2001.3687725721,677.371110094364
718.836387512128,1.74414713562686,10,15.5925178041812,87.8391803391317,105.860120346474,2290.91464766085,4599.22842883562
588.601118062979,2.89038789554972,10,16.2555229558605,79.4882748814673,88.5490290973229,2497.85902830371,4368.80799754689
572.344046716988,2.47739087117069,8.89817178283481,13.0670134452672,72.8261186226846,95.2114658406743,1682.2803138194,6478.32871441316
545.706877311441,1.9243790549216,8.30181614584353,9.9260809781732,75.2429510523965,60.67578192241,2546.11068359918,1300.09887954916
901.13790222942,2.89454624799817,9.13748473817161,34.8769459395114,86.684021971595,156.898553068248,2977.61873867254,9191.44511098719
458.26886566748,2.57939101731934,9.68117416399463,6.62185604199998,71.6495349348265,66.3466519042528,2465.54187275785,2895.58881944325
691.032260786216,1.82481773911695,9.77611875665839,15.0499653720815,87.540807825609,103.564050630426,2724.56965780782,7947.41596370211
711.36258743251,2.06832235410293,8.46966311182147,16.0559593793866,78.4102294557052,144.901204043891,3288.16178427708,9335.33335568502
691.310394538505,1.71901368518989,9.73110233887212,12.6694076920678,85.8168060246837,105.128100555697,2982.58804099568,6680.64651865664
482.333536837599,2.95661099739873,8.4746863842968,9.11833332266264,67.6467560629659,115.999226178061,2593.79345533374,8649.71527394184
489.122908341655,2.27594474383511,7.99681371513087,7.25236641356263,71.139205760711,100.680370368867,2758.0466850758,7780.46343436506
418.543688994541,2.84408503124698,7.34572749149436,5.10458297737426,68.8296656223255,67.5859011880709,2178.61214719283,4410.82776867208
866.800613072346,1.78249360466828,10,19.0286223814501,98.0670935739962,153.500462879775,2459.7635954443,9397.44392936922
339.898523279729,2.7477452854784,9.3861050714473,2.53134750833645,70.3202225891562,71.8685458625757,2273.91706115496,3741.71506874081
940.620446819747,1.4467888659673,10,18.0432311105779,95.5149298147016,148.110726445763,2084.13409676434,6783.34209526669
327.773616743823,2.865367056194,10,2.58845656445149,68.9253199105351,103.169678303313,2469.12518650879,8699.37513055693
374.370754935749,2.77878793916808,8.92804104876164,4.01495432250125,76.3305395387633,65.6836089839375,2281.89873155623,4668.51500793758
588.394854248618,2.01216896648032,10,10.7673175653111,76.9994747439483,70.4492878968836,2888.97475784373,3830.44368379168
669.705727728346,2.60049144743133,10,17.8084726686515,79.2490104129971,96.0739917962284,3353.17691517528,5552.80611190105
276.688047521189,2.62838688971074,8.08593864235586,5.51631115185283,63.7837470019779,106.557269539091,2452.14383874266,9497.59843784069
760.38240706116,2.8518821956544,9.91666220302589,25.6304649622758,83.3293499620748,141.405099029238,2583.21123484039,10729.1393946023
990.762677080244,1.96088247169322,8.46026938389316,26.5371573269251,85.57635523159,134.371850260849,3496.57121039864,6495.91754145879
602.975086503855,2.19828000797122,9.10262933199931,12.8809417942932,74.1583652170978,113.7982229365,2144.39079430895,7776.12825856017
540.621727688418,2.79749941890908,9.47454332723669,13.5531673438899,74.1886486898346,123.41606098477,1747.9391417622,10436.0098446281
909.488240297912,2.66786918120282,7.90545367699638,33.490340527173,85.6619738381051,88.3216032984782,3697.73586934482,1584.01536554237
364.925073314522,2.09020007811042,7.14676003483125,3.10946491054255,67.355832690858,64.1156874787461,2171.89935021092,3052.86435652782
546.632217052553,2.57714230515434,9.50028208261215,12.4440129918921,80.8302614092306,118.684434338978,2672.54035093765,8297.90006876741
758.075513407201,1.50786777429701,10,13.5684361572272,82.3928686158715,118.54833260965,3429.15731759122,9561.1890810353
584.479398834537,2.67306945444449,8.3440374872566,14.077834365345,72.1651475124129,119.118810273287,2976.85870795433,9927.31931163636
970.827646420474,1.69551706810501,10,23.5171510927942,96.2695643637755,119.674364856299,2677.01923956879,5066.17894540426
341.856823437344,1.92918136173568,6.75833275184198,2,66.800437498694,47.8255434608128,2146.47167837519,1482.73892521054
416.234520108382,2.23982226539339,8.30133657904218,4.88788111566098,69.3069398079029,82.6359809692408,1526.52942175327,5315.59625029582
719.065802371726,2.09201906210466,10,17.4183571695715,88.5182167940332,89.9685801685976,2230.20793917804,3038.08049227759
804.458889335961,2.28085516030482,7.75938999838348,23.3687684250114,82.8409934191297,96.3150394435009,3214.79432759218,3703.16100496287
359.958594477187,2.31716339350804,7.96540898749368,3.15913744142302,66.3347752290619,110.090557555204,2645.04877772921,8994.94312521256
380.97447850867,1.99729153654725,6.99668918438865,3.60317351275735,62.515289009913,52.1735539117117,2576.70164011467,1330.79794628476
610.31847606038,1.64997954819612,10,9.60334884890912,87.3136933901242,115.560448289789,3190.0201951843,9603.39339228772
516.883986982892,2.65272184393096,7.55227782341677,10.4650396657873,69.9372394802183,74.9279490493119,2803.52396409348,5204.35994406586
667.779099133958,2.09996422363071,8.78400071369441,15.915884066031,78.3387280163005,103.795628494641,2275.66637896252,7056.70324210655
535.048248477703,2.25876129368859,7.12687069168126,10.2307307931225,70.877479714196,49.4703925242234,2365.81472050732,1486.17454359247
316.092201607701,2.42375923115757,9.59043944851408,3.38932284249643,67.6247151090449,71.4082604754555,2581.02708641352,4210.94986193008
619.093515871502,2.8112241708862,10,18.4576007782727,85.9070612269446,79.7618816820087,1662.58972798157,1486.7101091633
694.691480344315,2.32489761940348,10,18.7652722642638,90.2327056602979,146.32084697777,2520.03522039507,11076.9809516922
566.539411162316,1.56818883838558,9.01575795926245,9.06408425296519,74.0548674263043,111.228899428005,1966.31332236764,9379.87814258876
589.07033688106,2.65569086125332,9.24653288709801,15.664731549234,85.5233628911519,76.0940229246669,2897.91136313484,5555.96029792106
326.293430107189,2.98403252269128,7.70104838148847,3.57250931439352,66.7506096570962,56.3412233690724,1700.57832237752,2959.62803156038
427.656900585635,2.10962923917963,10,5.11112862964586,72.082203461241,110.688755948685,2315.71875303807,10768.0061577484
619.177152442739,2.86987899925854,9.51326353346071,19.0680503446347,88.2171633654075,80.5200183379538,3091.54693920271,4290.56255299669
550.713661538737,2.32099311351472,7.15373185746155,11.8009664178917,71.1833548094828,64.5773836371649,2964.58237548677,2270.82874856112
966.793358872561,2.00620182047248,10,27.1169957121702,99.8110826832498,131.299479139005,2485.08577569423,6694.8082729935
550.209747917541,1.90655901365648,10,10.0601279380476,77.137241202127,130.411858716723,2540.56719118772,10881.515323793
840.915981458369,2.48633231375001,6.95656770903018,27.1755048180114,80.1447390936857,82.1632351148295,3349.75091586264,542.133195503548
716.524815534495,1.80636794124945,9.13657503737867,15.0675437451027,85.2469230564121,73.3074108353375,3309.95720583286,3119.37327579399
568.812300373677,1.53781513655994,9.70497869227051,8.55476065514589,87.0477389490645,136.676787651948,3121.85998051284,10822.9240445145
558.429262768659,1.51027036721318,8.32956688069819,7.86414340601426,78.8855323772903,63.5884810038443,2332.53764263851,2381.94563542878
752.542018880477,1.91036917545918,8.70343910431614,16.4884237634337,81.1214307488837,69.8784972632785,2677.46797944738,1745.67796803802
694.96636052794,1.97550321140493,9.22136540981144,15.1935920864317,82.3593464367939,108.631034716379,2534.17894521555,6772.05937379785
568.175384226453,2.32811504442187,8.43789517751411,12.7421668164879,69.5823910432922,130.630495453097,2741.46175085547,9980.28205624313
409.123527390577,1.8648147889785,9.37668443616011,3.76955711257737,80.7518321186178,77.2541028785683,2318.37651877405,5748.20799463319
562.187743327678,2.83422653446378,10,15.209805782146,80.3228376256804,131.593069214708,2748.08759409403,11440.2068235298
544.865245007675,1.93761775236175,8.23723902517517,9.07863947516045,71.7492170923314,110.687962623761,2874.0528874624,7970.88869491792
688.901739613488,2.16146308266961,7.44907805646857,18.1474766808676,76.3412999229642,82.0634781990665,2827.11757048005,1314.82397931493
697.331077146981,1.49740566851517,9.87948134421944,11.5753628641497,88.8236089672997,156.435423951476,2692.09425072149,11421.1534485017
314.040684195204,1.89093977000561,7.404184813602,2.20641869199726,63.8037455777674,74.4626975714634,2152.1793729136,4986.83660458209
704.059377492661,1.54850825645816,10,12.1808719136685,76.389874295679,80.7925904518271,2494.05632229226,3661.42787230031
864.200328144904,2.33926295015599,8.18067026238153,26.5114063326604,82.5097951104982,124.17590829387,3572.81202479095,6636.67101935674
317.632597019703,2.62659702469865,7.20249734751149,3.3552862114715,67.0729156283283,64.5331935774724,2165.74464314041,3847.38351002951
815.67396276648,1.7935647215041,7.37558062915032,18.2945906504905,78.6285944075431,79.2445968618163,3358.88162475328,1451.03257832168
872.762066584309,2.03863926091963,10,23.6874719208688,91.7135377219322,84.9590817078789,2148.78309426545,515.711773870944
616.926450441771,1.45572560054499,8.94263908145443,8.89021465418783,80.1828777412743,93.7060380789753,2934.11704258478,5445.41688212288
770.898878492682,2.42453039023074,10,22.9032230661605,97.3690567120195,157.581800159751,2101.69012883563,9705.49764449251
749.683264460464,2.59434726571305,10,24.4281482831858,85.3339986084912,98.071262423164,2724.5692120167,6795.46704193084
431.742195070746,1.59488104631144,8.54405020930023,4.2700460072544,67.2153191245849,130.04943441031,2599.93669613449,11491.2802883778
552.933649264344,2.01612004863682,10,9.57543648432554,74.6498499727614,71.536458639265,2342.56457781148,3655.3131021192
331.125294970727,2.88911921027454,9.52479545476712,3.48583296834991,67.4068557200439,59.3351490591626,2261.14037914446,3585.00571236061
761.060194898819,2.04876377402752,8.53451029594939,18.7114271559896,84.5169548574399,71.4447776078495,3271.74911463972,2257.24406257339
311.990799037431,2.28931301508602,7.16041045813222,4.12643215185124,64.4688925271118,41.7407566688446,2232.47333212285,2304.69947091869
564.172346718277,2.00205748206686,10,10.9830825581464,73.6898477407038,77.9691241220837,2882.32073499203,3637.05255611053
931.248660490108,2.39419708219239,8.89411889058198,30.4689839238397,85.6278471307729,153.74226477534,3202.61309528405,9221.2404980088
407.726638477822,2.7602543365413,9.99122629964793,4.37074506902183,79.6880341592287,118.250610565388,2070.34252084815,10463.3246970009
563.686644985421,2.71595524346706,9.87310429018494,12.9465605295829,85.1821596317115,141.079628407313,2331.07638430866,11225.9588667845
420.34245461167,2.62818443763561,9.69338777692714,5.50100776523794,73.9144251234559,61.0455622546233,2291.33334112512,3055.18619506098
679.847498899956,1.96330733990451,10,15.2564413846816,89.5451584292007,128.458495084081,2807.8657486441,10194.273001755
582.170583936575,2.18021509293411,9.334810686271,12.2564339131995,81.5221552650202,73.4758063653469,2744.50867387702,4110.80598205071
727.987930197572,2.02033197351748,9.68992612283983,17.1088277973573,80.6443951980196,75.5530269412029,3240.72624240768,1741.24598968573
747.279001438691,2.72842093323874,9.9824571927589,25.3208308422538,89.6532454188182,145.372261867297,3392.97948457665,10070.2741807218
859.493392978159,2.32157754053252,10,27.219426249886,96.8157569943088,131.096258461736,2418.69188895264,7497.1619810798
890.156498463578,2.11058490718003,10,25.2619316463285,92.6529851293386,102.420244112861,2289.38572758999,2312.03985689168
574.610049943432,1.45202935257256,8.87438874156284,7.39516372983273,80.3474938592431,88.1587291505031,2532.56165736637,5228.14383264303
492.214366533691,2.22507794283504,9.06567697622542,8.49245022484004,80.8050859370829,70.830592527572,2530.37862974389,3659.83464364774
624.058961510417,2.97589230255243,9.40027859242683,19.4429501168189,79.9891991420409,125.113518702977,1951.02210901576,8604.74025581217
754.144311743665,2.23235438624444,10,21.5104541674814,81.7605182233418,95.9086080320186,3218.24749098624,5487.57853686695
795.838133151003,1.77364002823367,9.17500162380101,17.1675041933877,80.7604570149576,162.680577334618,3447.19912380251,11382.0793961702
457.205013186898,1.51905879043048,8.02312039671492,4.46870342970092,74.0456417772692,63.6131184583734,2543.41081822945,1102.19480485555
385.952928493401,2.03205563718631,7.17387463675837,3.23343679174962,65.8567318350417,74.6514526341807,2042.16100229701,4405.16792749871
774.15905208464,2.66870234627499,10,25.4368537660457,95.4150870192877,118.159264999447,2428.685119116,5800.90183820975
336.780514488858,2.91953026178432,10,3.60268823746722,71.5944359497806,79.4775246032655,2105.01127555553,6034.46910223152
549.220920217497,2.918051962218,8.37276958595819,12.7367726763502,75.8171475148579,80.2513964514463,2193.75551809686,3975.294046242
547.15712402503,2.59412998988139,9.1649045827858,12.4990876799351,75.8483469192198,102.646636603145,2137.1794816683,8521.64274007325
835.377531056209,2.0414917162769,10,20.7790669884699,98.3899993469594,155.585061418963,2065.05157130651,10122.2178083787
481.410015235666,2.38602921957338,9.33365913478991,7.88191297957701,73.5718301777844,130.80340886123,1579.21572435013,10825.9123217565
606.553797977795,2.30848801363794,9.41925115641585,14.5928882128508,74.3400029856561,114.992425701016,2267.18219989658,9356.02714479479
557.375708595971,2.56057395738448,8.61548712883341,12.0661038379591,74.8184905506575,122.863503398458,2839.89318327499,9856.38217037259
777.735495247582,2.07017152459424,10,19.5529432285807,84.2710200888449,103.167616026659,2816.59162775949,6555.99830681995
854.264275649367,2.50380600743365,8.86600851231727,28.1452536858664,83.2918604448538,157.852738148899,3364.65479822569,9584.77049069496
321.295476985157,1.6286012182697,8.28655450437269,2.35142676405951,72.9946269492947,77.0076864744832,2322.42433492806,3838.54300062747
784.617998633554,1.8599134139553,10,17.0067216451672,80.8377509810723,79.8910115967609,2852.99060276101,4883.26638320136
652.931030448128,2.75400455821294,8.66962927535526,19.3873832233527,79.1516256012412,76.16871045718,1755.19756455961,3986.04315200399
367.587276993778,2.85562339611509,7.54407731350666,2.42246659540766,67.17943430361,81.7189449265051,2132.44794375613,5641.26068992718
301.505195337303,2.30851235634045,7.11432854058368,3.56179530547315,64.8419347177822,64.3077158241417,1898.1362129476,3641.375778625
371.709306118137,1.4046012188213,9.41747480730712,2,79.3937137992956,131.854232890572,1984.20792018939,11077.7258647989
308.710542148861,2.89046035618765,7.1213510159123,3.65214690483993,65.2631942313195,61.0479667081736,1984.40722297195,3941.29090806235
265.950382564837,2.55309638704093,5.89258731132909,6.99659643686623,64.9207876321561,34.3826857340235,1864.803307867,1578.48991922034
565.753966028519,2.12104188563304,7.70705822534282,10.1662843835128,73.3906624128495,92.9087920980431,2489.61048444066,6294.98882655455
816.307293130935,2.36376000699503,10,24.8644706339677,87.7707134165922,88.4035173466193,2505.7696443507,1128.08986289694
649.979706356919,2.11399403131701,8.42572226708713,15.555807189697,77.2511354690623,74.7918284335164,2999.07332514486,1715.97482939439
714.054254634154,2.15531935739343,9.1196565426323,18.9855844795664,86.9618995113995,65.73848305146,2924.0461388886,2913.28328115871
695.7705031666,2.72440527957491,9.55414084677546,21.0205361604729,89.8304710966134,98.2460569638499,3068.4323572535,5607.85274870356
741.302811864421,1.6804864575698,9.21450237670757,15.5966855700182,86.8370181132741,94.6369193512216,2592.31406717479,5265.76025539931
783.627311262476,1.52724892755313,9.87719166068625,15.64205204334,85.8518018324638,134.040159579007,3508.26169391043,9296.6104820307
519.53530737097,1.50409311676952,8.99458110376371,5.84863943544205,73.345054318435,110.874923842995,1974.70435771034,8634.22119272525
982.617413333937,1.97100056341819,8.1761198609195,27.2591290668121,85.3132028386977,124.464518262749,3479.91581980341,5189.50123389771
903.151481919986,1.72112064972664,8.09760290104677,20.1800040662656,82.6030639443846,107.305904174054,3786.38034595779,4170.74628333193
274.733866607827,1.82997824270717,6.88756465318813,4.23236611345741,61.2487437826173,65.8066328856864,2360.51489802804,3981.15662467648
640.891560606173,1.51685847399807,8.97234669793757,10.4669037562651,76.3426910535018,108.125312284058,1920.07706405681,9013.9459602341
643.358329802424,1.82433648569461,8.23352681856294,11.7163065597563,80.8788425427917,75.2005873251282,3268.21581380264,1072.79646843397
967.051197327384,1.99906737289856,7.53446256082274,27.9588526337559,83.1012844536708,88.144080270719,3880.5334449801,641.038144616664
380.526246364532,1.54735124461482,8.19787350579181,2,68.7572490556168,111.392002314276,2723.9142436761,9250.98831119313
454.719025095136,2.41185618644572,7.65847702010564,7.75679308516091,68.4911468414449,82.2438603529109,2188.18811978227,5748.61013587954
604.875020404697,2.29614445504091,10,12.5795905251465,84.8050999511403,90.7792652981166,2120.68388158966,1939.69252408934
466.037621090668,1.61164182044303,8.71734701215976,5.32754961503307,74.8883087067115,59.6252590591564,2544.97989707857,3091.22528053951
331.12186307939,2.17803482828794,9.49485676529078,2,75.7194268216369,132.22831596914,2359.09025349542,10757.5434840712
560.936486382448,2.99798087791332,9.27691677752651,14.3158225029678,75.8480435589553,126.946685918979,1732.64323574041,9954.53273187388
708.723825253477,2.75516403518692,10,23.2854939845508,91.386676576794,111.004693253162,2674.41821268955,8307.6355524637
722.254942245174,1.50400649005149,7.78203925282757,12.0905905079342,76.6789022257274,121.663471541211,2629.15793362627,5804.47753371059
434.604365945222,2.69306746699554,8.18605858733467,6.75440373341401,67.2798592561753,89.4298828407773,2396.63309546953,6223.55988810524
402.004318255384,2.03040791435473,9.22313515637065,4.56104965736692,73.1071924394789,128.343374517817,1539.22078124946,11227.6898881235
360.34423392312,1.44758331422825,9.52182882942843,2,75.7000694984732,142.925927795179,2001.54033186541,11123.4748827272
555.498395967171,1.94397482057431,8.29208292737358,10.164707015516,75.6686641909621,65.5668550847654,2212.92141819027,2867.95950364418
339.574310474864,1.90476977434238,10,2,68.9812128039904,108.657819085042,2483.02071401134,9422.1502293585
455.574120898296,2.28486635896359,6.8616708543158,6.071697646439,68.3008691150237,60.7437939324217,2478.66527106562,2669.66932783718
612.534984270691,2.40289536520297,10,13.6663582541014,83.4045084080839,93.3481925538311,2036.74804699334,2848.91225672347
353.357485934188,2.45005472731648,9.01130182439986,3.12710489805788,75.5596713036146,101.251790783023,2401.21447923468,7937.02337581034
574.998742743679,1.8071199175252,9.17345541931525,9.27688918394951,82.4268825248524,77.9283151211652,2494.65300832225,4955.01208446303
836.562965159566,1.71631110994936,10,19.4469317346064,98.0503186196156,149.12603751345,2209.73963960965,10746.9884781717
314.493465046879,1.9625725602896,7.19587328822213,3.64496698292731,66.1651026753737,37.8813347390697,1669.5565908251,1479.1070838561
586.688394000779,2.04410530218131,8.32793969946678,11.1548230438376,78.0476340796004,94.3296205134423,1888.9092206481,6126.78204890442
719.251262661818,2.73443659767989,10,23.5560108452505,90.7645516345852,136.528071505122,2823.51052391118,10603.7368348743
661.158088646977,2.43477666979737,9.91362923597998,18.5398943738275,86.6464399051981,136.78956506433,2816.12548020474,10445.2502652746
365.592551960399,2.96248569790305,7.80228945198775,3.0473153180786,68.8505614368787,52.1297220687352,1781.42625993172,2221.82134757315
457.366126647265,2.53966658932059,7.63214320634502,6.93537782257604,69.1036191271205,80.2815334726487,2186.90244279357,4533.01470106102
636.126250037107,2.00660294754135,9.67823011435081,13.2897569356255,83.8811554773463,98.7749583909826,3042.11556828866,7310.33540051366
614.892480700917,2.0258993127042,10,13.4181439637024,87.3994556903917,93.384398923075,1771.97485744298,2253.34373248542
949.371684039268,2.23287171746257,9.49052507328801,30.2725227092832,86.0114460208616,165.955948455154,3706.55276614303,11148.2438925031
753.133698644915,1.97565145097485,10,17.5923834841675,93.1986522290394,130.103825703607,3557.14165562771,10562.2426160043
725.226136681129,2.71579064127442,9.88527281922293,21.7846296396046,81.3398394101992,63.0402490723179,3413.24167117061,2336.45196937916
712.315733994557,2.18072224486807,10,19.2016096903719,80.5572346796484,61.6358444802929,3221.69647148389,1832.71007387084
672.482599230447,1.94342154031627,8.2153209968292,13.2840655409392,80.7042866414839,52.3686453465559,1874.86221644397,1439.49331089092
853.372812512784,2.31273565643066,10,25.8879902474133,98.6992223256814,164.802311955408,2359.48011653679,10503.8803044029
887.519451745888,2.78163061407209,7.86340757073752,31.3657818144044,85.0643253594734,96.3777908750185,3538.60841497409,2629.86190775007
532.238352667244,2.13064343421068,7.68198580500604,10.2863652147465,71.0726256299217,84.9093608959576,2929.22304720976,5079.1342139879
881.874460426457,2.5017128578583,8.12625320796795,29.9854730499908,81.3896259898801,110.094085016088,3695.5188525742,5437.36502217203
731.090782672828,1.44746941387562,10,12.3744763026656,91.1786747811354,132.062578014971,1897.24957945462,7089.12148634924
487.980551080677,2.2941972779572,7.84223073059896,7.43427211497313,73.0352002041168,46.1921263545177,1986.12420275682,1289.08878122167
748.528734186146,1.53618136834901,8.98761726702343,13.9716219949521,85.5477829710944,75.6351421714983,2833.77491048445,2994.34479140568
308.561042898581,1.40553512903259,9.67179603176536,2.0369126344688,75.848808348666,126.214264403471,2117.53604570813,10746.3942561082
879.528232497713,2.10206917528656,10,24.1974987940512,100.257500888288,166.50496550635,2241.8060726161,10492.5111799543
777.388776212608,1.80684321255652,10,17.4546708913198,88.5761141229672,139.108428749237,3023.69369920782,9094.19712146261
882.491267983189,2.59049668329085,10,29.0744204861525,95.694321543748,85.9031121378858,2263.70058481655,713.41370180037
997.869195881124,2.84412384094889,8.40974759437638,39.5724349710698,87.2679707093611,110.28319533063,3788.56154151201,4097.07445345712
643.772452764165,1.60358560268868,9.19102266071758,11.4682351829986,82.9357752975589,120.887296749433,2905.92718000378,7407.54608877199
317.181514608431,2.5487683123933,9.65726147355631,3.92010507513103,67.7189720063846,58.626123567094,2559.29425969866,3527.09232950823
713.504940823462,2.07289600196577,9.97875047320284,16.6349193163851,86.7937289224575,147.522943512815,3189.78897686826,10505.4536455916
442.31495596966,1.5642960373959,9.09188312287932,4.37773421068915,78.4857094504654,103.97552209948,2843.25132109984,7472.78408015686
523.02861283222,2.45073687306261,8.13033864851668,11.2500990073897,73.8810561097565,59.3769590457818,2794.82169305286,1290.9738904809
456.045957953541,2.41420020465971,9.34191527364605,7.24873716493429,70.259414471847,123.863946074074,1801.38101291647,10499.0614771927
743.993937173388,2.27346280110117,8.6584110720194,19.8038496052033,80.7826377875236,151.503406621476,2971.7878123525,11035.4332399384
515.702851834893,2.87339397120679,9.64478631265175,10.4628981742358,71.6137772206884,54.9973309094109,2871.42213657183,1354.83660230898
751.50057937627,2.10034593850128,10,19.6029931569886,93.4722483229858,123.47287807277,2175.42507738861,6355.96258347446
853.335432737036,2.84256728618825,10,32.207846354599,98.5054472770831,101.030857501428,2246.23127769493,3837.00710435588
534.602920345629,2.26384322077217,7.43459512863995,10.9277279664527,70.1285088963263,76.833576539277,2832.60627051556,4821.22984129543
753.981028615534,1.67377805745205,7.37403149477732,14.2923783147778,75.8708855948716,95.0959119681407,3494.11694582975,2476.16339750876
324.802403487706,2.20570687661255,7.66013479925539,2.92142870245987,63.0967456766809,90.595269675221,2040.83272472205,6858.79312213654
633.447635435171,1.61036468936563,9.86591563328145,11.2025675077102,83.0626259675185,144.74288545737,2881.95117184286,11037.7728857378
635.160032915391,2.27524045542752,8.76662911749277,15.1025922409698,80.6526951054801,100.681941165104,2994.52668443722,6033.7986029877
965.39593375016,2.5396982627904,7.85264233684324,33.6518203502447,88.6673769610752,90.3475562824521,3221.46540153241,1412.06039533929
307.972843226655,2.13547186943868,9.94368082964166,3.52980920963806,71.072073581582,95.115734787512,2623.14776557541,7320.01466825149
726.520331058255,1.58834253675776,9.45785720268461,14.2379186161047,80.6410564933926,90.2752321279289,3349.88840751223,4242.45293896383
560.501086474178,2.0209391035996,9.65447474116348,9.24283405809481,82.8137589236094,128.943000072576,2567.26340905414,9915.17708550428
610.651044586049,1.58648346723651,10,9.75770115646315,75.2862121551221,87.1830986862488,2683.53590984802,5281.45963148117
345.685720280707,2.5231889332598,8.12677959141616,2.50902372014485,65.4044185759021,56.9936975144099,1747.5343151011,2621.2356983647
516.307466436023,2.65643466297585,9.60052933069484,11.3094121794001,75.1251082313469,62.3822172690816,2224.41739767552,2602.16184960259
413.651203619262,2.76781174170678,9.25760184963821,6.25003957305449,80.9332973912528,103.924740204225,2381.26478094592,8956.40598793276
427.112515041255,1.69863700711922,9.49802536632384,4.30673252702214,71.2846488118978,57.8947193557018,2323.57704326013,3421.46358138096
552.047557338014,2.29863050329996,8.98116345025534,10.2993891368451,74.7494512413764,107.870070135487,2115.63419661695,8939.56733575145
924.982380161245,2.27004607752483,10,27.5391736703748,93.2048964499941,114.181867471833,2478.70613199126,2764.76041843259
671.890465072428,2.88371480067147,8.63407947186768,21.6557333219356,80.801702965605,87.5331349728062,2005.04794677052,4038.5500557144
595.499979542977,2.32659152133749,8.95916605870172,12.4473864713208,82.4502429470173,102.810678494875,3098.79656628966,5620.35669683669
838.796367463714,1.71826446846798,9.16969652161809,19.1941580705107,79.8815357700379,160.528086254327,3653.4966822553,10875.154346628
513.653021617245,2.05803069855267,10,9.00978755812651,75.0208405272131,128.955929840487,2657.89047583562,10749.0456722921
590.448490746485,2.48214379275938,7.60860101705929,13.6288927820738,72.7549042408892,62.2373431484915,2480.78679351942,2775.59062964517
846.067393981982,2.55042664810395,7.9210477154762,28.019419430469,82.6597643308942,110.770471182055,3534.70419396664,4440.4094536738
426.983199156111,2.74469474444006,8.01185815771005,6.66654935550522,73.9808492327269,71.2489907793987,2306.2760872486,2143.3932729915
692.036316816016,1.63552246573211,10,12.203656976271,90.2596746028019,114.537790139581,2044.6835017376,6109.83587244847
463.9735607713,2.92731322013325,7.64456303624041,9.23107164501289,70.1253569319334,78.5089422863133,2177.02765373397,5566.40805764133
561.413763655464,1.47847005619255,10,8.03027765695344,85.483672100618,112.783742979088,2710.78682272534,10408.3617869581
303.848901477356,2.70956963866878,9.48830399979295,4.39334419237774,76.1681158484727,124.115725494266,2165.44758006222,10730.0591557018
940.522880268523,2.78665063929961,8.13421903920046,35.8495765370318,88.3031855617799,122.376080404567,3621.98187006637,4719.24130108021
652.061177116217,2.42909200698772,10,15.7244853057865,78.8310168714571,90.2009662581563,2426.34196374489,5909.11737320888
630.914644839052,2.37784172284665,9.86687582793937,14.6184043017252,84.3169436638934,139.569079517777,2979.61770938879,10358.5987406075
334.390328848829,1.60903800887819,8.71989334076229,2,69.6232707542605,112.176858338382,1753.2331145477,9373.78588519568
776.719547560372,1.56221979434168,6.28537528719592,15.5997288705358,78.0267047335967,81.185943271554,2667.50780541965,540.219424791142
767.691130366393,1.60835049096986,9.31280955900267,14.8435934930593,87.7743827978291,90.0716114542057,3341.0401162459,4020.65520601941
731.294620670682,1.56118342344256,9.15286295541521,12.8502204678608,81.7420489508895,102.664280325554,2689.38932526412,5139.51666129738
442.771468934767,2.29179850053499,9.82085760242615,6.80020061959289,71.279442674102,57.9957449632716,2647.6198362781,3026.87912051555
304.970609434699,1.82316598066768,7.11564514879161,2.55671220048128,66.7751333038576,51.1843899028221,2144.6070850406,2695.28777485533
524.543978584289,2.7690177146544,8.18751239238944,11.2721347206298,77.7679639844174,58.3391823426197,2704.15552111323,915.629572552476
374.540632533681,2.16862293460211,7.75286260529643,2.71110619887599,67.8516229965881,90.6593266642612,2250.60495536976,7577.06697576737
641.113188352996,2.47146904390185,8.71401610776623,16.5931014214906,82.6351552788933,87.6045817998242,2674.11960040245,3387.61319531482
988.252183529512,2.47930963945524,7.86043272022361,34.917255211365,85.9620654899948,87.5367974919952,3023.6815811873,1075.81896274444
745.200579993025,1.90452882001271,10,16.4650020385185,88.9282923121771,105.676252408903,2311.69402737082,3040.7724158087
331.112086326121,1.74887504589936,9.67232557253984,2,76.8224822271431,110.786945592449,2382.68160899363,9321.05348119739
748.807004171193,1.88123257610449,10,17.5538305665786,94.2869091436594,135.621672374598,3516.97873364014,9866.38099811201
663.282405583955,2.69498756077476,7.96618716288067,20.7219202669086,74.6686518354007,118.21509877123,3194.46913787024,5813.72869712633
776.382948576667,2.298883528492,9.77872136443699,22.8525044690176,92.3733271629706,86.5440778883139,3444.61095914104,5076.77737449555
865.831771203616,1.61573947777999,10,19.4351852402055,100.21609578406,173.34398119789,2374.03612608385,11256.3906285196
976.67568337678,2.63452948012332,10,36.3900484970598,101.821301591741,103.668404686745,2007.83931865139,2706.21125546877
399.829843324489,1.55187853748745,8.45729749361713,2.98059137782003,77.2165185121893,57.5163573268002,2748.73235919398,2868.95211140069
320.349897626904,2.50936952441246,9.67576306332888,3.56328306277964,68.4953199160559,61.2073341399208,1961.85422786355,3710.5389474004
544.104989138246,2.11547223914664,8.4181826865335,10.6147575410787,77.4752530737733,72.2873081228622,2661.62079483016,2400.33050109196
780.24936582805,2.44524137905336,10,23.4625095162624,91.5742310281509,121.585452455044,2428.73645905502,4673.02158024605
465.746136627441,2.89119192036514,9.34633036243235,8.07142086580864,71.3728583027392,129.257460191921,1809.11057479795,10519.1764968873
778.828237194349,2.49784420907884,9.90466243155672,24.3751435986148,89.9711826016376,110.65189450397,2791.89974614811,7268.82624691432
711.291866080716,2.09039681454323,9.31905085762344,18.095351094465,85.7889191556831,86.7633727429085,2839.72744793958,5031.4120347349
630.791010687797,1.72646352227082,9.63036673598556,11.9139670809952,79.5147959339802,127.435583233574,2358.3981323256,10778.5187402834
307.00040207324,2.70952646370815,5.08199563391207,3.73190922112611,62.2174880630856,37.9757921559121,2606.66595067587,1033.10655723405
667.161704109262,2.19105829038206,8.27809515797348,15.311814194926,78.5585607798295,64.3934812942241,2230.7694235605,2813.03795692048
663.506227349862,1.54065615458372,9.65545315828938,10.9035901616437,84.4768270531118,104.309135652773,3271.45922274201,6724.77465611935
512.534086808004,2.42234075474575,9.23631645697469,10.0438170879386,80.4717230297014,108.91538139681,2191.53960970794,7271.07885512497
573.675068399905,1.93777794887488,6.64860863350184,9.68501212978039,70.8361226564592,56.0453233018301,2567.43527927471,935.132572188745
383.488941114505,1.57333234425778,8.14410619232149,2.20805306517714,69.4180291992397,71.3794618846241,1669.34461895612,4933.42633697845
433.668781205832,2.7632619129142,10,6.12953498748544,72.2544894956672,97.5614552048955,2092.79985663749,7640.6936131396
331.612169625317,2.22465163814087,8.81088684360081,2.11858591552137,70.816431364278,96.0848517135522,1542.62775164043,8178.77601043742
528.407835362156,1.92144157975953,8.04477240760739,8.77103866388057,69.9276789317446,101.939400312918,2293.42570344202,7519.53892767896
610.879693047699,2.57457983682737,8.27444343352535,16.6383115195324,79.5221324979062,76.075797662599,1976.89665879159,4026.19546797017
457.470152840625,2.81083469623109,9.54326346158576,7.29184164846898,72.0096066949157,49.7983403972235,2087.85065962862,1528.721359577
381.906831797158,1.46796165530446,10,2.22892972952057,68.6818626175271,74.6166097123622,2173.37977308362,5198.23691061268
320.07388501437,2.53177827756323,7.54144721218425,2.48544374495616,66.1360444012465,52.0785403127398,1873.64298827321,1916.29881104861
383.372784312968,2.65051754102763,9.60110896108407,2.99625391001813,71.5957454067041,122.56482942193,1608.00158898078,10923.8602437273
526.642323168829,1.72827728327507,9.09927253490277,7.97554964515682,77.2445768359191,91.6136227884545,2277.35463829973,5726.87952624891
736.511939153712,2.23443574711526,7.98554609926961,20.1440873721769,80.7815157076569,101.557270509382,2797.43884320253,3989.85091792554
429.491088715983,1.5123462314026,9.3459052206209,4.07486261666472,77.2201383193628,119.458611832097,2710.1361447353,8929.3447823079
737.788183333857,2.55486805475573,10,22.3944715064172,82.4886896534627,88.0623704509151,3072.33233493636,5977.4345184049
430.298185711385,2.77118402784503,7.34290650425291,7.60826305686192,68.5423982235977,61.3982191109849,2555.44090913783,3910.37426413695
505.238190594945,1.66227998598699,8.36826301899984,6.05185121254319,71.3056992468524,113.891025781224,2191.9613214947,9431.64516629882
317.855474514072,2.54234186312513,9.63372313263081,3.10913066870509,78.2804155759794,108.510019550903,2233.46142009814,10038.6736610123
482.581677839014,2.48234427827646,9.20611121854323,7.73945165411283,79.662308627604,110.877303006402,2390.54013901318,7903.08982917545
539.584673697721,2.02036998055635,7.69600643701877,9.89463425610209,74.629089210427,44.1747385756708,1883.67210649373,1016.60864648434
393.208427605092,2.39324816053853,8.99495496295553,3.37892452234138,75.6948537519256,96.3514951248833,2450.89731433501,6729.55168183185
360.095770722769,1.44446798487973,10,2,71.2804900835834,113.282969596528,2597.01770522623,8896.2440319701
735.151889249921,2.87353050037706,9.97413782256189,25.2893620550547,81.5946634270811,63.7139072319781,2777.52898124681,2001.5331329194
978.801069484929,2.32557485296256,8.11065250685046,30.0916852410107,87.4216859402786,99.7415371386649,3840.22490986737,3015.37826523064
339.403349022704,2.26511307900319,9.73069108298021,2,84.0400916654151,111.928371156119,1973.89121679304,10207.4461557495
474.509356271222,2.48948422244951,9.42605452987278,7.43661056661059,70.0670836082134,49.5169156121382,2370.93144607062,721.338940383814
585.399969850566,2.34205352582755,8.19585203926455,12.0996455963433,71.8782695508529,114.247558341362,2483.3398812639,8779.99851608574
679.106606596363,2.78514583130919,7.76487205971613,22.0276494911153,78.4605474475295,114.148465323801,3316.31967518433,5711.50621765865
621.820686439363,2.41455274822732,8.53522973731809,15.6150510304017,74.7226726798391,90.9413407048539,1809.28964274506,5414.49374723568
786.110685483503,2.84785494580954,8.12303653959205,26.3768257575905,87.5731975275326,64.7321013033381,3268.7649508347,578.061857443759
991.28946743255,2.09124762965501,10,27.99146049906,103.600691411055,165.573851093596,2125.86340282935,9513.38054063142
788.489332361497,1.65879081463328,10,17.0317895681103,90.5971346425894,104.708950226261,2174.17889219833,4458.07390700223
381.37455389119,2.87034383375895,8.46025538748527,4.14635494776789,68.6213267972388,86.1745199217837,1643.90440198762,6448.42194430597
401.042157488719,2.38874668957987,9.62741415317407,4.74651308137492,79.8028973136567,95.0816638708811,2003.72214313521,7950.30754969225
744.800697562197,2.54885849165333,8.97878792487582,22.3174090865565,82.7203251242005,123.336632233218,2392.46664984805,8228.92534081707
755.841502164868,2.70482723281877,9.96788587181242,24.1078305233526,89.4263271167484,139.894390049897,3323.89459606509,11015.7806470868
462.757875355744,1.61279483131437,7.81630090684207,5.72963135360877,68.1060145935067,89.9210379810395,2349.34487710467,6344.7394856027
683.088199734956,2.0729319441096,9.27431257098955,16.0173878236921,88.6727418584465,83.3635037814466,3011.54447190507,4896.9150607187
669.965625735204,1.68841089991794,10,11.6187244148105,84.3780420963682,144.265152753743,2772.38922941976,10990.7398914088
630.910798994553,2.32232707749751,9.59257147419254,15.0783060885172,86.6884699565731,101.651428724679,3126.8292747825,7563.21258528073
713.63847743597,2.71021752562211,8.3940796154493,22.1012091183957,80.2046213661215,85.4479516705104,2251.45161608982,3779.65391904211
642.70331152016,2.94946606333862,8.20572884819322,19.4595875625516,75.9841113492586,46.4262245069324,1747.16352581947,1891.10669943928
836.900807011625,2.18189416043208,8.86581744826255,24.9021860457578,81.0957124672898,152.183276468554,3604.95569299645,9768.09951611699
418.478181294078,2.59923336282212,8.59372789518296,6.61906536859203,77.7973774317533,77.3186514754697,2196.69183241055,4483.99763073567
671.94407205931,2.72671513170839,9.8539241176837,19.4276302882496,87.8195619891432,110.458253220703,2652.75912599155,7765.16693500874
415.703253743396,2.52498814880383,7.54688919843578,5.06336772064956,67.4700910909041,87.3775682599427,2630.09139691736,5678.98061302488
353.177089402628,1.86409882867466,7.04672849623789,2,66.3380213517074,67.9866390934897,2107.05005728302,2688.22757774542
700.973137870888,2.26871129540851,9.67305250607128,17.6809435261581,85.6160802005963,110.483174755973,2582.84288415998,7118.55269482512
893.84976012356,2.95492807172578,7.67525794156547,35.7129443296596,85.9941144843214,81.2926051128828,3146.3423485796,1167.51375845751
768.66978156235,2.91863873585073,10,28.1713103383895,83.2324057341204,89.869830529192,3494.88147587395,5046.76705858311
382.720820009439,2.35657671070241,9.18109667325314,3.83616454696962,77.7265096060019,88.5302164723264,2142.29928275223,6512.76433630038
859.675713854597,2.64308547053654,10,30.9998759612493,96.90130921252,120.515040210865,2123.56135915177,5296.51671530437
735.483813830862,1.8005240457729,8.33195627765333,16.1479015400026,77.3124474822885,142.042279192118,2830.62582121857,8735.3939277609
751.791492650821,1.79429731618776,10,16.8477615591552,83.9675226436318,119.780440094469,2872.43296556438,9607.17449999844
639.799765702646,2.6003794447597,10,17.0352353211622,89.7923092831108,138.435939436885,2030.3771176889,8983.67381436496
628.080903222439,1.68969934033018,8.22495218799858,11.857204274475,78.0934923413264,65.5803756336946,2710.80670258637,926.942425929823
926.880002534811,1.78665965714022,7.84808895953378,21.3161706948246,82.836439245898,100.262448635834,3630.84100180622,2635.41647490569
477.458920182354,2.01713137617081,8.87590746653073,6.59989205432772,78.8280831413691,107.601633907866,2692.62747105458,6402.68260190152
777.069039691905,2.27724796385152,10,20.2403328848786,85.3597506850114,132.629705964253,2936.32944570793,10783.0424448818
725.365342293019,2.30864953350469,10,20.06208295616,81.1440477675151,134.250892970936,2938.76511027203,9684.52452557329
353.116404889716,1.93796401299835,8.2758939183536,2,63.4524303242664,112.789393430473,2508.29890415209,9767.87959186982
252.6393824506,2.88092084692552,7.03726989342853,8.36218459939378,62.4720911405696,66.1468753559099,2131.59117430712,3835.29013135642
448.32858805903,2.7475955881368,9.01171242825402,8.23418382246027,74.991109812187,82.5623932294437,2749.73091036948,5223.92686786573
440.655235235371,2.0387031054875,10,4.54813577202999,72.0047667215735,84.0059435555602,2847.000948718,5677.76542047531
744.982303750455,2.13143746465253,10,19.2777555207388,82.7652881268587,65.9707073398065,3317.62526844346,2231.08741684901
783.560589127374,2.53583222545785,8.76363811893755,25.5226942677714,86.3794039121231,74.2821547836561,3601.35657458715,841.749432689019
335.21999298513,2.26757947028334,9.38568248766546,2.76699264158792,73.5370532060227,130.333055244671,2374.37691027795,10915.9318940657
814.953189986661,2.07344552244144,7.6498117388012,20.1197375124696,78.112745967846,100.999870473283,2690.54644951563,3147.83844229857
574.165999264898,2.12136637728151,8.44251529575854,12.3924052830487,75.8321872165161,71.0316230132441,2010.44475691492,3139.43794095994
282.519081465396,2.02205841513231,5.60860529786579,4.53569158010636,63.7170268685175,33.8030767594137,1951.89178735495,1417.16959145635
488.748854568761,1.6876349777427,9.83581143529952,5.89061328377007,82.3351909222125,136.184080568039,2422.24103963323,10713.5852713816
458.541208696475,2.18720754438621,8.5813508315819,6.16607228856042,72.6184202374005,93.8814668642784,1816.74264834385,6877.10826433749
814.422541730835,2.28182742247925,10,23.1357226731197,98.474235138817,144.68642621399,2045.06269496504,7837.40542837889
481.416814906178,2.61295005797144,8.31809247876003,9.94076772289212,71.2408411314007,120.36497619728,2410.2809693137,10527.3457598936
496.219788673798,2.66831047238394,7.62823160167848,9.67729539345892,69.5140889971022,79.0505492879648,2535.61869153281,4301.82185790868
697.864258264686,2.06209802017968,8.21360863773947,15.2042417717972,77.3374096818977,128.083564391687,2728.10111504122,7336.58042251892
934.531695680618,2.64695399142746,7.58936571605791,34.6790360754835,86.0450060788269,75.0111218605477,3074.71221857789,926.794002017762
887.489710426766,1.50977447353781,7.50514322623968,16.818895929636,79.1633716634889,99.4722346680229,3567.82624481653,2554.49781054242
955.629966698688,1.94849555320315,10,26.9227301682803,101.050237034962,162.531386745107,2254.77872161765,9643.70385598937
807.267620802402,2.69085660019904,8.72218130353624,27.0391264631681,81.5277966910797,144.567622463204,3526.56032054911,8934.45191972169
962.861416952767,2.44506708096203,8.17433055604188,33.0557879861465,85.0242759726067,110.629190896257,3837.64126763561,4357.06960602862
732.887061178038,2.12550842716697,9.16476950551257,17.1682543794395,81.9567139951053,97.1324261432377,3228.59215430973,4644.91690551634
519.204666179635,2.40149496378534,10,11.2466535699832,74.6361296188768,86.5639336434,2572.8451697974,6369.09876908937
490.571657646489,2.84843739955167,5.86388138887008,11.2069272051103,77.0761970407786,55.3976091746547,2733.80733498631,502.65105153648
576.48420523959,2.34957270091531,7.56249290351491,13.8005998483512,72.527637703828,68.314577646452,2414.37037023307,3153.68769641831
657.582367269219,2.66828932989613,10,19.388487653065,77.8275904732267,61.2236448628305,3061.20277940961,2790.54989469036
574.885871253327,2.9711140878378,7.29074885686621,15.3001946771492,71.2288348337623,67.2800038562547,2620.35625040049,3255.3124142474
528.941172613534,2.55835230311335,8.4471682603451,10.8732899410531,70.8750524876302,112.624587752693,2745.48970221132,9364.96426786785
843.718975716566,2.25448498697405,10,24.3348071616037,94.4845667398788,106.720791238582,2361.59707833965,3576.41242201087
290.548471951318,1.55622892068801,7.05361221469658,3.11859391636746,66.1099349752104,49.7835294274449,2193.44047609817,2606.73454255163
445.740336289549,2.00977104895401,10,6.31101322021538,71.9119398928395,93.5590900669099,2644.64833363784,6046.89806872335
784.421203549196,2.19127393608586,10,20.742646419505,93.2960988372722,135.595345122647,2893.05128402987,10022.0954001001
459.711049357102,2.63911074458075,9.05317692055406,8.56469270683843,78.8153316122298,65.3096083291433,2583.19818486696,3154.8467422125
637.301947914148,2.12038038676591,10,15.4484864694528,82.4580268467184,79.3141013336654,1860.28830597431,1363.89867072079
497.643674571762,2.94008741364716,7.40419246152905,10.2985515612728,69.2927264644285,69.3248334048175,2521.88315150429,4420.45209434631
667.002127271842,1.90769062893551,9.38479328073435,14.6374008271797,80.2483688961698,111.376918811973,1991.85285546736,8724.17007021476
714.18308811486,2.4023476644443,10,19.8843091766531,92.5384563511022,133.519477285946,1886.43790102261,6557.59599164274
448.835989673152,2.04442759007523,10,6.26342382413707,71.6393405615903,115.658115444194,2293.99382739315,9484.72706531782
787.557194203514,1.92095087848004,10,18.2182799636071,95.8937729834124,165.724299863787,2293.0741861893,11055.5136237016
257.626132416789,2.70375305079816,8.34577995338315,6.61048785177931,64.92293305131,101.072330788241,2145.57041126375,9219.28724426779
694.661505180582,1.85174935192805,9.69401999126535,13.7337801166762,86.4502759687115,102.759863602408,2511.71646107068,7141.83386728129
760.981075545944,1.64521808489271,8.06172683251417,15.9056206900566,78.9829084349626,121.844551951685,2584.79963686383,5926.75746857619
726.881551000989,2.26250593232625,8.51055536801608,19.9814756902703,81.0466755564311,59.4240495789934,3097.40246160737,940.759949830933
921.052168640014,1.96848907736246,10,23.2600331524552,99.793554547488,165.723523246305,2458.31162584946,11327.5417669545
881.490711591574,2.69575165833806,7.85060461512515,33.849719941008,84.9788413912796,110.820082168715,2876.47002986098,4718.29234832547
462.437433549644,2.95247880934815,8.01018665863615,9.28132044265084,73.1425544827386,56.9838172679832,1829.91769853948,2174.51035308553
830.71079658141,1.58295102949252,8.56440496048799,17.3098105924774,80.7913482457547,145.515783808085,3535.80868743923,7833.79740936102
522.414628798979,2.35145089694748,9.90953858916454,9.18342345811972,75.9393351819139,64.9559948126899,2193.87569838494,3627.17118005005
469.440943124337,2.44895492047213,10,7.79997225381767,72.991889823599,93.8474835876125,2303.8504274956,6943.56098024152
939.254515721271,2.71976170951495,10,35.4355234211675,102.840728904602,139.122528596921,2640.06366772711,6954.4469862905
541.753537288833,2.91388532141537,8.68485387077052,12.7791082422693,75.2561883100657,88.6248789468443,1628.32185121648,5403.02802993156
716.361548898573,2.4026145773606,10,20.0827225118353,90.7987217872742,130.864647087373,3106.46638997673,9697.30477099547
286.826465949638,2.2826841168667,7.23284639232874,4.49394795524493,67.2831252783254,64.2339006077733,2169.23806381143,3414.63767710987
699.358676010118,1.74228588344889,8.03719082264534,13.5150687121521,78.1203624806588,111.614266830284,2662.72106514161,5434.95850779508
992.062106789542,2.07626483280663,8.72303566828387,27.9177520926647,92.0025609125178,130.25615349914,3005.13203916017,6414.61341450069
855.718961912131,2.37768348758573,8.51350395933478,28.3906621303873,84.9715086250498,140.96624789576,3320.79464948495,7799.8719284403
554.884836749525,2.39104816714574,9.46928221245791,11.5953469865698,81.5509190991427,129.755504356924,2952.95525635514,9123.69035556148
561.578031572056,2.40359906127158,10,11.8557278236013,76.9368340912038,82.0609439658727,2468.87751803363,4842.88011166082
407.63438701643,2.48969355787841,10,5.05248773046259,69.093959514279,98.8729940698851,2538.56693056756,7606.51638506256
501.546382325691,2.14372875682785,7.3394343901651,8.84761220945092,70.4705593238883,55.0888546722197,2660.29342532653,2156.72048375371
633.912249491902,2.2429203408644,10,15.1959306189529,93.592526440821,156.919187910143,1824.25445598871,10759.1291059673
586.661856551512,1.64822197912647,8.84016461242899,9.66805213702816,80.4347523848702,92.6599424135515,2895.30478826722,4713.64687063104
449.769078805066,1.74387946764467,7.9460676294959,4.17478485888073,71.1773063884451,113.429365801744,2276.42583280687,8524.73564174082
757.094212066756,1.74424821874419,8.04027543066902,15.500667748737,78.904343470602,56.3685454824239,2150.10673726462,723.751900703954
563.09140505243,2.80371477656491,10,15.3922750822969,75.5968382299371,58.6709539617746,2752.11622460461,2757.05857195288
297.971943590963,1.61405109496295,7.48206270189038,3.37109785066753,62.0223710612451,80.8107541903724,2180.82142665982,5857.90798755936
586.376629624081,2.58785802722336,10,14.6079911958245,75.9077323700013,120.569818008865,2617.44372835298,10160.7771450558
345.663822182666,1.80178598365703,10,2,69.9283492600174,79.1408828140201,2509.98443727361,6299.80664945745
721.327842354973,2.20264491074288,8.98523923241867,18.5765107572155,78.6607387834502,159.811319080932,3144.36991089599,10728.5753052327
612.443433674966,2.66479269254834,10,15.4502815391306,86.3095961916776,105.740810177053,2002.88858822828,5821.76586241076
556.646791229749,2.26204328310094,8.95338150118661,12.1014706485897,78.6562645010223,103.486495647766,3095.2127658661,5894.94006409545
342.266307646786,1.81517652934854,7.60176329319394,2,67.3105870454998,51.8874711703905,1954.12327540183,1817.21467350585
534.697189265665,1.85126285932312,10,8.03485479321358,76.068274034103,112.621506783426,2756.61891737287,9329.21868567442
766.472517662072,2.81889647453915,9.19523373954789,26.0609686446744,89.3540848422811,68.3956354081223,2897.15055986546,3216.61953713769
659.880706509666,2.14071588766497,9.32065324881794,15.5240566359938,78.4944938195291,135.80932630104,2289.7607407405,10395.7373830955
338.705837112647,2.27614318882836,10,2.0794691773215,69.2652063176744,113.560134093854,2019.85733237981,10519.0664236344
328.473434273095,2.18989829493808,8.178469282374,2.60092713042329,66.9911584010042,130.224601081034,2287.57730728356,10876.4112306156
636.831209946717,2.01404850849639,10,13.9844453887975,75.654633054998,87.1176884438515,2831.19536560458,6222.53538013399
747.350930512092,1.71338542544382,9.45821644268348,15.1278129899297,88.6058057133952,130.275168777633,3569.43158956298,7948.03163262009
316.459293381977,2.43376793066617,10,3.62009561307556,70.3018310928894,109.108985120072,2559.05691800959,9063.6746806783
534.357896102208,2.57736303940818,7.19617839485247,11.449038541488,71.0704085080609,57.9545105985831,2864.36527969075,1941.16080515512
580.906940169154,1.79901379240653,9.31227637504409,9.8242728012915,80.7060952849612,113.940480131664,2717.72306591002,7110.52914497247
841.131963853737,2.68351626458225,7.55217715955434,29.164344491729,81.4111414032807,74.8208407952409,3307.57918676687,877.276914336428
985.234613963675,2.78180280045252,8.51959599282279,37.9812201846902,91.0981159617166,120.713730966463,3374.86794836902,5973.22691727598
911.675614408871,2.88101264435945,7.92963237871178,35.6025856412495,82.0690920446887,92.6998507329719,3772.68817888261,2203.2694978225
725.059434028056,1.71264719784204,8.70439146122538,14.4423097639827,85.6635364183112,69.7346795693519,3276.38823165065,2512.15218558293
476.997784772333,1.88228680431713,8.73275818683982,6.86772081252662,77.4848344469882,90.0171325600244,2739.32107298915,4515.52323361862
577.182020414205,2.72940800930993,10,14.8623640344809,74.9222561402464,85.9538888301056,2382.12907857276,5256.80883388153
865.39198709972,1.79781030424184,8.52230496406055,20.4063711100915,77.638377605551,135.265677826693,3195.95801750965,7354.89666985406
728.633576144986,1.48039106692011,10,13.0942558659738,90.0864300991597,86.4407273827402,2026.72200113701,1318.71260282367
828.09924997896,2.59434839687654,10,26.6430390786224,95.4631855170291,130.587394278639,1936.58579198371,6040.60937361189
694.662151791886,1.92727607993287,10,14.9543167920385,85.7274717580738,100.34629723566,1860.02706558542,2508.87643278411
700.181484873884,2.12174628770842,8.15323559374881,16.955488878999,77.9078704986722,133.54071178826,2557.78860759744,6813.72692534916
486.985129638666,2.10160062120364,10,6.70640156108047,72.8585738924819,88.7838948452241,2980.6278962076,7511.45073487302
895.715851498575,2.54286306348322,10,30.6167389284892,99.2369599302735,127.673300600166,2505.70145560767,6623.80182208139
758.093574036944,1.86265942345607,9.63260867735169,17.156433193425,85.0000161436378,137.005790121504,3186.63711070991,8621.25061526138
410.199918024381,2.83841982878472,7.5649587382161,6.88905642632246,69.8850192718519,72.1638672921152,2159.59571705123,4191.70168664991
474.988290896401,2.42540870707207,8.07009137994952,8.89905191408402,69.4377067541296,107.446773661941,2448.70004313533,8916.17250796444
351.51856548755,2.24071635501661,9.6907322104039,2,72.3552121521865,83.9485888029267,2059.4239968628,5260.43789879013
961.785503420931,1.84361421319695,10,24.8760913519415,97.7364344805724,132.97440047161,2427.84098440505,5826.02948154856
584.302106784967,1.80626485689182,10,9.34264636262491,80.7398261624338,102.283019421168,3005.32890698834,7629.12339987179
690.169123812579,2.42896269419593,9.84223511543307,18.0068255382975,77.5140732037411,55.5178617365152,2484.30481645608,701.942223991464
528.054420322488,2.17034124008486,8.04512023655807,10.0981154792691,70.9224373229308,104.900111102816,2262.37185874914,7693.93643562273
428.240263184053,2.86577401489801,8.97072200342985,5.78377657427489,69.7833336624531,93.3528182287505,1577.48831258988,7304.43663979327
564.587226590925,2.16458558832436,8.55705864754587,10.5266718499039,82.1494334613067,85.5065443071903,2870.74178306359,3908.31828428608
780.239875780489,2.24586603045104,8.90407483060194,22.4824988056121,86.3247756483118,69.9790708413025,3501.26550481943,1443.73713389438
344.817272410414,2.0985162254632,8.17876843942575,2.40381596880218,72.5585221108413,57.8507055020004,2530.54116125836,1500.28994904345
873.219959211825,2.32641782415262,10,27.6944985548197,101.399808292712,172.552142476517,2236.70134244906,10655.4612168375
986.79242731231,2.13725879716391,8.78370414596503,30.4745569219456,83.9570947159589,134.469412483845,3094.86069066081,8082.07253348421
450.288554027011,1.88895440871723,9.36705355656406,5.80416335411576,71.579742029291,59.1353174786679,2745.47638230925,1898.12875147814
730.723960702174,2.71067090603761,9.42458430208543,22.2627277581238,88.3552666715861,80.2270211947462,2616.1627533798,4423.95486239797
766.828772704136,2.25517429042994,9.43421319270496,21.2604687759769,87.272126410126,107.848936789369,2906.07987273903,7017.31293291756
673.543104697413,2.3872653296535,9.62196380557704,17.706021665202,78.5374118861458,125.358728863192,1951.38633071074,9691.28875599714
415.664156153479,2.41623331074589,6.83034153146216,4.7118323697235,70.2957417306993,46.6572423188243,1723.99222820887,980.270215843094
467.000359413297,2.51159088946667,8.55411108573949,8.91067007217736,75.9580973312323,74.3376740528277,2402.1616149161,3102.9644461701
317.904647208865,1.83452354307748,9.62033013927828,2.56865139274612,80.076341491494,124.820448279555,2432.36615024075,10287.2388932492
932.581293698142,1.53911989132743,10,18.6335323556294,91.318690694638,89.6143462559862,2110.45754875649,600.821052021981
724.80559325554,2.68516182381665,10,21.6842835116868,83.7937403105221,62.968504651737,3326.26321739572,2715.39013073276
871.448608488167,1.69335758082246,9.04917932707735,19.2094092668728,80.0970091168536,172.348187121089,3649.57587854459,11049.2659357026
476.263925631926,2.58272960581582,8.57303294038297,9.84163609508856,69.3224284630559,90.7843760891898,1847.79040969652,7247.42031174388
338.40551381996,1.57776697487181,8.3036983887121,2,73.1063211702266,76.8717718134079,2010.48068354889,3378.38503301257
676.528804957455,2.04595055231104,8.76887994414834,15.1611996078754,83.3686950449289,53.8543368995173,2971.73143560449,1236.90203835432
890.610477443969,1.57839230856336,10,19.0183744214616,90.8165721719986,98.4968231812721,2436.25828344887,810.104744919444
965.04100869556,2.19221044011956,10,29.6031275725058,100.42105948408,109.04403504619,2185.03055363128,3192.1958760062
905.686207351877,2.47970365917236,9.34533396296237,31.5538156952757,85.8711132886948,157.2686372346,3684.1887294632,10196.344015478
931.477976897601,1.64567942437551,10,20.8231568091966,92.5097497635523,117.927433512701,2484.74591523646,5075.0501972726
511.0841162664,2.0574414276576,8.15930704403647,9.43530161281878,71.0767363448873,107.683460149972,3035.08879466552,8423.66706082592
870.740515909311,2.89535923656458,9.33444777880496,34.3275709602399,84.4511018574502,151.188228647706,3652.28692434668,10601.1353891795
799.438237966853,2.16358367566119,7.81548668029334,22.7095240900871,78.6272415921935,115.306258805787,2899.26257601557,4988.44507763098
960.846923456911,2.61580443727575,10,36.115119779093,97.8919787607543,113.507872291797,2345.79186558931,2604.05108141137
625.484285953735,2.89077711759031,8.94870035567347,19.7296804314565,77.7493988135709,96.797332931487,1743.95477742462,6188.29723942611
789.424362688068,2.96151873746593,8.96585526222261,28.3100721710533,78.5715791759853,154.988245406282,2695.6957336283,10488.9205576584
341.734647590979,2.73657215893319,10,3.47737198571173,73.1113981642315,100.712557026082,2422.37645677613,9348.11855551471
445.352427952191,1.97610799373845,7.48208649630539,6.07860480504051,70.6879092007834,45.151752020487,2086.67827123686,1224.12827699469
440.304357190558,2.94385932924179,8.06355966507723,8.73016740054144,67.6779354618658,102.487691048877,2882.39392595513,8118.3008008534
710.254148006478,2.48782263535557,10,21.1285571913816,93.5267872317821,131.568281309505,1865.5472523423,6790.87274704849
410.617673958951,2.51504526434909,9.60955658349154,4.9341298573126,79.6928316150139,138.13898303951,2211.79241642329,10482.0949398107
563.696757043924,1.51103869768256,9.7663116021446,7.36899575117664,74.6346092683709,58.4319683702737,2755.4371802876,1847.29558535327
667.928138358294,2.69778776697308,10,19.554246187587,89.746684727053,126.001987610784,1814.02799747505,6374.39724525122
700.205031662552,2.48623084272082,10,20.6063402150391,90.0381047097769,129.290387278912,2724.36266556008,10174.0896286308
793.747260537063,2.48586412438273,10,23.7382803002601,95.419994976357,117.95792832862,2298.54249663065,5010.26165415917
586.931386981325,1.62228709639288,8.77810994688789,9.08651988135206,74.1790260816695,88.6414699608835,2239.64261674965,5801.94409506154
373.691633798674,1.84885281161,7.45910239584076,2.4993190312517,67.1505222488485,43.7942260137244,1870.02059156017,1275.06745433654
763.601717470279,2.94339249770685,7.67485563880337,27.9196996591373,80.7737792006279,104.025123149768,3100.41055776885,3559.58004493802
764.035873304461,2.13650720376952,10,21.2559249499396,89.5377414025504,110.568611308194,2169.13143034314,4069.57314085842
704.106415258251,1.94447156801335,10,16.3176756000794,93.8493424208378,132.405553534345,3265.43015705474,10896.3469361938
919.555833080153,2.75991122572037,8.15921289690674,35.164715803383,87.7129411585545,100.76980822016,3146.07161981745,3609.34096595275
328.042116175688,1.63101062117092,7.38702168709723,2.09091318218798,66.2337009653727,74.616815761446,2499.12072017259,5569.55608796617
608.089540803504,2.05559011886808,10,13.2960798161582,77.930496272889,94.3742636152534,2395.13568346624,7884.34865920708
421.728178885999,2.04391288608044,9.42958176725481,4.13324831982435,70.1769742277748,56.4817905802302,2683.83954080598,2284.01709648665
794.123577845123,1.926054581365,9.25795367782726,18.1049683457042,87.7485464793511,106.354858429822,3438.85042812181,5850.86625856062
980.849551252348,1.7500862598991,10,25.3885804682699,102.251980109613,150.635170197052,2219.36634519082,8623.92943423498
447.142652182217,1.81511243518512,8.31146894949873,5.38526366106848,66.5291936811603,119.23607686665,2717.40538791586,10035.4073432977
649.451285947071,1.65103540001746,9.47792568037014,11.7904483417762,85.299608278274,116.449579236545,2581.91994921393,7388.85202128669
930.500633773026,2.46060917537951,8.64634739169392,31.2399056644263,88.462713809474,141.519690664808,3528.03373153607,7859.58866848643
888.399368017961,2.81110544197863,10,33.2055302737793,99.0973143037992,95.5618859198833,2352.58819736513,1889.11819843026
649.91434554121,2.05762963680455,10,14.214286875713,86.0914821530795,143.199340080517,3028.62902632473,10903.5414697098
779.277003974764,1.93107531074618,9.88648026183794,17.7810942178352,80.2473645799663,66.3851749797759,3683.19733864501,1958.31485232931
598.228053153642,1.73874029658334,9.31727797331777,10.1426245894909,75.1730187983277,116.518919147069,1759.57139458689,9021.40230899978
618.151335909528,2.682752628985,8.95506114721517,17.0322741510119,81.3421201079277,82.1534838819081,2819.87567818096,3412.97953956151
724.634375219091,2.82453788369188,10,24.0987747840735,81.6854843475413,129.710980401269,3384.76963073568,10769.5245807138
634.945433929203,1.88174200200304,9.27692427354549,12.9893928358499,83.2402549188478,128.24874897344,2945.14118914301,8419.55493306428
666.466311008761,1.86548830906634,10,14.4279979182673,79.7824508435295,116.43025831689,3301.77091131587,8791.95084276206
417.084343098321,2.35564157528415,8.37993117356257,5.52940508717539,78.1607106158548,63.8006319059322,2344.78618458651,2909.65090365872
485.633462057535,2.60337082578557,10,10.4071786884756,72.9908092191155,80.7788698480063,2805.34750892315,5373.43974298677
373.650672855946,2.05037246767447,9.18709424638496,2.72504725111919,75.6637575470506,100.275432518173,2580.86615781297,7295.94514048215
552.882721167403,2.29889689371673,9.83948935765578,11.6149620591806,84.2283050073025,105.524033368944,2986.74551294027,8969.70980027261
809.504590238086,2.57482360203494,7.6245618802151,24.9002284709975,80.8533273418626,89.5529182398835,3597.51810059522,1643.55313503629
798.581407139728,2.94088843178427,10,28.4575461606522,88.1851124988664,143.167823885789,2045.04902521433,11086.0184809998
605.604326407771,1.59766771934483,9.74564117323324,9.81028929652155,83.9096520661311,125.516841405859,2771.01084309381,10292.4273761001
525.255688118048,2.99607374073805,7.27867553268065,12.7933792594398,67.5054628792983,71.9348942049489,2316.55302850607,3473.83449545143
766.905134765179,2.08823498286184,8.91287582267192,20.3513574989665,79.297843392994,140.253236385668,2727.45707316503,9550.36267335565
541.040865969979,2.58480021408983,7.90054872218624,12.406236565773,73.6967218301359,83.674228989556,2607.88527361355,6201.56315343806
607.542483243842,2.27088286841021,9.71406611038825,14.4195880484085,84.5263754460577,90.0385307262238,3187.12643135117,5579.87129718221
648.496165799219,2.19321925802575,10,16.0088228298182,78.4843501266308,76.9126702943906,2957.04944051403,3958.77516392546
447.215388974727,2.40085242058499,8.60418029668544,5.81528842266002,75.4731303360964,109.695817775958,2732.00837691924,6890.65445294752
574.319195847789,2.09363077533539,9.08656983179421,10.9561709983053,74.7817316601166,112.757926551983,2340.79473000098,8528.78029473958
617.018486706804,1.68916497200521,8.63880939740266,10.8538544524075,73.8226775474507,90.6673865396074,1826.50515673095,5020.26195459034
594.547337908291,2.12284317553593,9.48621360249502,12.0583985073018,86.9996877522428,110.348185090469,2468.21472797527,7421.41112309121
757.596855712283,2.12702120975579,9.69566793811265,18.8044015101575,87.5386772478888,124.068302227436,2881.8416967328,8192.44213270834
749.136332246277,1.74033674040051,10,15.9432130190067,79.5152084856883,123.934778958098,3239.02661926861,8322.33998716814
988.393623150748,2.86453661978544,10,40,99.3408994103673,98.2671767992265,2081.57047592474,1071.62707944298
633.714003003495,1.84121346996944,9.66714280539017,12.9635877539364,77.956648274521,126.924672872069,2204.76369102122,9957.22586253574
590.16994554399,2.11384139112615,7.90455846533019,12.0720995993,75.3207053354903,91.631781191477,2398.06135792399,5540.78646241553
716.239000015954,1.73239453026708,8.6136836657811,14.5492675039568,78.0670804533992,69.3706300202804,1900.16398776562,3386.57689865836
435.41607016998,2.2551728628765,8.65714475981947,5.72576871362223,75.8222926053672,63.3042049302382,2364.42119966553,3159.4095822765
513.717834775648,1.96145641215013,8.59399055025372,7.96736516948737,73.3692912308073,86.2187203516089,1936.81179992758,5813.15524128346
333.437354766153,2.23390877996413,8.24447248188585,2.50368877952036,64.6906370094522,119.658383269623,2574.76039645599,10255.1469341586
651.469006290698,1.8369253746873,7.91482278628664,12.2426409607955,74.5554125783123,101.935525312188,3269.34028358493,4661.82339850912
394.024376573454,1.46544577497119,9.33464611329265,3.03633140078018,76.7165876225054,117.172518860377,2640.1942145057,8746.98321461898
651.421205200406,2.66883997662338,7.36872402819086,19.6308690795637,76.2539120563934,81.3807777084288,2548.5160508461,1565.0060408594
659.919230675245,2.34395074457525,9.34345182490814,17.0505072353812,85.4238993122246,93.1377022407855,3060.10589987749,5736.62372366168
798.93700420242,2.01110903356652,9.19401654071547,21.3402587672819,79.2359796636605,164.256029122324,3106.3056010762,11408.5475443201
456.287363538929,1.57124133702348,8.77507005924822,4.37548192783798,73.5645202700255,110.251223366121,1613.29842048859,8974.81583071571
680.860445547594,2.79836259404568,8.37787519993794,20.2379788553552,81.0925165376573,70.1722299323099,2200.30490173941,2815.81337284674
716.243387309823,1.71070926649314,10,14.7943995930783,79.2756928296212,91.116594471456,2861.83139412212,6015.85621067702
787.64976932494,2.83684200494538,9.47320328905464,28.8492187159731,88.6520260486099,71.6420780273352,2955.013265589,3069.87240013423
874.704754636334,2.21789306789394,8.13000818158769,25.9367882176485,85.5285277019,109.539270590621,2869.54464814405,5005.1701998876
411.535135489018,2.01058006486273,8.21713151025884,3.39667998957287,68.894355505503,112.66363301152,2848.26121668624,9080.92426108461
452.632150803718,2.45616872355898,9.7052553273489,7.60239879298195,80.1780142711452,106.419078150983,2719.32097478303,8983.47296819444
411.159104607113,2.81525910911278,7.67720501205844,4.63789584301163,69.8800352444455,58.9947632761429,1624.7614703017,3009.10415692624
685.170380193041,1.78249845356019,10,13.6520157950693,93.956498410746,155.295754508844,2212.49657525098,10644.4564997035
763.675749887919,1.92582018506797,10,17.5741410792879,91.3539284283667,136.361414452037,2463.84681125251,7018.25001041309
795.893177643965,2.06591249235562,9.182519105811,21.3950538929291,87.5013603893126,92.3079958281999,3496.14960715133,4679.16720058216
300.426848718702,2.7387987510159,8.42700126767971,4.61553281515936,73.3724071931283,84.8999444336046,2312.79778859177,6021.29138858947
398.6029486155,2.5388459872715,8.79582065463513,5.46760484090758,72.1622039025706,89.3554686430931,1622.1152312485,7155.78378781518
715.937543841251,1.87146917556848,8.15758477206639,14.8485331199815,76.9552641930145,127.510819090172,2969.60274238951,6658.79585030364
886.847794212917,1.64750977371929,10,18.9803110044251,95.632584694567,132.673646573691,2186.18467468862,5850.45539089796
476.242363799031,1.84555149513722,8.35916138760198,6.9922809709884,73.0880835312266,76.8551545668885,2129.87400283346,6054.2608449834
528.63040229591,1.8760722908994,9.57606112443016,7.77044519250089,72.4782119767263,68.4119428291656,2877.03524973102,2440.53101470675
302.018445664467,1.845275237001,8.06830153737723,3.25764354022709,66.7790297388468,105.302379896983,2076.84738655189,9440.06194735147
502.498519438474,2.42080407052857,10,9.08940075070764,74.8956505197192,87.6920451918809,2704.19181342415,6459.36351935117
351.599905952918,1.66035647056086,9.22612969167638,2,69.6450845373211,42.8102390234171,2388.18192900082,1941.87847875173
813.217315155433,1.84880099585893,10,18.4541603343589,97.1059035798488,157.958765219083,2299.30465198365,8927.72811741056
348.969182691428,2.32832715700736,10,2,72.2497040369204,121.654437339621,2010.16662594625,10756.8837621509
695.254190586578,1.79532319952553,10,14.5871117932854,87.6219741322186,133.936425908899,3120.31353275603,10920.3758916066
826.640687016196,1.50684669501676,10,15.5589972027471,93.9980743044162,110.681656694006,2035.39221721374,4559.1950565229
503.388755820731,1.62273588426895,7.10126900722984,5.60729141714617,68.712182273846,58.0110182389525,2284.33868312415,1990.68560916829
509.258193326342,1.61911324736737,9.07795691528499,6.99869646958834,85.8958707905333,81.143059837097,2825.60162208,6202.39589296372
383.52195263478,2.75376453730223,6.74383712437689,4.05140675098818,65.2795992086739,42.0269305238513,2258.40883812461,1738.70152284143
349.104444524432,2.26352535881856,9.45929453290078,2,76.2489110172288,137.530193746168,2493.21638650961,10773.8616036388
809.542242817129,1.5464973896122,10,16.2612667204878,92.1100047458978,91.393130985228,1855.38440691616,2519.37590090661
830.075757699982,2.08660331872713,8.16902458459961,23.4540662978709,82.4394103245282,105.269565971722,3716.58292800228,3280.4244594628
787.240817779842,1.79865764000994,10,16.9287068076245,92.6632451710048,111.60503880483,2291.92173220444,4973.00179573467
670.259182341225,2.29265858780396,9.37743488076092,17.2362979309483,83.015317750511,78.7308538273343,2705.24067070246,4714.80915415038
933.001760012942,2.02034590899653,10,25.949629382726,102.746971308271,166.783722627455,2516.97699312654,9241.29181637678
675.394837474254,2.11949801169548,9.13724801144071,15.123717460749,83.4793889535136,106.367659405888,2547.57048563515,5519.48502606059
371.932871403422,1.9326872670859,8.16456725894389,2,72.1966620877602,65.7757502052008,2461.66633078575,2378.45086003671
467.720828248738,1.70669965806599,7.3109997189148,5.35958714643214,70.1772674745615,65.3408535127857,2198.71076473644,3439.30885034682
632.129242275813,2.41427219839254,10,16.8343190543116,89.2298586958508,120.453405716407,1846.23694294695,6100.24723706274
647.311143720238,2.76992211480341,8.47546578977439,18.0346061171939,77.7655723190835,70.274940233169,3350.27759807923,2121.99309168748
490.919548280563,2.77569900612915,9.69166994607896,11.1947021104103,82.2796909133829,102.169522403006,2286.30932709737,7228.21243210615
366.249478133143,1.49896184805186,8.74985166440923,2,75.2530551111278,103.431478302481,2397.72964570477,6723.2203720626
951.717799941645,2.60986306738332,8.7629138087521,33.7994251438138,88.728300281932,149.859945592579,3003.92402956942,8361.72548020483
845.603335615575,2.23966072756792,10,24.2359065320352,98.8241943344235,165.608482165349,2241.22514459528,10814.750769173
374.153738781635,2.92066442121838,8.35315656235837,4.94362138277328,68.6476134344302,120.475198349595,2140.52895529226,10534.8001721127
315.36358982525,1.87937189174665,8.93630458162268,2.27187031709303,71.0753896871128,116.278879002254,1502.93656355463,10906.8317987571
568.655129501805,2.57851348408391,9.78651048542814,13.5867841930709,72.2448247752244,53.4903391436742,2546.61631352932,3191.87156726071
573.129057470181,1.58193943314973,7.21371333339002,8.75469690921689,68.8496296802935,61.7270921928033,2469.85330259087,1947.2183730329
858.732941445828,2.44686858114243,7.80435817887473,26.8180100615443,82.7238486584002,99.0256384211309,3702.35766883638,3825.04370546093
590.077711616823,2.02627173607827,8.6914365387706,10.5024613102484,74.1312947000534,127.012266347113,3187.56235548377,10345.9369004295
368.225559135229,2.52962244084094,10,2,71.9958536437129,125.699733755464,2655.6722483647,11192.5882208584
584.152552297418,2.60950968309616,9.88492918299201,14.0804715361716,88.4093878760536,122.674748704593,2444.95835934375,9952.57446177524
699.062524003215,2.04723156332627,8.40331258671721,15.5433812220808,78.7614119564891,52.3183191725155,2009.27078475129,1710.19493240298
562.770365562858,2.12175908104132,10,11.5974363073563,87.4483217327705,142.738188343937,2860.1888883371,10921.7079786577
345.533177993736,1.61848225547802,8.90575168881317,2.13047419774169,75.5277048406094,70.0363521890062,2631.14051763965,5156.93830085865
591.443000773609,2.11469090462602,6.45297622003773,11.2792565314017,75.4271939184587,63.121109416756,2859.59892772123,602.41319838589
464.108267044865,2.04120058988875,7.49246157592707,6.26949091610438,69.1634225178103,69.3894603558316,2354.34994535745,5366.33114823013
891.483699390141,1.75235164468678,10,19.6925536799035,92.4206086985284,92.7686698554132,2513.4252576508,1006.76086643014
680.605757582737,2.68820224502855,9.239580187217,19.666515415016,84.7678657524827,113.100538601654,2617.54383639601,6482.65713277229
685.386344105304,1.72213175706024,8.7400319995758,13.0431730881168,78.3491723521009,83.5171632341002,2400.96596661509,4224.09430180756
631.722196819483,2.45360903629528,8.79069175986897,15.7823077333291,77.6228112188267,97.4325327005715,2346.22849491246,5707.78426953454
686.324474567463,2.57845436708451,10,20.7976467615518,90.6066676562093,135.984163742048,2293.92684878597,7244.87396817429
791.482514543818,2.86795286979484,9.03797340120666,28.2281794746664,82.8117922308737,152.261734318523,2739.00525013519,10056.812053996
521.64549041504,2.68985954976085,8.13507733973615,11.8228905172742,71.0212211244017,104.859943246767,2697.68051489406,7780.91734119121
983.699444190285,1.76421170081126,8.24612744139022,23.5555684780898,86.0874434991522,122.891842571103,3608.27670559322,5274.53755325999
339.473482418311,2.510015753672,9.47792701300247,2,76.3565569310881,125.687398064817,2087.93902596787,9513.70639037402
437.437837229018,1.91484721862344,8.56564805268015,5.56418333267046,70.4152620886608,124.662264494481,2550.04232968162,10461.4035133045
456.261135662153,2.88359704114876,7.58266870784721,7.58755123686398,70.1840033997854,56.2755917473437,1854.46492138026,1817.35963075417
690.157557726732,2.36010142373239,10,19.7370696598422,89.9784442771735,127.060098822447,1952.56323109526,6351.26275308071
552.905341759857,2.59690304804553,8.60024313938462,11.8443791018334,77.6808525429224,82.3313700739266,2577.4032799899,3629.63155716689
603.044670278268,1.62064737760466,9.54918680814491,9.7989029134753,75.8791303298351,60.1636105305409,2400.44060520949,1017.67317664642
253.420280996818,2.37414767016532,7.60308664120496,7.25103108853417,63.5702477254316,90.3734697978046,2463.6149022393,7854.01364625384
690.103286100595,2.50428717336029,10,18.5472499061984,85.2354871301307,134.520490016646,3184.39387220601,9990.47855205148
709.941065629724,2.79238552915875,8.33159752272404,22.9877411555241,82.4363947168909,66.1596037262206,2429.46922726688,2291.92919925133
587.928788598777,1.54294755710046,8.63287039013811,9.29608729525354,72.5909710471509,125.4264651998,2324.81687325009,9436.5502338629
313.225306628643,2.90873884883268,8.38263215682122,3.23659755637976,63.5918438731536,120.837633315037,2360.07576029695,9887.35306890636
837.821024944379,1.35847114698187,10,15.2452035282158,98.4753459395115,157.855017565893,1941.63514606602,10557.7448693313
513.312686738197,2.42177801951227,8.00110069025786,9.0855650669278,73.7700800569908,61.746694056198,2035.82179315622,3418.13597994658
467.413925777675,2.31902047803082,9.83124399465184,6.94816395849108,79.9677715473275,140.019091614773,2618.59311499256,10443.4837170888
826.253380575002,1.57740041889816,10,16.252849666537,92.2179646326493,112.340567092336,2394.99099446995,4027.29030210075
691.191546611775,1.57201779841379,8.59119374090126,13.1720819205821,74.9723363144521,95.5544025990419,2033.6576929043,6575.71814801053
311.526391722605,2.66559247254112,9.43633538636614,3.31691602090822,66.4718957911679,46.6223992532626,1900.36314953997,1055.5821791551
784.700056283093,2.06850153277784,9.84309162792148,19.0588710161799,79.3218963913645,59.1479138633736,3607.68151665412,982.69197205618
704.940792852855,1.56740444844962,9.80453374356164,12.7968429819121,88.2161060782258,115.320083849539,3386.1444390564,8424.10534005423
675.576851822789,2.5846297871908,10,18.883275573169,79.704534741542,98.0619055329927,2933.0048600587,5389.2797577557
680.193691090252,2.69702245661936,9.02753332443368,20.1080786338054,82.3377490126731,84.0564865120031,2556.47707552469,3319.21612906139
494.530354809326,2.38107928613821,7.87072958338368,8.19183210308223,72.4976525958867,55.9165172597708,1813.74393161122,2594.54845627401
900.648220337926,1.57051134528336,10,19.3401659126111,97.5436570614161,139.780251910932,2329.96983928199,7869.4883994514
493.385104301479,1.51963311062823,8.44956517302386,5.81298297481582,71.2190166438757,41.6080034441763,2792.59293001348,504.416984278739
749.353414787397,2.55120372195292,9.79225791335717,22.2725586281426,80.776064224395,134.399010177064,2435.9513079531,9364.8028611654
388.611191653235,2.32520951223798,7.7085261692146,2.98001778317815,68.0478362110038,41.3534206829883,1464.73223294773,1371.74566742922
446.173712107576,2.47619571258012,7.90587361676613,7.10426161631218,69.3329602733486,57.440433341294,1936.50263484139,2606.38576398931
575.668771349538,2.71977700529939,8.57681798294521,15.2796056698231,77.8805676134999,83.8977993946002,1777.72305170583,4748.60034828999
761.723862560545,2.15134166548946,8.0836876282905,19.183171765759,80.8241641472771,112.241879216005,2693.23088249896,5833.44613687714
512.118622647637,1.65581426434767,9.99544703912925,6.06862046574319,74.9772909868857,77.9495192483763,2544.32891848912,4404.94627395336
422.347941289508,2.90997492808624,7.71511918089286,5.7649093314832,68.4319158593604,65.6151124217896,2137.97275335697,4027.83381482723
728.176674406754,2.14632156043066,10,18.5196905627747,91.4438059084205,133.4926134567,3335.60944659898,11103.0761328051
561.596126804346,2.34664501734547,10,13.3901724497704,77.1915723047105,112.136700191572,2680.66367842601,7557.37649367734
481.22992430728,2.90011714432763,6.50293422055988,8.89519854477965,71.9519111560469,43.5805363572587,1861.41858271147,757.76250904127
699.094465614046,2.70788948215654,10,20.8451870316415,89.4574307065546,118.730001992084,2051.34703013364,5231.93499288745
504.337989396099,2.35814191009226,9.4525437333903,8.29358353641624,75.8249584125052,124.901739348657,2124.62713816892,10125.0956971837
557.868052207185,1.88452077934096,8.52981024995085,9.34727792614473,75.148153550537,79.5577205171952,3083.2366446605,3816.01805051735
673.057428601618,2.97644673704629,9.87659474814626,21.3796364317178,78.7238205325874,54.3166339656803,3231.44675886555,1540.11979251827
360.524388086169,2.5212256349303,8.88998049122323,3.4587529851955,70.0482253786348,110.378005305937,1659.80773815383,8842.2324874891
327.563215883703,2.11265501533808,7.88895838549697,2,66.4513405610059,91.7425815926739,1985.45556436637,7166.15215129689
782.878905554036,2.33975520428038,8.21606391772936,23.6651995874324,82.0521067560657,123.733083607372,3198.92234040034,6773.43758609154
480.199202559757,2.10832779823798,8.65955880004378,7.22260859133207,79.9025879537099,49.1392000904095,2501.4937298,1089.34215568149
495.874043802606,2.80831705581289,9.85254374851679,11.3984975151356,73.02500818749,62.7709316381179,2320.64582725926,2045.48910775069
527.732442624114,2.22374906229862,7.66575774736718,9.87677360974213,71.662047116458,95.3438255038473,2269.54785949768,7348.04335834425
363.454041036761,2.73529256397187,7.19129171463319,2,63.1783661658256,43.2368544935817,2305.36193305873,2786.06225604719
825.664363140933,2.76026444673451,8.24013665802191,31.175187410215,83.1999862263058,118.295867080467,3372.39004722576,6044.77087723267
849.562813143159,2.51437355192358,10,26.927825495875,100.023625595844,135.609321081129,2240.9865894267,6493.69854632333
416.089275091803,2.52096416164078,8.90815359031557,5.6715358063951,77.0590789799212,74.1219331685656,2596.16899558724,3618.57909298033
659.347693573769,2.65557421011003,10,20.3252041121193,77.8492420695674,138.07910786279,2860.29259372833,10932.6767109564
841.488961908398,2.08084436943445,8.9645535480157,21.2362493474787,80.4958083692319,150.661774815022,3086.22695764004,9767.10517519133
523.390581515689,1.67199480921294,8.96529556455211,7.32529159459009,73.8773879872361,116.048900632527,1914.49831876279,8446.10858396078
933.42440935841,2.76368130655877,7.55817753230269,35.7147913793358,85.6553073666245,92.9712330317075,3911.12927567807,1357.9325305035
735.223340714814,2.24725262353102,7.51246844283475,20.5111782859833,76.8601029726968,89.6265590554695,2579.80546622218,1667.43021239921
741.587985307162,1.64934694453604,10,15.0603982972404,79.8785586781649,97.8518051101854,3138.57770363312,5920.59480451451
446.367057378346,1.67296878327301,6.86572125810168,4.35742817324769,66.7174743400907,60.8379677172282,2341.52637117345,2267.84684110084
463.21120778288,1.73886359101484,8.72169420366197,5.76960518857151,66.7970981909514,136.299028234343,2174.37571553088,11260.9200988242
956.27063745913,2.62645988950066,8.09972053085465,35.6956727319845,88.8607492006941,103.01199929044,3400.9722295154,2243.7225743015
536.153940747268,2.56628501019942,7.83214156255309,12.145534924157,72.1883363543152,81.3020767227945,2816.20835089171,5862.14619010371
460.546724087665,1.80572802027732,7.23900767895339,6.16026983824656,69.20823587056,77.4730425338529,2488.87358903115,4505.33162525656
676.593851924087,2.63125175702359,9.78996249522519,18.514818778314,88.4045757370174,109.58517451419,2485.31024966694,7533.25063599508
516.659745116448,1.89120071993806,8.46621548468424,7.29222369981945,75.2663250255785,62.2589989188634,2725.69658248387,1919.40049778367
573.688876749873,2.68947837497242,8.26227240597014,14.756177260378,76.5088406399591,79.6216756203329,1771.89328948423,5233.4807084663
331.035068354256,2.20043879793446,9.31896207233911,3.38790498339672,71.9276632598255,67.3734889661009,2185.04671868661,3521.75536087858
344.928959000023,2.4195749322688,9.83962031345163,2.07117670577433,78.112345990769,112.46738612017,2158.90868635577,10265.2667713886
931.770161674533,2.0475676610983,10,27.3322699719849,92.2813392491863,87.742710406509,2580.05162360208,946.442833481646
329.835827841248,1.87857405845233,9.57776955269927,2.85974301189293,81.1432805715621,116.088066477066,1965.68930934407,10551.0024340711
309.289693971413,2.762039398439,8.0838564851853,5.23593349249446,64.6209646615164,104.21075631541,2082.64630960359,9662.935524083
697.916329475221,1.5529533817711,8.61268579093618,12.9540092965785,80.1044052517006,91.3888554780858,2113.67564982135,3773.27788084897
250.40108271989,2.96210542088626,8.00080184221745,9.01461981557981,64.6823195849929,106.086243708809,2220.79095676886,9182.19720144815
441.202164422932,2.45836942887672,6.89757535481151,7.32604259738475,75.3120571278421,39.4328381796611,2709.12573484024,843.349163726223
592.019328913311,2.04902852650108,10,12.4095123117101,77.6615611572582,127.324866756875,2913.03578820004,11135.5210532273
838.179972587719,2.24999544600849,10,23.1719488498939,96.0534610979625,127.529202090547,2370.3550177935,6292.54436848768
688.576454114737,1.65719306492626,10,12.0749897030582,76.367963132091,77.1942618753468,2619.14484801203,3836.0912867199
552.963127246085,2.27107868294032,8.41821722742275,10.5507638786443,76.0244016773238,73.4530896427929,2222.69780296135,4488.41533854145
803.760747812388,2.93184493944059,10,27.9911082632282,89.3909933132257,95.5123991147872,2118.49775907061,1230.45888806547
503.858701439245,1.85290415677006,8.5258070514506,6.55447750709361,74.1430421645721,135.95078174065,2186.4111345591,11382.8446544624
824.518562143199,2.58341714855452,7.49719467375392,28.7816388956651,80.1134694419135,90.0072944739931,3406.21781897875,932.211396657617
604.245543281808,2.04190717955839,9.71357625694117,12.4323382757312,86.6208272528552,114.910314240206,2838.8018381132,7703.97835462645
748.887034127526,2.38994864693913,9.4933535907818,20.6837815817668,86.829990450281,99.8601393552844,2650.26535881311,5370.09520477104
500.725503806186,1.67553933333086,9.79281169352791,7.05240370431042,84.3925849689799,128.745645531127,3021.41505790498,10938.0784000759
754.050028367689,2.11730422641944,10,19.4183116150246,90.5161882932588,106.670313025814,2048.15120433393,3205.99714337475
301.774495932386,2.97013907078891,8.2957931759822,4.28030705628208,65.1705218132336,85.4589950965621,1562.38371368286,6352.95506331812
606.713130760616,1.79293072652401,8.69475690052272,11.4836267752474,75.8708822756632,94.1453763020454,2018.04543058027,5805.91829441028
314.885953703566,2.31996306389706,9.30100283626797,3.13457116747358,77.2230136794399,100.542955689354,2020.26047478025,8231.53088455111
552.074244864158,2.33881508157127,8.36061557560393,12.1214675276132,76.8443753120664,57.7659892063265,3108.22744827165,1248.11255147663
921.693515612891,2.27035146133592,10,28.219139486857,95.9314378380723,109.998662441011,2395.00738893925,2631.6804302569
574.960535259832,2.36493997618222,8.50252508676808,12.8993588351693,79.1661905899766,61.0533593636897,2768.34727638008,2860.21302102135
344.372657825837,2.25335696053234,8.04710536053856,2.63597554539073,64.9014354095125,107.086918954262,2390.20286829554,8619.65830325859
693.084210724686,1.52539612538649,8.10607825917424,11.2002805360322,74.3072833452419,62.4139977501297,2407.02912265,2580.52565959414
344.400951428889,2.85014521719468,7.75688325996838,3.74192071420527,65.7939260621545,93.3115334066468,2436.84466242918,6808.40940280074
906.561123331065,2.74046824122605,7.86583113822422,32.2597267255836,86.0986433902857,105.474115148564,2955.61282817403,2867.68202551049
463.590459316581,1.76125152138168,8.19315085195255,5.51355526082232,71.4780054893765,116.415921715864,2638.75537048631,9977.87445092376
384.998148374001,2.1199097660683,9.27961559916211,4.00814485483738,71.5391909164713,125.028388468368,1737.97694967234,10864.039999386
752.566937422093,2.65582347104035,8.54730590422488,25.4474029582752,84.7159615788987,98.4093753672129,2522.36926804347,6203.42272436464
320.225289035018,2.97009347308093,7.20060309625728,3.39388231207936,67.4338903061694,61.2454545047784,2392.28246571346,4375.39772630096
794.793537070335,2.86671521688759,9.16863126990027,27.1117952755223,88.4223584399808,75.4766860835268,2995.81748213177,3074.63552519249
303.65524432747,2.83660285179446,8.73079597876158,5.20706800148364,65.5750301795956,36.8530620853077,1936.09391901509,1047.59101675348
431.741688571452,1.69755639369631,8.56826573504111,3.44432783355963,76.6267526969771,65.9881713743468,2424.2224849428,3453.50083817245
319.95110404597,2.87171265901351,7.7070429772935,3.93385720089008,63.9274548516191,100.661046055026,2420.17340819346,7696.5935793985
306.996705085231,2.6980144437528,8.95897869003976,4.97135454450281,77.037203110335,77.3211442386141,1992.99947934231,6369.78624440132
666.183950073658,1.87808301609317,10,13.5236715194089,86.0356398603156,139.761270636167,3021.34760661942,10884.4540610902
492.699030734859,2.09178389180439,7.48658118904796,7.30274455567147,70.4582787913071,72.8893987742775,2823.67334279949,4859.04988740871
527.322837524226,2.18986338293274,8.46762983716165,9.56374507823456,69.4633716262245,101.810013489049,2376.374952899,8132.49676561234
428.349273232283,2.38683808318975,9.26112357238988,6.67837287759529,81.3299291949785,78.3966363368061,2657.38453055149,5882.55022222633
777.734066833188,1.74613900560518,10,17.2410253760556,92.2213400039738,119.695484758813,1835.43989664491,6138.33837516633
629.556760810774,1.53442264415992,7.84775030092372,10.4180636408961,75.9218921958778,71.9369351616841,1719.88194957441,3445.51746064529
519.884251944072,1.71184428689586,8.22132704013011,7.1359176836129,77.1556307207104,91.2089729807327,1644.75523517949,5504.458545262
648.662885158958,2.07839493587016,9.46835111174542,13.960760807602,84.9291478442956,84.3060302271148,3050.81753028009,5678.63496713978
616.986704220221,1.9230038541393,9.16959577888128,11.7393343981193,78.0812860344585,117.605072857126,2300.89121805206,8273.06773923827
290.126731057762,2.6467748415542,8.32886837860415,5.21949602218697,66.3272954188218,118.340074559809,2415.1519696731,10847.0399910473
690.521560538484,1.66003510582391,8.51714683658366,12.4516102865156,75.8600152648894,82.2993621593037,2018.71931482112,4122.53405230755
888.270543637007,2.84153227857249,10,33.77372681804,96.0656376602228,92.6208876613456,1917.78991316183,964.205154394283
627.917193808703,2.84299076991587,8.8948071106196,19.3497367488818,80.8743567651316,89.4590374387139,2103.13447532092,5959.24638050704
662.037442508401,2.63089649763632,10,19.8730837515532,90.0740658881187,131.999835400081,1649.12356626462,6489.07465364085
433.998224397682,2.55825206621231,8.65524348634021,5.73079094228971,73.4164434511768,60.0999264435892,2673.57480855462,2352.84606245107
387.61196105566,1.6604999572254,7.98790296813098,2.97079691324247,67.3933724601541,106.770028905617,2144.7988121222,8865.11066903673
711.971848662577,1.8515782089008,10,15.5642723267353,93.9897496377852,161.46501900874,1953.87209995863,11334.2201928564
329.733601736646,1.6971080577082,8.46075751051714,2,65.2416210481096,119.531903521895,2147.5374474183,10903.5218870931
702.678835080888,2.948401837559,10,21.806544978921,81.2806174808129,68.688088727375,3230.98292832452,2668.16642706017
473.381286226071,1.99955763509801,8.4334618450151,6.99313258129467,70.4820096726123,127.959053744426,2310.07522985253,10128.9956389084
447.915246042588,2.37799581283509,8.02411389685511,6.34815848762016,65.4808731463565,102.599167598703,2315.59841987975,8249.43000052853
412.976355426627,2.57135975952874,9.1911355881818,4.51077561121722,77.5587318825773,82.9777948769673,2479.22741260379,5492.31220187603
759.038281134321,2.75710736710632,9.83573093977625,24.2298570297636,91.2239648838411,109.792157212374,3018.99581909597,6446.72093757202
395.591519548658,2.52529393833308,10,3.53512194167626,71.8937367471865,114.506379360738,2729.93342811223,9845.60192480704
697.475466412339,2.51175566814936,8.77398514792277,21.5281325583705,81.1167494239907,91.4198096829313,1942.50816316114,5781.4843360221
588.335433346853,2.19897267305723,7.75573834350549,12.7494812303734,73.1104712883188,91.8530538142633,2378.70354671757,4605.2810601564
504.482455228483,2.40810020062579,7.98809562362512,9.77391049489194,70.1439215844124,95.536704550427,2671.32155941186,5925.72242328584
796.429387592315,1.59426212891261,10,16.665018779154,87.226425122836,114.213535762424,2804.23234483311,6870.42784438554
625.525558488973,2.77728135827733,9.20415747097901,17.9620008583742,85.0309700105248,64.1924086821366,2699.37011162592,2579.85419156184
408.730171801948,2.11478222976969,9.43510390661164,4.67942288770335,74.8004302571729,133.191792061507,2171.93288850419,10409.9850329369
401.909746858256,1.56020257565241,8.95509905533224,2.63575192442029,68.527648008932,97.1263278149056,1968.14127835909,7916.05643712575
462.282142127738,2.70067932838427,9.03015214480788,8.56255134500396,77.3018687978724,117.1549771732,2359.83060946945,7465.95809071238
303.565010110503,2.2339529607553,7.35717067666114,3.1307357261663,64.1935382455012,49.8360848478571,1765.25190090382,1594.45848798702
640.849235041417,2.71942886211589,10,18.4617664819462,78.5565841790206,97.6123636209869,3217.60039620607,7145.91331989851
434.333892313914,2.78533193130804,7.92649438585514,5.77932018085997,70.2098313880716,47.3160937503113,2020.32035753198,1830.56728462342
935.314131302463,2.72362738118567,7.64458119208818,34.3426353829342,84.7587671184884,83.6208258673336,3403.7098814912,1365.67442714939
479.58632527965,1.52523168240492,9.28680785093736,4.61399269261546,79.039135513076,92.3542359372124,2920.48349209891,6300.41985206633
539.978246731656,1.79373949594671,8.98800085899022,8.19167795761869,77.2680884712337,87.9590596804474,2788.97539210071,4930.64087451144
782.844458280185,2.73153721944513,10,27.2795492872807,82.9347333604126,108.922133404508,2752.7489784041,6976.91297171846
421.086061523639,2.81332097634575,8.02796141162385,6.00666286895703,73.0996402193795,55.0108211942619,2702.41529703264,1481.44384862962
660.62704871487,2.09158495284334,8.85998378581456,15.4243619428266,81.8316477757646,101.106134186452,2822.8303418626,5240.81369131984
902.047115722167,2.09464866345465,10,25.6024650122229,97.4314417981491,99.3800669735912,2038.11119635951,2422.65386549674
688.399263009454,1.51244783937089,10,11.6940467101621,91.8553000742438,163.337610367223,2165.85370062563,11358.1009451653
550.498418306098,2.870525427731,10,13.405977339308,78.5888452956801,92.8901643203779,2759.5730811846,6672.65233678692
475.100962656484,1.72190684906915,9.59133375884912,6.50207832045849,80.9183734933463,95.3385327449634,2828.36281035054,8061.80547034954
685.953121700045,1.78640517652615,8.49756647631605,12.9100231190417,78.3628979129776,79.9252596752259,2400.06545548671,4079.60108750869
611.241659514519,2.46548288773181,8.82132129023773,15.5259618476731,81.2554482518194,60.7041438609766,2591.78509927844,1542.12806257279
537.991527430274,1.86426645450067,9.42943075521491,9.05064594742334,76.5085298724434,142.318566151618,1778.38446537581,11234.5794906189
689.681632523859,2.90815741652158,8.57886280179343,22.2971815189907,77.3146141851605,71.18618687983,2282.49599115994,3648.84938921502
417.577785004209,1.51636049297669,8.12487163063114,2.91484310949246,72.8125828011364,81.5793941120787,1843.93529885271,5161.89003690932
676.81094029218,1.43170482364829,9.54947166785645,10.6542432931266,86.2347513213707,100.749184320247,2547.96501553148,7648.50313872833
952.881009232489,2.2573152021534,7.80800073288208,31.1090075750702,85.0405259557365,85.8621554597393,3123.55822023063,771.670274547224
739.310798403786,2.14455050628189,10,19.2677668378992,82.2439489435594,122.939799482534,2690.31928709107,9412.85043569016
524.285757556861,1.74504603285137,8.02621790084905,8.29924598155787,72.2360759758055,86.5302740298247,2727.94175198517,6402.36009031482
763.205666799307,2.14200926135662,10,19.6470617013269,91.1657798263832,105.368064153961,1825.88362581009,3560.38905775704
790.904011358914,2.10086669660255,8.89135863052623,20.4089049879638,86.4410467434498,65.6338271865795,2829.18483301075,1177.68783821716
782.857775337854,2.83549428801355,7.51912234410516,25.7670384654653,80.6874955702605,85.4306158222666,3227.26277953016,2287.48257021886
473.518889685849,1.51388088032545,8.59933569440786,5.76260524628895,71.4715044846053,115.195743599286,2278.99443259957,10345.3724473878
380.537089034734,2.96440470754943,9.07168041950946,3.69792324540113,70.5649484058378,102.180627090267,1551.10188172736,8046.2664632948
790.224449318196,2.43658914644376,8.498204455438,23.7875787918988,82.7380197525828,81.7416543663546,2637.42216777189,3248.91893800579
651.992960932332,1.71369415201525,8.58578611698631,12.6442447823111,79.3343915968419,58.7433073086849,3066.72811102013,1221.60841439532
513.682140836229,1.57014002071675,8.28168130453383,6.44542517940246,70.1380311907127,102.904274911663,2448.06453638551,8096.768436253
332.888351705572,2.20262136769151,9.41944069808303,2.55722314543933,79.3933804231966,94.3354883349568,2536.78880888346,6796.48498564542
681.708907110336,1.79121170803119,9.43145972871153,13.051682279322,85.4058654334188,85.3672167116385,2677.06934534432,4949.71476904059
687.361714610301,1.95174830550189,8.71247668204314,14.7748869617421,80.3996961680792,91.6597618994128,2264.052973199,4499.7259410907
635.886363181115,1.86769824725177,8.00490496122116,13.3111190061451,78.5038423851048,65.3588740049887,2011.04992305105,2884.95703522019
445.954806895172,2.34546047358749,9.57887441859895,6.72146002779353,82.6491454119865,104.367435199187,2684.14159079414,7865.72382191269
821.391514756309,2.3302934431742,9.29958279916928,23.9998565380939,79.552341113103,163.942440605444,3103.33875264257,11177.3483057326
644.173748523487,1.56778846351499,10,9.8684863730351,84.6942771828881,91.153892637871,1805.39834696488,2432.86770420508
535.793533229576,2.22235279183166,10,9.73351201714854,72.1886626601843,87.2012810993196,2726.31927394922,7068.28282017054
421.911926300202,2.68678464834495,8.61951690583271,6.25721215653879,73.4136055189964,81.8374751280755,1867.84377321418,5166.03561320574
372.183945272929,1.62179188623049,7.58839804095136,2,65.0645595266109,79.3869714503902,2404.45213535576,5413.57593919131
381.300204201849,2.79568432860388,9.61411012215464,4.35428606082243,69.1734675784765,66.8766203566447,2560.19489928522,3295.62008140596
330.519028711414,2.36745997417159,8.02064849752648,2.85814771953313,65.260583845963,113.850588098958,2251.15615948136,9576.48363227561
338.284320910058,2.85476558988712,10,3.56725333709997,66.8534882881203,79.1678798407644,2451.09750588272,5837.81164561965
967.960546574769,1.58276725468996,10,20.0861150061197,97.1492003482559,126.991253590673,2426.68299533149,6477.4643741809
565.205343987702,2.9135479982516,9.20992820423379,16.2602554810477,81.0795807359874,85.2541358928959,2466.10421715589,3852.37004077058
388.859689941959,2.46640929895451,6.8913975754547,4.00845330274893,66.3863214504056,61.2599244844946,2688.15240341714,2499.89312233645
437.260224469074,2.35124129922159,7.04803130109161,5.79523215212931,70.0044030607986,43.9112805853176,2763.66575849234,1445.01427023103
614.146614240776,2.14631311787005,9.73462572326965,14.2963714028004,87.0154898149882,112.719137105798,3186.5710083463,8355.31055017408
972.657577679272,1.53548155964747,7.92382670095467,20.1279717226949,85.0352568136108,96.0515835466495,3504.08957998021,2658.57709856641
312.54253330021,2.90945878732437,7.69129928349727,4.56431484374433,65.1404502624431,101.34688739143,2319.6436365568,8090.82889607677
447.776249317609,2.36747244487633,8.53140629630455,6.15493964536986,76.365388110192,80.985163553107,2771.3267122765,4794.14090651649
787.894668172057,1.60282477756097,10,15.9219824111712,82.9924866303616,101.231530711476,2665.9280051612,5073.52281088617
485.596493324262,1.4736326384725,9.21052983087129,5.23724723286949,81.7202666898969,85.8414579988706,2949.90932474173,5660.95245702049
609.024660302931,1.48663305734039,10,8.59202143349086,83.3326636838334,101.129448099798,1694.62079757364,4544.79358940298
301.675222423006,2.41409364514836,6.33243608347644,4.46688321635592,65.6533810604388,50.0165321909076,1886.31737339138,1606.81974944849
610.535480699421,2.30281818425569,10,14.3012036832045,85.1942483191359,102.071774066105,1788.35708151135,3905.9499100313
794.961571210364,2.1325107229852,10,21.4042737403406,90.8413683374193,118.548662576449,3245.02240282367,7801.07796763332
711.548339596489,1.7684552895846,10,13.7567837336853,91.3885207666056,129.540123486185,1677.36453441205,7823.62841615758
761.771378468113,2.29761409742196,8.38201267947929,20.4973428966534,81.3848371299481,76.1224687007829,1850.20120231201,3648.46737963994
797.943137879858,2.1690483579985,9.25996306016976,22.1599741363429,87.8561248363646,113.024478666293,3321.87994075234,5561.12889213457
839.936488457246,1.47889317662687,10,15.2672932790347,89.3003962065141,102.133756977701,2077.30581945609,2627.91950813131
316.598157532781,1.88761396997659,8.14878972129097,2.93119854060407,75.754848896559,44.6572759873115,2535.785363667,2814.09289682819
632.636652154771,1.56489812314184,9.71442700254018,9.59455091501556,82.9098144358104,75.1930764561848,1777.11802434998,753.517972472682
540.794527553939,2.65329605947258,10,12.0900447660416,82.7625941023859,125.926161510693,2497.85131001626,10364.2120489852
503.086006455743,2.53922186625833,8.97843031591949,10.8119380806128,79.4144874719546,59.5917696345365,2238.54244461494,2817.77331582397
603.088652890884,2.93423195885498,8.8840902129516,18.3649160023396,80.3682518798738,65.1843772677707,2874.42991805516,3002.8726463011
519.423904855682,1.9241564943947,9.94731804954228,8.51488606115603,72.5795763644737,60.3311717415931,2521.43528160144,3575.61575909645
976.92689724502,2.81772877163537,7.89906078041684,39.8921256997488,91.7784293972472,97.3419354723032,3343.45693424932,1901.48878864972
567.369857706756,2.32911870715292,10,12.5384992681513,78.0806285438663,101.670406856687,2720.39893405179,7531.89171499499
646.863030731221,2.167640134218,9.86703519678167,14.7886297426188,75.4097185251348,55.2824977803702,3245.14106713577,1326.57248495345
748.242636321248,1.80365864677666,8.68600745253192,16.9085155061505,83.1656831816213,71.1514250332718,2621.42450651117,1976.22668958985
373.435937916604,2.44260779111846,9.13849494730834,3.54544509463281,74.9424368100011,111.240900363156,2344.70116067328,7592.32399249102
414.867327059264,2.80579582157347,10,6.21617314175077,71.0498863972477,77.3379040364752,2164.47835216851,4236.26682529587
353.659330237008,1.75058732659313,9.31157528888417,2,78.7386180565769,107.244565956407,2051.55519004009,8287.42609371308
698.873439730469,1.76308550246042,7.96451244960734,14.9785401434268,74.5849583806303,124.261620773581,2777.2576306989,6631.67219137156
829.404388426982,2.5443328725073,7.9976572497485,26.2524080745908,80.5483567488444,103.166851241705,3156.0693694418,3316.23290367664
362.412740638612,2.96545974408828,7.97807461844557,2,64.9611734320137,96.8358932179751,2307.5568111851,7659.10745538261
511.586419763377,2.5938007669558,8.37337521441775,9.72730963736298,78.5376858222752,54.5989837460217,2881.45854257776,1779.01048322169
993.871441127922,1.92687110857147,8.65978641834113,26.267293951849,88.4664731139722,124.007655510666,4067.49178488497,6400.51421388033
662.681739118379,1.98859532189415,10,14.0613683112113,92.1602933250951,105.132468235968,2062.88670364792,5308.62915549538
570.406035399038,2.04665643949898,9.85601595684003,11.6908493149257,77.1281839020205,67.7528369505815,2538.26500447831,3446.60941099185
349.435577526825,2.64582784078956,9.36300515014219,2.49802382340619,80.5119634889799,92.6983781811122,2567.45886846396,7144.0549751345
459.248156631939,2.65705616830834,9.25003372208218,7.31786738458796,69.4221940474618,123.26010359557,2032.92593983447,10084.6695157431
434.63407328611,2.38346315214228,8.61637747468749,6.74387971715585,69.4023912528004,126.823584397472,2720.74695690229,11487.9516973938
773.315872982669,1.85518192169621,10,17.4912097667234,81.5586182793996,111.382255854295,2589.440150574,7185.39045617767
495.614110641741,2.90698279158308,8.62063963473674,10.9545630951938,74.4708589442105,78.8882544915601,2057.20993966878,4951.76461762087
332.453348107335,2.44920796705976,9.80482159209884,2.52185173316347,69.4150601891791,60.1530604158363,2536.25126537472,2977.27810237822
494.080723980158,2.89013638402556,8.60783326984664,12.0343359860735,78.7788015512618,63.0942894657825,2690.7544994266,3328.05698334623
658.296470349591,2.19910798825833,10,15.2606405269462,88.8591657448245,114.898672105856,2119.89645572469,5774.00475964742
691.995845316578,2.57675823564783,10,18.8855265566623,88.3401050643523,113.765570302177,2250.09463654507,4540.0547140878
609.045311582495,2.71965806909179,9.7348729965298,16.2946147443035,76.7532963037918,121.344804505032,2051.57332002293,10551.9597488744
333.711933101841,1.96795242907274,9.9986436544992,2.50873593142871,72.2784673683779,71.3494734849524,2510.35101870113,4551.25014421281
532.361878125019,2.94603108443584,8.46467770356834,13.6225343793393,75.5132371016114,82.7592739724356,2155.61345706773,4607.89050259979
863.311555103768,1.53291220139635,8.08873810063931,16.8803771714613,78.9271315226,115.926703857534,3714.53069346362,4718.87963677375
510.929196183748,2.4814514864243,10,9.06169390361397,83.5114879543204,117.74812006981,2947.4760021396,9702.82231404424
256.694222718306,2.94833562864607,7.75610344676672,7.94935158067539,61.5772964812185,89.4142880034045,2144.01769158512,7658.67152931592
792.759678451433,1.94764401159766,10,19.8870687139675,86.2329751743309,110.818107767999,2679.63073316441,7255.85735350782
483.557883670268,2.42915459120398,9.92701727015717,8.20562900617946,76.2828522996758,72.4536919315889,2133.49534091931,4175.57324622248
922.502015426643,2.34333487476632,8.90220591595345,30.9319090672471,86.3947818706645,155.232521206597,3915.13378495801,9496.94594515683
730.258596874981,2.61180882515669,10,24.290604299374,89.1490671757832,83.5831511306968,1981.39569284322,922.002474912713
790.006702797368,2.44660233264469,10,23.4927835268571,99.4015026079985,158.485580764497,2050.73459808756,10078.7688957192
494.231821305498,2.28152819582859,8.84374457495677,8.89723285983849,75.9238753211656,101.845437203754,2555.97274890446,6140.24889773323
471.269614754804,2.66846324831365,9.85468036536719,7.52550414643122,74.0042133656014,83.936868386567,2322.22065625083,4880.75258349754
608.740550883111,1.82156293723138,10,11.5499539755632,87.4849575794246,118.771685062043,2003.69318987573,5968.84008789454
376.007328249076,1.84288058805723,8.07094678243097,2.33383654665075,65.256281142639,98.6510350183717,2596.3512114026,7841.57083587214
744.744995199765,2.13454868729112,8.3515786431658,18.2419773051081,81.8168229082053,69.7169379834382,2815.43509841776,640.419691696871
491.637668507789,2.51660489937117,8.53512444076364,9.87414242517689,71.0388601016819,124.579578538685,2795.42278791775,10087.0704210407
372.71142954772,1.70052148594773,8.80579550765872,2.60652974086321,73.8517127262438,81.9076174642063,2461.06450553753,5414.13477842532
856.904251617959,2.52052828822784,8.01172286008591,27.2100075010337,83.668883190862,111.287699176357,3243.84951828639,4272.63171670086
956.892343979549,2.03832084649779,10,26.0708647351406,97.1494629490456,88.7353963184003,2158.44167349856,2020.70122197463
880.013616385942,2.51377892841064,10,29.0252262824983,98.1801004724211,121.50860955498,2434.15596720105,5334.11911794286
702.039537324844,1.55525372565496,7.72410534561357,12.8111435512509,76.4449457571583,121.812948059365,2884.24055686716,5959.55048412817
733.916248367248,2.4504738081224,10,22.214596031236,81.5407470776462,87.0259993771842,2928.89731093542,4940.11363942826
720.617605315546,2.22833477557496,10,18.8175145617115,91.0889550008138,132.424650534719,2108.76140874075,7965.26103209587
527.038072156171,2.84917364676936,10,12.6454658888442,74.3794580369888,72.5453589720569,3007.22833258953,5129.86181635149
810.457103875659,2.21424078734907,10,23.7337411279738,97.8726759817595,165.125627290249,2089.68365167704,11075.5933563123
725.253302189098,2.69445284463492,9.03161967191251,22.5453419360631,82.2963985205534,101.712201167794,2393.74488643668,7092.05269605951
765.803747573831,2.67819289430883,10,25.8214896375209,94.342919099814,124.759774784034,2999.25687217911,9382.257292171
764.826438895278,2.48405316816571,8.70430969549049,23.4713226204765,86.3827034377044,69.4276576100731,2829.37876740305,1702.91493420427
652.783963447489,1.93523045243996,7.78401908361965,14.4430749166054,75.4514449408881,113.483231229463,2523.14698327383,4870.20422240496
760.944242792729,2.70637312471821,8.8876598373433,24.6076051995735,87.3499918470427,87.7198310332578,2689.97713347924,4205.32471591868
327.193483000786,2.5031556429138,8.96015094435167,2.59328572867994,79.2211540370362,90.9449013675544,1908.02106445208,6764.30626950251
432.886828408718,2.04787611803771,10,4.33203580693124,73.0055205573056,109.613745594951,2531.77133193999,9972.24872067568
557.493927363916,2.55123586859186,9.66042071335492,13.731144236548,75.2058920320114,49.7900975912693,2367.54901709736,1361.72039538207
539.962844502197,2.80153331577171,7.78242530033627,12.7823388152563,73.6721183680734,55.7612120829902,2143.90331884272,1298.32277849182
841.883917554957,2.59847048490585,10,27.6776883752222,95.4910421747735,151.858667753527,2468.48813744021,9853.49478973359
791.778491494802,2.82451508481004,10,29.3879985369779,91.2004218947222,98.9258919986836,2138.09569898542,2841.35094642193
767.18783982021,1.88387019830264,9.86194158460923,18.7515749011019,89.1507247159284,122.592881414716,3091.7482795974,7856.28579894795
420.274424107293,2.01753160100383,8.79692201821339,5.3635971015714,75.1025480034609,88.3897561141301,2322.08662207102,6471.65945596886
437.012347019243,1.53030298809289,9.62731821772644,3.44014562236795,77.591259571637,121.43611428967,2545.5945744931,9661.82954375952
760.368967846528,1.87131643052707,8.32425350377507,17.9391786050096,81.4278703168765,67.5925768052721,2344.49163121843,1875.97800820044
630.695805498102,2.75559595867069,10,17.5915402204502,87.1373182471403,79.9089403613443,1756.31668690095,1927.61262294872
863.346287666683,2.04127488941904,8.31722284839709,21.6996660339157,83.8311770887084,119.225686397876,3161.28832033354,6625.00196306138
488.607583222964,2.43082898789232,8.42057504870069,8.50589923314361,69.4688087854414,124.453985823638,2734.60634574299,10910.1651869421
552.77086171487,2.39347249274211,8.79412049128529,12.0003977681642,81.3142466782952,93.7227528812304,2749.66973647942,5064.9753420783
647.115939411569,2.62712503960129,10,16.9031361965104,78.5418405990745,80.3146176092336,3123.70387536991,4096.36310280164
386.377323005983,1.66813862457804,9.15737313294754,2.57211180857842,75.6451317430243,106.465253199306,2667.97896545914,7173.58255517674
941.052893108616,1.69458688305047,10,22.4507200388425,102.300179242739,163.70797418438,2479.72726858343,10734.9346059953
299.00899131446,2.17250451218727,8.24982923300027,3.64880000407473,65.4218167852757,109.607557848832,2048.78241196806,9706.20616129086
760.3249777263,1.75423909469137,10,16.0699519820065,94.6574158570364,170.704393676867,2307.14525518605,11450.3197180654
337.628800654103,2.9650846143179,8.38321747286185,2.69402744811421,70.2199240688592,35.3598333565379,2239.95768591602,748.254415226148
572.6055394087,2.73243971379932,9.74028950012328,15.9701345646109,76.7684381979875,57.917423973452,2958.08735399632,1741.43959184038
634.87290371282,2.21953013193073,8.82623453247202,13.6428447925471,80.4158091239368,104.826832877384,2270.58939808389,7204.14539703284
976.488654038116,2.48323006197506,10,33.4577072571339,105.906282326821,163.298253892631,2222.58848124766,9526.34083267235
508.7676685636,2.02147942137494,7.10761135510502,7.6141672190398,71.0246955150286,72.5721588757993,2339.10623017905,3637.68776537443
570.551458227075,2.64379246419573,10,15.1873696972301,75.8996550764131,72.0294874951537,2648.15907323832,3131.32196837641
766.308508585167,1.83551339715968,9.47443856406015,16.2969339372908,83.504871110858,132.508012131336,1885.63710645294,9156.73379319321
539.218419020438,2.63366611970835,7.96723346379873,12.1693642009194,78.2995313232235,63.7599387408131,2784.49629897478,1120.20039238555
580.602826549435,2.18468010479359,8.61641491577213,11.7392262084038,77.6709783501775,76.1952102049459,2103.04305023863,4563.20912340844
458.634484684534,1.66124898148836,7.7965149782622,5.57721963856134,69.4907964743879,81.8570245391457,2383.60143240576,6063.90144851563
504.989862943283,1.82504556742447,9.29092081225456,6.6949785938092,79.2427084372897,94.4660721035141,2562.54738702068,6663.83541785356
719.241345282912,1.98401152295979,9.88846999777083,17.13100075283,90.3097771141856,117.345939058658,3101.48627866504,8514.76672472055
392.58796942253,2.52765603434815,8.63059910497934,3.34862245602714,72.7043681346668,76.5494025272535,2071.4435945202,4403.30295773724
844.194766630063,1.60947407209643,8.34143586375825,18.5613416477903,80.8465886915854,132.572863778905,3528.56842891358,7239.52779142068
902.781639665518,2.48932049263896,8.75623655362552,29.9614108338945,84.0635554488262,133.695291551306,3340.19644896384,6939.12965070052
961.590468750631,2.36411626440529,10,32.0025250247537,100.494352832898,134.30892128214,2365.49961696756,6523.77710719122
559.371438751997,2.48088205488863,8.1444293936528,12.2439329293679,71.3678551025273,105.767069071406,2880.19552588029,7545.31622456433
803.496115772057,2.53028229702563,10,24.7669391783745,93.7474209001891,104.552643491569,2271.48499699708,3353.94088174884
621.580725581671,1.76725292403426,8.09166814355717,10.5553311642873,76.8691862624172,48.8248025790765,1727.96201199402,1431.13628943092
497.118868064651,2.3447073718824,8.4851519284124,9.11211333903853,75.5765814808436,58.7766532390643,2846.75788797992,1811.98839243718
534.0888814401,2.85405753076464,8.84148693315979,14.2267822303238,81.0596091967401,69.3075118620485,2756.74257051304,2970.40620919291
567.193027400567,2.41617640470681,7.66360836753855,12.5049783303342,74.7526076094663,97.9623013317067,2938.12768256949,6002.17729075064
765.351996596237,2.22072622493139,9.92497831411975,21.430674251573,88.5295677774018,143.884312828045,2842.02133334145,9744.87025600622
747.70702903351,2.42636560091324,10,20.4219777547582,87.6806954315623,124.37042596084,2776.00151606106,8214.22676297223
369.185430906819,1.84683038422232,9.45156255126776,2.89498393250694,76.6720842259528,115.906920622218,2619.3200877653,9179.44664622252
547.529407465723,2.55071385198231,7.45356615807319,12.0725972199735,73.8118016419132,83.2780249965201,2561.3248212633,4360.73186318701
774.18186551074,2.7557552498146,9.48028918077372,25.585671234175,86.1563470322225,104.161477627005,3177.33544074056,4951.19115813405
480.624847286802,1.45530406783211,8.78975238124572,5.02268714020674,79.8278253658983,95.3025398557223,2545.19936052969,4830.50074589674
559.323144710835,2.8051695616633,7.96344304967792,15.0492088243179,73.8950563155986,60.4345220943991,2022.31895141269,2610.60502844952
689.547627906498,1.8100536678215,8.44992918290162,14.3953586010987,77.8641232051948,67.8662135770178,2575.0939745772,1173.38323957929
581.039068782824,2.05649022239164,9.20864541405826,11.3495513696681,79.7429119566852,112.918294601654,2520.27124143127,7000.0770210995
796.741760853125,2.77852170142896,10,27.3652206096715,85.0342498735803,144.273592632821,1982.42629387517,11381.3835176264
409.49967780489,2.73586819118494,7.02612844265325,4.27271533625866,67.6455128781139,57.4601095116159,2433.90629271331,2335.12675445289
656.971355603689,2.8259066486364,9.834141250103,19.8281207998413,77.9149953260241,55.5772110829794,3269.0503700335,1013.53301889201
527.40689906879,2.91062518894879,8.53392153847666,12.3646050171898,70.3726360870936,117.594163043678,2528.09873368069,9074.84850006326
547.05020787922,2.12329117473051,8.96151838891319,10.3001206706205,81.2238670493308,63.0957550568438,2985.00095252714,3278.44607353197
728.491902855688,2.3251027798929,10,20.4381310226125,93.245388525865,125.060372808753,2769.38309236701,9626.08185888221
441.154106922519,2.08571766078916,8.16606739445962,6.00686005229262,70.1037420991421,106.524906722155,2732.55316821021,8243.30333737967
505.825398400816,1.8788144165145,10,7.91475412534325,85.5478268205204,123.821988118857,2571.97073557573,10902.4089075589
287.738285848181,2.1473931158965,7.42573756064493,3.83751249663026,65.3388186450536,81.6469472035636,2062.93554018659,4998.19959332339
496.706788175212,2.44506369983143,9.05346503312215,10.0113927760097,79.7321082150943,116.733783206917,2785.0554453418,7781.66823395698
893.574581893314,2.0941325323907,10,24.0343020659877,93.6251020131355,131.641554735265,2239.27774500769,5613.40258894598
572.450244088038,2.72108951167251,8.33721239471582,14.9092833241976,71.9801761518733,98.7735774238938,2616.59383897476,7436.47567039398
700.671761544124,2.43963257696407,10,18.3619700232682,89.3653271562474,111.808934132278,1742.65864564947,5445.58796608511
477.617758665251,1.51429465530782,9.53338587359219,5.44683348721679,72.1375279138671,50.2533755421596,2267.56625111106,2574.95471066482
376.980497052213,2.34612673265263,9.06621041673321,3.15367190899781,81.234377520532,85.4147246153762,2565.14918335556,6086.87157603719
491.753012980139,2.15485668496289,7.69353578276981,7.81844160499391,70.8063882056026,86.6575737608977,2889.23760546809,6314.42621581187
780.094215004963,2.09921501997921,10,20.7555864491588,82.3386820668804,122.300064767577,2747.07874367068,9416.64233086177
620.476109924088,2.53229523232112,9.49504981455556,14.6492969749537,83.5884924806534,118.37600599231,2909.96277765148,8590.72776372939
608.538265003113,2.32141197912702,9.12881519279244,13.3883437304043,77.3137895133988,107.368091229272,1762.20247876869,7801.70786335588
443.721475675152,2.82843273518842,7.12395397425895,8.02429264931335,70.0050019458889,52.6835886003071,2333.42143069897,1747.2580510783
280.959509239938,2.56920838858754,7.80602351076191,6.17341038847546,62.9383564518484,97.6635104617411,2168.78124664907,8426.77919730086
664.751913214692,2.23603748813065,9.60948225792672,16.1671938035121,86.1961777459353,81.4049761528358,3178.18968719772,6003.35671989966
601.024771774675,2.45047379938459,10,14.1209205034496,90.0079316697444,135.448085978908,2396.72278873587,10335.0948971678
881.5168690997,1.55752357638811,9.23607517818474,18.6047713857336,85.512453188025,158.992700747284,3684.0108803746,10618.580275436
964.583882559598,1.54062548224231,7.73882732683249,20.9824258599972,82.0370537697815,77.7683722544439,3102.1969769429,1106.72249661964
691.980393530509,1.49600985330569,9.82907005669209,11.6478204172651,88.0870462370586,119.879174082283,3238.10199503395,9527.05716389927
912.36610086181,2.13169361765018,10,27.6961689057439,93.1661179041782,81.1282235973833,2420.16763271863,914.671294649377
763.591884439674,1.79709979328346,9.56096823755553,16.9570200828226,88.4410280093019,82.7067509254719,2893.28130169924,4538.86588264525
995.9739805852,2.7358511163486,10,37.1087705071519,103.505106231065,137.383642120517,2642.5779005658,6465.29973183187
590.64136598053,2.28059817367874,8.8565796059318,12.4254402082337,81.8347348962708,69.7382227607449,2476.81380823417,2129.1087848984
354.440808015583,2.40313155635986,10,2,71.5771012870863,100.99803033209,2094.24526863298,8709.45193825984
810.695467721403,1.91823020437004,6.96241741387475,20.4109696211232,78.6662000078635,84.9312785363354,2678.88717951061,591.901745893524
693.800573230822,1.98269536288141,8.28409239435056,15.1200754965343,77.4234669702264,73.7433822237994,2075.83384814445,2354.58953277441
611.09012990474,1.83069880625374,10,12.3284266564532,88.2233766039456,123.129114890849,1633.4226536829,6888.76512838823
328.443719178075,2.54810355772545,8.5478509848193,2.64391622621493,71.4792872187416,96.8962935128813,1609.67338504726,8358.26318241022
333.578891191411,2.0545958911212,9.33988142366752,2.31045731803188,77.1395493393161,117.86137028072,1928.41563052871,10583.0741296331
665.517879164155,2.27652547879511,9.42069872746256,15.3241880632374,79.1232577513615,118.741597198671,1905.74909825718,8260.46317128086
425.40831999711,2.38800447323902,7.81513597502882,6.5023157583293,68.6385860543078,93.5104034713213,2816.34110264078,7889.57197280353
747.559177408237,2.49277236173897,10,23.4973405692062,92.3436865586054,113.468127098096,2201.13389323643,4837.75260985731
352.808522630868,1.63205093301633,7.69422185293005,2,69.076824766513,43.7510041852125,2102.28202060516,514.128680794816
666.120125102944,2.64507947251663,9.92258025614936,20.6435036613398,78.8259072858351,62.6560292344872,3154.89858670365,1821.75184609184
460.50990527545,2.34485260331277,8.67088355288421,6.65773823460527,72.9157753818598,89.4409628958754,1943.31510977033,6380.09999231643
432.662035032334,2.50364316728289,8.82357538699251,6.64109258712491,72.0513864537321,101.100287328114,1616.22708273092,7926.42874428862
478.311720543743,1.99132764726114,7.42310047894461,7.41406284808761,70.3542368176797,81.1479341565633,2414.65306018093,5091.93112286109
579.505446298421,2.11408025522467,8.88203459681616,12.2781213385097,75.1670593221428,114.450715415569,2229.07087392903,8537.46912681229
776.843724634656,1.84674872948088,8.22188362547474,18.8248539592918,80.3276037722731,119.728293011726,3425.15333953047,6240.48524865397
620.743735402794,2.96894999612611,8.06409075154532,19.8484997077127,76.1073292551182,55.5370881997289,2272.27640464777,1315.93815153743
435.610760192059,2.19662396664776,8.20537979058222,6.59463071475099,74.9371653855094,64.8300230199628,2484.03100603909,2612.17876064744
697.415130802163,2.75109349684615,9.97655878747435,20.9632725104449,87.7711105876292,140.825941700878,3134.40862610726,9739.98045568337
414.659475153827,2.15577580280028,10,4.15929082000894,70.007647425118,97.0675077729973,2432.23230903493,8474.04021286883
379.418847691008,1.75078231315744,10,2.700246512492,69.8897749722119,111.967735001884,2538.0070870635,10342.3818571374
923.853793324606,2.26117859510529,7.73347461473313,29.5298774701244,82.6978518584524,89.6504017339373,3656.85048325144,1793.1297403303
653.946015348967,1.41134912808867,10,9.89404778082088,83.3266109155209,150.925833617188,2458.52639790523,11392.4478807658
713.923641495629,2.85715470213293,7.62875586015437,22.264390219857,79.4803318815511,92.5526310853024,3187.66267037933,2803.47385344927
358.122876344969,2.7206696243393,8.34858957938283,3.36295973324138,69.8549542018031,38.5786122996681,2452.07150735179,629.578639153062
943.439680970342,2.58873078104143,9.39431347501627,35.126749316735,87.4808200923245,172.840014238144,3000.07385417253,11471.6523295891
521.809468768841,2.41474007316369,7.44931892842318,10.2794141314105,69.068480284205,71.8770687765566,2575.76400457407,3591.81273989624
463.628686849832,2.36975135050554,8.75799062393328,6.68123402991994,74.5615915503438,99.3822344566072,1995.83089520297,7848.21397763816
480.369092874678,2.99509232111919,7.17760576712786,9.15939680267833,68.5859217394531,59.7184169392954,2922.36227769511,2443.50545593936
362.080093273905,1.80704821296413,9.09880539921049,2,76.4847425718977,108.911054280074,2540.29463252799,6882.51385419056
553.523829523839,2.48364946379651,9.96072563725281,13.0868927353696,85.1830159852917,121.841119577777,2419.6302727359,10444.3848510002
256.555602221147,2.37210715532049,6.92719001508812,6.76880000103906,63.9803593729735,61.3772596635494,2070.72464332154,4021.99284171282
495.800940460778,2.86659769083237,10,9.86384191524541,73.8799304431321,105.706414457463,2310.41993349208,7872.79373648795
276.194987514992,2.74170477494738,6.9660279039235,6.24333488312408,62.722021856762,54.7007337885919,2249.58960657092,2566.93947678258
816.301513054909,2.99778766948439,8.40782912463481,31.297058869738,82.1609159814345,128.471621164712,3458.61414605445,7372.74938590598
510.840823426447,2.38248749169367,8.28639724503626,9.17572732254983,73.6562056852618,67.2151306849972,2141.00459307151,4200.95386999261
405.53475932332,1.8068159363174,7.08087951030722,3.65573507616483,66.2587207059133,60.1066268110917,2667.51887329438,2823.29084446747
322.665651023997,2.1813799385189,8.43373188350238,3.26216243510096,72.3938849323725,64.277518412251,1988.15000309408,3945.00255773999
376.565719448641,2.56666670107586,7.26203355230895,4.16538699010769,64.7517099476749,65.1987195515849,2059.48341558006,2467.25175358579
914.769347184971,2.66154057927238,9.13053572649991,33.341018729821,86.5458114419523,151.033193901944,3912.7963788062,10421.0771862167
484.45718667681,1.43987074709343,8.80316448047975,5.36188587489886,76.8855297308569,89.5832826776646,2802.41801487999,4869.05574948842
657.58597630479,2.20940877750503,9.21798594699494,15.2149574302231,83.7040559679357,72.9507799420249,2819.32654733044,3198.07235471804
379.317553271807,1.85285186995597,7.56397253989172,2.12877471114376,65.1812162133257,76.1925143744678,2305.77162990018,5432.48625117526
511.619720745093,2.73688571498143,8.85776370080137,10.4638406570432,80.1385039705555,65.7621488308409,2696.34705882944,4025.89783487145
847.362239490243,1.72935816607534,8.63030702468219,18.5567089479805,82.6637257645082,139.572229336332,3339.2834236134,8688.61179194659
775.340968403541,2.26672589266986,10,20.4265118327141,93.0704393339286,151.153145281914,2907.26207444046,11183.4190307404
354.430223323328,1.83175941094395,9.18024761411657,2,77.4271557451906,75.9979265664101,2231.56497996452,5318.37022367411
316.456884330587,1.86573096353192,9.52808889170276,2.92152018052937,74.737310035452,121.825503629507,2357.93774245696,9971.36739969464
843.182873524018,2.66616491484915,10,29.7971460988455,96.535698229062,127.291941846672,1950.14395089872,6724.49380915581
774.548544464213,1.8433866030568,10,16.4579701589329,79.3327057716976,66.8827658219502,3619.10948504502,2229.59231603657
995.889253021886,1.47626526853872,10,20.6045622675411,97.2879331824193,150.087964719797,2184.96208943624,8096.85016289476
542.082123696001,1.53819007453682,9.47100404052241,7.37271550034751,79.5870550904529,85.3454200166806,2685.37184882329,6147.77946838402
787.232648434039,2.04091621483404,10,19.885409898115,92.7412718212753,131.932848433637,2145.00156212101,7656.67175577314
475.737319760819,2.46256722342643,8.57765939436582,7.95887855369169,69.3992183876394,121.22325427464,2486.67772584904,10286.5615382883
577.817378602485,1.99094046535633,8.87522511323553,11.2609833153489,74.006442432369,86.9316977429002,1854.77008692513,5344.78027721651
617.044028807059,2.42538588334639,10,13.7984102355144,77.8579205585799,124.719524361403,2902.91931585783,10412.9538553909
736.999712768947,1.49863204434648,9.72748537814211,12.7437428383443,87.241678163571,114.676137699112,2624.06536294241,8757.3591570982
673.153084743805,2.78600196738432,8.84642041027357,19.4095906130373,78.2515048563119,101.274313556468,2109.807369479,5874.65418465783
548.438695843398,2.72485081460886,8.98193895896399,12.3655720925587,75.7581610806724,102.985044173702,1828.22652596401,7135.4434922376
411.652560650059,2.97824440708813,7.61739049246174,7.45859838026117,66.925396605021,66.715283608109,2159.63360934669,4081.39245770913
873.860611979591,2.90475747135277,9.19623363815267,32.7186441879093,84.6065757925798,162.936886081117,3778.67771896301,11319.5702971265
527.853142210149,2.03429574587839,8.78089873735107,8.96670828323828,70.2528861762836,105.190045821569,2028.96059290643,7840.86279355436
528.88967563282,2.09891307602337,7.76793635969387,9.99565170169541,72.9511982409183,54.0286839163248,1688.93282256581,982.315377462929
606.522360714602,2.48496058781523,10,13.8135231134688,88.1634213540033,99.9193728644616,2084.64052714076,4092.8409632281
387.032068703654,1.59683874349267,8.83195748002002,2.10761272623701,72.4244162737134,108.301048246655,2165.02144099191,7356.45877134963
795.405455998301,1.94343598409465,10,19.8383618148296,89.5148141906578,85.2741396800859,1954.92213931038,1119.66605579164
711.326729525185,1.67781140546347,7.89024710663456,14.402728042922,78.8270389210748,52.7850672342479,1929.34345786229,762.72610451057
439.363503363562,2.10303448290112,9.15810076190729,5.21949064077915,79.5271474927526,82.3522703326758,2665.33310680434,5450.26663480583
432.925201595902,2.32800641982798,7.22323984771392,5.5750195782852,69.5144245227582,69.9024021145941,2481.63090623906,4159.59197661937
472.481042379616,1.73617908414456,8.90773010053857,6.15605495764349,78.1985684538448,88.4391032377427,2189.02703382072,5321.28468836482
352.401994769794,1.53994753037116,7.91659470744833,2,65.3793049669971,57.467623493062,1400.19314241017,3389.62640868006
585.404469074955,2.57903374762578,7.26970600297628,13.397345066339,71.6862210155341,68.9552408968892,2784.93722924716,2311.89521637279
727.336935125151,1.44758544467063,9.94783117957865,11.9694990583229,89.8379372114254,117.860389418459,3158.44106262353,8080.57692678371
631.396969786763,2.73216546737366,10,17.4520661395647,91.6344661540051,112.513639833686,2045.10513479441,6160.28227894581
659.893631234142,1.81178331114735,10,12.3014354768144,77.9168541471589,70.265863492296,2919.54962558325,2701.69632374304
473.78995217875,2.45409161517578,10,8.13476007857527,71.8797887187191,66.6877486239924,2648.01029802738,4015.48368885998
797.424903530896,2.08926854278832,10,21.1505601987871,81.961388286904,110.847613431604,3412.34539328672,7009.88698429659
755.839481940142,1.58951079050566,7.18035441667641,14.3942219847637,77.9029211945499,87.7089929879986,3243.22127555249,1294.52283099726
419.3692226813,2.17703592258956,8.29771096672146,3.9156593990806,75.924688583871,50.003855268614,2292.20097044212,2121.98310192797
583.945274152703,2.25533658288972,8.62952793290656,12.2427156718959,80.5064849556153,52.5343094020085,2412.60199972718,1305.70164518129
542.294157170121,2.7820248121393,8.38942016178187,13.7705689253417,72.8047184233087,122.158203078773,2785.81041652893,9435.49065985531
396.259435909899,2.40847405045352,9.41079008825663,3.22893459635753,74.2718777506575,120.541158211857,2557.51455825057,8776.5015653321
654.701384859666,1.5241214234758,9.87320902219667,10.209937291155,88.7462551072014,114.469785295463,2587.13200438845,8786.44225067183
330.703291570561,1.68709060062934,8.95482077360479,2,76.5327334372644,114.412921501535,2259.53492698378,8379.57877823631
759.467371555249,1.83888543546657,9.3944374540255,16.4646133251391,86.7024370216227,128.018808386764,2927.88760017509,7863.23966036856
678.376220651555,1.67461152969723,7.59493634992451,13.304618460208,75.5403953534787,112.151032909176,2649.80974833599,5746.91106915992
757.115688172081,2.18534860637174,9.14949065232278,19.9737991481424,82.5072908988877,103.982569373722,1992.46726416201,7565.05979857827
545.403624726351,2.96502948855263,9.51863260411996,13.8708399447413,72.8720073251348,49.3216996089891,2486.7349846401,921.977102667721
779.236445118368,2.06358111189366,10,20.5517074086258,91.4727449701644,137.060764808138,2076.9668598375,7336.10864922463
990.657477825132,2.61282325248475,9.43917804603393,36.1965604820139,86.068656644961,148.082128600563,3344.86781146746,9056.65476090565
795.192088849109,2.52440669654902,9.13714572031135,24.1761235991409,85.630002607382,91.9428344132554,2381.23054890086,6003.94196422829
625.089062980506,2.77486715263821,8.66385208873382,17.4394655411778,76.7021020275849,77.3405060989939,1762.833789337,4432.64661269961
363.559645928524,1.78040645642421,8.73931382590606,2.12903080576205,74.8011930939442,51.2548148518952,2363.61126020602,3551.69408281077
427.159529979321,2.63073939253954,8.07311839939569,5.09640488619388,67.8770492336718,98.2695869565631,2048.19517988031,7570.82255178291
564.581550477831,2.82203286045862,9.18444313488909,13.7760882523295,72.6502754686386,104.144718142019,1824.25265062234,8120.813184929
557.223214067655,1.60964507200047,9.86957858718013,7.70316868659931,80.4414150147412,136.840215524091,2656.41844827527,10080.643598488
584.745919260005,1.96275312534464,9.19781913745042,10.4801735298735,82.2627576626506,72.5724728227724,2868.64695616806,4265.6749070709
309.362356897195,2.95515264649734,8.68539873959127,5.13706535545519,68.7765548322536,109.760321390342,1770.51136494769,8967.49538124144
655.613640735251,2.55231571055129,9.71876352462189,18.6244537718589,87.6159695228708,100.501710820114,2498.73464673947,6674.91406608272
656.197150976494,1.9238862488063,9.48074498956584,14.3095283980289,79.5153723473781,122.223554070536,2118.14954518159,10211.2013974589
690.414421312261,2.34591265446673,8.39629117446539,18.6622665502382,77.0560359259309,121.848072124745,2805.37779277307,6305.93319125183
828.09577697832,1.94339615206302,10,21.7053144635616,94.4787762388675,124.902865194253,2387.65504693957,6193.92811237764
584.180591217887,2.13278609857916,9.32627515077864,10.7782859436703,84.3586222724259,99.8319042719563,2531.1653121199,6856.64789585
641.2252100952,1.91427430417142,9.73393948543112,12.5127549136387,86.0929518037818,123.436053695542,3056.02073227229,8742.46890656678
279.889192247278,1.91899652779551,8.47776901263993,3.97994313433719,64.3744686037202,120.366495992813,2276.18677475241,11111.5952671131
469.276157543134,2.51214456208713,7.11136331801272,7.85745866312741,67.9882917333488,52.1471618737071,2786.1592458746,1309.19689637342
440.375975373171,2.65572107681969,9.55671471802143,6.94849863902937,69.695930807269,39.5150593955945,2815.08420308984,1087.78062630119
827.45104667366,2.81093568412102,8.9662294832122,29.2909198211389,82.7381962945955,160.958399549582,3671.93091429955,10813.0537114807
686.661776352038,1.64159922517855,9.00965515360642,11.883440335831,80.6506020470988,95.1753955293396,3076.56896297681,6328.63188070027
496.976077727055,2.73428328546786,8.01862701152778,10.6160052308715,70.3172676397507,103.817557844323,2889.30318361707,7263.9331602363
359.451508838997,1.8093392239601,9.28989044251202,2.46806250502574,77.4518599995704,77.8925996152133,2048.46008308089,5806.65961754202
595.592393558037,2.1191630269833,8.69013914126382,11.8927106513735,80.1841645098276,54.2280310375778,2331.95802835931,1530.23197868222
589.190785829259,2.85216552877387,8.54120135637219,14.7767963849118,74.6696099572913,123.510291550162,2805.77688457431,8948.98316260533
304.869303067251,2.1817554014739,7.8496834307064,3.97040413906779,65.2949255641582,95.2736437129909,2574.8141998481,8719.47109597446
726.453543862707,1.7485658286403,9.03207299938769,14.5371140240944,86.6121156777897,74.3199258926584,3175.31223714372,3928.73653642093
651.274040276888,1.71175857882692,10,11.5694068362982,77.2641078836615,77.8607833589304,2716.5334266879,3868.6316975124
687.00165645488,2.06635678830358,10,15.3552025110077,88.3905504356308,132.04146360001,3130.58105882845,9716.2551899607
440.979163571323,2.62973176231586,9.53876023925581,7.63048835311493,74.4843441326346,53.8024762319662,2066.36134366815,1295.92983515459
443.944464689921,2.99580771596145,9.37136799287825,9.14689652935647,74.6974518686883,113.837899571758,1789.34411083576,10192.1566319222
567.106809521771,2.68111294264635,7.38809677484039,14.3848242023146,71.9946412033239,72.9128074345448,2497.33901751902,3323.27858885506
479.916016046279,2.7331308129608,10,9.14418569876628,73.3727248503508,94.5168458726129,2170.65718803814,7022.83222531043
625.206156277124,2.26794567415421,10,14.3352285568147,89.3358667060188,168.097213675751,1806.89280304379,10795.9359690196
600.298351789725,2.74886248449257,10,15.0675824729014,79.0282160298508,109.369212192596,2963.55749835918,7959.34751690311
362.408834520921,1.61444031497087,7.96843365399555,2.31566414686193,64.6835851035858,75.536280741332,1663.29960568423,5058.7279371374
698.298120703954,2.73886481605957,9.9276997857183,22.5683997139181,90.8394994083581,113.161862784016,2526.49325915719,8084.87629795957
620.873221250529,2.01983559100278,8.91599551600493,11.6618266408569,80.6658883327503,91.5775822203494,2750.42005256984,4283.77599948007
737.363252610604,2.7971534850228,8.76907836537676,25.4470492119942,83.3251224076036,94.1664171099181,3360.00426005486,3549.84257984105
692.418624891318,1.53652625209195,10,11.7016578751974,81.5891102032412,130.577548634269,3360.86049414846,11463.5160572815
644.845459335279,2.29117782884548,10,16.8437088618131,92.3058681330508,138.422739531289,2155.07732455406,8758.69254297767
383.374736752048,2.60353312300531,7.84246681483565,4.61778604558547,66.0629857538915,92.5108029698852,1978.89372026129,7591.91975119999
521.096087470106,2.99536633394666,7.66973926031528,12.0711488855553,70.6471779863265,75.7465419872129,2423.94511133184,4408.18607541251
508.670736633163,2.63027078172558,8.31125704772264,11.3105044298668,77.680285497301,56.2933444059085,2350.36955606719,1040.76912070553
786.182742389989,2.0593154402858,8.31520374350275,20.0595499954792,83.9357866631624,61.6420860778145,3083.34960878739,841.625636386712
507.509157462707,2.33587282742782,8.11138247392726,8.74894299659594,70.9144634341368,102.140521447022,2690.61075311822,6595.99380993679
655.424970841612,2.04982640724989,8.43168958210326,15.028687141654,75.0645168117721,128.7939652508,2552.48941022902,8882.35993142956
557.994992046293,1.79402796795729,7.99046688798866,9.16218700872059,69.1007119335595,102.455226368631,3024.70650131349,6411.17109488241
350.402392434279,1.75104154649893,9.85718407415803,2,82.701866950996,116.024626002515,2556.04294499188,9748.63579133026
370.261862090043,1.81976169393219,6.15063534310537,2.45932686444077,70.4439962236647,56.5503864318842,2250.16705152341,867.691864025438
667.246200305525,2.27933079970234,10,16.8523779488619,79.1897193167203,74.2971608487013,2980.80559995626,4534.27284068534
732.48427971524,2.80000178142556,9.13187701165406,23.105335312542,87.5169076192846,70.0929992404264,3025.91943634902,3107.77430291596
568.174813949778,2.76542010531655,9.37812569894044,13.8751975466858,82.3441360380149,90.8156926113669,2840.74173804331,5420.00264972834
351.167406531023,1.58214566628874,6.21513682806206,2,66.4435023877968,52.0402993354293,2587.54114762752,1296.14032513535
475.657772626588,1.50110932372528,10,4.49396479375369,83.0216421092169,130.469802634044,2337.2627507594,10995.4480572818
471.444664798028,1.86767858575852,7.94074215493406,6.74508972347905,71.9689713851498,68.5820915677302,1886.52407249204,2955.80941176297
730.671241523805,1.63207808367279,10,13.0291519709716,94.4195399786282,152.120678053716,1741.92833896478,10645.3855303194
421.454835910825,1.57137365729064,8.78099068178492,2.9275112647415,74.8354585314757,89.6172590350561,2395.28726751152,5184.8247054035
463.103483120232,2.08269501176016,8.73165275462537,5.73400777993951,70.5620280926038,130.614844752937,2643.44090679733,11340.7654658074
960.162127426027,2.18526657206196,10,29.0955756542683,101.527405664081,135.558318216035,1946.95210416218,6594.64221806232
453.541206541671,2.15539156646422,9.63603917757271,6.50513378061323,81.6871591145731,133.543683196014,2200.01857823659,10739.1615059339
393.347148730706,2.30436291554166,5.0183808216396,3.6333150139444,71.4315473684241,45.7203524098008,2040.04121728034,558.838875636451
719.288833185712,1.93496135561346,10,16.0274504993814,84.3924665692347,110.949762903351,2899.4030875948,8730.6268679899
670.891665444852,2.38163949822557,10,18.0036618937602,89.2953520325888,122.904406637623,3021.42512603197,10433.5571841277
765.418515779955,2.7025217808674,9.08952005978174,24.2242345889354,87.7993397082602,58.6595981075287,3601.11153205697,2036.92623676849
307.931907461718,2.01941139971611,6.83856411361956,2.89087006373567,67.0642555067178,44.920722246765,2049.20927854423,1557.38436905367
700.487959940807,1.62830303894919,7.63297364641407,12.0198481336137,72.3398824046749,110.501075487262,2575.68069239226,5170.29867904551
839.500288006749,1.94449537663778,9.35444613136034,19.9256408803678,79.2190278587965,155.93594295935,3204.75009388513,10770.4679674623
607.216827417548,1.66008727860146,10,10.0199209749614,78.2156098141702,101.912111580286,2501.54182343827,6466.25216209483
540.086720929795,2.08544652007036,8.96332396578356,9.21263746707528,80.3951187324475,107.611686941819,2248.61594133037,6302.02110093905
599.483318161938,1.71907506056362,9.71512802045138,9.60975812823024,75.9759006657439,58.822263703547,2844.16619994316,2052.38730129254
313.132919106275,2.19426713648697,3.24306228735995,3.86250064115484,64.3998898522535,30.3467829402927,2460.51892825623,508.684622025407
791.845501665633,1.61603836136133,10,15.2846138149462,95.3883668784049,149.986366990338,2375.75222893873,9411.54099820007
863.237024375867,2.56039065188316,10,30.2378735591514,92.982302111946,95.3065847173323,1919.54720398109,1463.32019284862
516.353224624352,1.44537301755965,9.06509177815058,6.42939661001337,78.983484336948,110.59886022065,2308.65495822185,7472.34800608856
871.778934326639,2.02425692028268,10,22.4756550432986,99.4407091791359,164.173737865312,2275.16612531011,10560.7809996671
525.59564027692,1.73380166385994,9.81176912863112,7.64255874766664,71.5480976833223,58.608118314853,2493.21978487457,2795.17104474274
733.439832336911,1.35475487927535,10,11.5581058320459,91.9423660456857,135.187934958897,2133.77301150271,7818.00119860602
356.261766480482,2.80380013209721,6.6744369016099,2,65.4793698083187,48.5597508949338,2312.40252746949,1365.6843437826
505.451029494294,2.3879227577864,9.62304439508801,10.4679110049987,84.0700806704711,95.2428856005464,2210.32058305822,7141.30658221374
658.08136793877,1.64841423307579,7.4372179183411,12.0327742617617,74.1859992411321,86.4590988752136,2638.80576461898,2303.24893048523
883.98379845614,2.49610855152578,8.73243135565273,30.4168290188487,86.4459067099097,135.970130370337,3768.65830483359,8595.48916566696
545.786974343092,2.4174709991064,7.27463464962909,12.5137835645964,71.0806715491432,66.2873344681979,2666.21450934247,3813.54424273299
477.313547221559,2.2100350305648,8.62805535023283,6.59263178738429,72.0489133728354,81.6147774011283,2061.25646493211,5597.30109685111
323.016568070859,2.00303911998101,8.84780863129354,2.16867845021601,74.3926638114314,102.515613487009,2176.08922371782,7093.73596230384
793.387798692779,2.8306046443736,8.21188362804247,26.7881699996524,81.7295275898141,67.7296910289007,2473.28679975918,2384.00751732864
742.294389407873,1.86772202984618,8.574761693167,17.426813541072,77.9642723413894,134.372768911092,2714.18276091239,8658.01600479383
363.310560845386,2.03053770576781,8.32412845686525,2.7652110533987,73.4212233467087,79.9445926589314,2539.90590614106,3829.04374700496
484.876253986514,1.99367311934224,8.74358376138343,7.20465801012925,72.6742716619047,92.1223187046138,2060.35071851403,7786.09045904029
669.278520316778,2.61710691715921,8.93197741345233,18.0401391303434,85.1399623787135,68.057246328361,2558.71517229037,2241.11355769311
446.958298445283,2.87469795934881,8.96388454540333,6.89928943877555,73.1060424218178,107.996257279855,1652.70064253338,8069.29425126985
851.146121371821,2.77467254811035,7.50862227156874,31.6824241841512,82.8376854906659,89.1316961974057,3222.43355429757,1910.06880091508
507.779997218571,2.60345422083461,8.86469048301153,11.590309203912,81.0599098299524,73.072759498462,2707.17172161003,5178.92145896982
647.105596910647,2.86025978837158,10,18.5344444187483,88.6177374033748,109.134895851374,2065.3543302074,3219.26681112764
465.143506246055,2.39751999547833,9.48691327230528,6.38781471372961,82.8038802309016,108.566964993569,2646.61835794262,8732.12774371001
662.435252857033,2.58956357329278,10,18.163583815216,80.211580034535,78.711839889601,3053.30252087222,3382.38504957562
844.801558932578,2.59503407714812,10,26.7814374959322,100.920358144057,165.602774776975,2257.31829648351,10198.8903703494
359.889189941781,1.51048617809876,9.07945515748987,2,67.9723707155894,114.893166336141,1711.66611876008,10310.0223254727
307.162843400008,2.45107256465455,6.84814760258564,3.93101660682702,63.5006234466744,55.3915440115976,1837.082919047,2660.85446745064
874.256675757606,2.60845729792993,8.41203422011651,30.1517133634114,84.7038691111895,128.991471979629,2965.9718267744,7252.30539508497
534.695395012304,2.87674058063579,7.08441265793368,12.7675725777579,69.6280070517998,51.5495804920228,2696.69391193223,1464.89405891961
474.737247979085,2.82576645627651,8.32613430912148,9.18617606857156,72.4906298800608,78.0779163039258,2039.55593432225,4806.90809561792
597.655375921725,2.66685354242858,10,14.7066758544883,78.7161138049071,112.166625599739,3063.49473684988,8346.539024514
309.725256063237,2.91868690791256,7.48892917524056,5.24885374058187,65.808500025244,95.5759253507621,2351.48290313479,7753.65571534908
724.55053476213,2.09357297912069,10,18.1527318605434,91.8755657693278,138.904597604472,2059.55423433867,7371.70736347269
310.135102836526,1.48767441302915,9.79942247523421,2.18478818862339,68.8920943414133,56.7443123918632,2076.12545776911,3607.94950028688
918.896581729833,1.51658159804551,8.13624427538969,18.2509648939575,80.3415363036563,112.590665716664,3293.87114544323,4658.27444377842
500.504909886483,2.30119933017159,9.1725885806724,7.93400370369057,72.6796334717163,53.9162153735957,2211.63153119539,1632.40759170315
708.062786826977,2.15290835829591,9.45951778380018,16.485626931564,80.3676692649359,108.557346400925,2172.54120954783,8409.25102476961
497.930548607954,2.17686758004817,7.60884228260378,8.41860089069952,70.0626197008475,85.6160251697027,2216.28306315386,6042.77676470401
940.060493004967,2.10060710581506,8.52349823699793,26.8922236947273,83.6733261373623,139.70897181185,2988.23361868813,8296.4219558022
442.829334791441,2.79895968173503,8.37769990480544,7.35194053152619,76.0634184604104,75.0855883983363,2624.63155493908,3238.3787727656
392.554365213923,2.00419165045343,9.72630805097699,3.88396469170146,70.2272365503213,66.735739999544,1968.62975911591,4068.82051498573
785.952841325835,2.73588861190724,10,26.5172843343273,80.5717337100418,81.0784711867248,3204.24064842671,4176.36870986126
658.663893520435,2.84498306584831,9.4854183893993,20.259271552386,80.0688450493319,52.1264153934417,3068.62541468647,783.166507219378
541.914793774335,2.24925265499843,7.22163060639729,9.83349152500941,72.865165720906,78.9004368777181,2892.12223946672,4251.52660113686
654.596680798477,2.17040705604763,8.64813249385494,15.9796574674121,76.0385246794723,142.914826816542,2441.16792327301,9336.35030869837
477.230810147943,2.52739163861865,10,8.87260891212596,74.3052934742113,111.773410916787,2102.12617095491,10370.2834532471
909.985841702066,2.56195726145982,8.25232564864979,30.5336469234125,87.4970256834083,130.519132352607,3656.11834905226,6200.4014719952
277.293991546494,1.99280267489431,7.32801661007286,4.51945515901685,65.5792887587766,62.3451465700992,2009.03843337567,5510.51864741142
583.669964784468,1.64225823958278,7.96801528640372,9.12579031195346,77.4019452478838,61.2912423055668,3124.46792213122,839.070805693073
771.629106982001,1.65605746746383,10,16.2270336255374,96.7048954987848,157.581693765283,1847.88602380342,10171.2477134392
308.808253570554,1.68745052874756,4.57981131705786,3.20222037764655,69.2702229455243,41.1550454874627,2303.55058601001,643.1123476846
417.987788559726,1.7658165540002,9.66973926395841,3.98192625366747,77.9857725741049,136.737482132897,2165.46964290617,10892.2508823123
749.67719617335,1.8927323483712,8.13354885865864,17.2065497206707,76.531829941371,110.080730309286,3014.98811584075,5881.378735569
644.743978538529,2.32571564829681,10,14.7368308743301,86.6388994936501,111.730421352102,2198.46133729868,4261.27942932199
871.037918409931,2.93174404268217,8.94595519994478,33.5653612452884,86.6229848257481,162.611609205068,3478.50618864444,10666.4027832693
696.959150500756,2.50433137722949,10,20.424403402128,84.76089544369,84.0212243104826,2204.41975595794,768.300924211064
711.047799847755,2.64087012592996,10,21.7244209289027,93.8358996662155,135.491042054995,1850.65412264351,6895.67384355996
749.119299100074,2.67619838791266,9.19123143537204,24.5561361966477,82.4087349965761,94.5232989804537,2491.0543390444,6538.25776949271
786.849237077256,2.49745732515325,10,25.6389270003641,91.625229904296,113.448257521484,2272.74924241017,2912.5244133252
496.064073484636,2.07497892096691,10,7.31649978504339,72.567198921621,85.5152911408601,2281.84866644564,5217.76174485232
903.354863410151,1.98719175429505,8.65114748339041,23.4946213209426,83.2963268035699,137.575467081622,2785.86008959086,7674.90406538147
754.806898441456,2.67135053797137,10,25.2663131379246,82.8840160104728,120.584682619462,2638.55608166888,8498.4431657012
312.518168118722,2.85808984939351,4.16607199308393,5.15064973113349,66.6481866376078,40.8871264213375,1367.81736384222,507.885445772378
406.883596294389,2.1778237404764,8.46272591244314,4.87607878302882,68.5418569188101,128.357410219068,2715.21544274781,10805.3877310012
605.390678038974,1.51359464727997,8.14185408530823,9.26117203766997,75.4861894097976,59.9224703090033,1910.05416151702,2309.77909632094
727.425239250396,2.58563469691882,10,23.0464833721397,90.702216637659,96.8850908796434,1883.03076394409,3069.38477644595
920.342702743135,1.92760326070844,7.9914992102614,24.4434244481861,84.5059821100977,107.936890550044,3306.18123496156,3398.20790263233
785.738535135137,1.50326831003741,8.49002248987739,13.7129479158879,83.6666414827682,76.3507986420737,3055.43482216095,916.021502072388
977.370946500113,2.64475136270589,10,36.742042074374,98.7681528672052,99.1989064213894,2152.89632817754,1853.57335949357
706.393015751977,1.95320086801107,10,15.433201013324,95.408304587487,163.030070218029,1736.18623916558,11349.8491523858
690.535311374994,2.40245590065215,10,17.8951297603335,89.0107032106404,112.102314593179,1771.21310067414,3967.38411115015
778.745265510611,2.85087367562296,10,26.9153914539728,82.9528671252148,64.5956476144358,3161.59476310364,1768.31199372954
783.451394972586,2.26330323837085,10,21.022162147586,91.748131354186,93.8602023619353,2111.8756723442,1676.90387292086
404.148861542346,2.09669155157167,9.06659071948826,3.68733731967278,75.4838140920416,111.830567938024,2744.89009116109,8414.05964436969
897.448937270646,1.9359931820224,8.67671748289653,22.4203942300526,82.9057357668932,149.849682768838,3340.33970601777,9900.25530435905
442.210161951896,1.93065515762918,9.36515060959391,4.73972945839323,69.5807514069915,67.7914997129158,2474.17785850234,3326.47529459317
433.623487535526,2.67841954858935,6.19405602701978,5.6481030878515,70.4722233373608,60.2133864403158,2858.48107586474,730.004635687585
957.737165077225,2.17354386837891,7.73389231900833,29.0838673822332,86.6889388687677,108.46044058672,3400.64243147655,2953.99020289891
381.239576688452,1.74528931291218,6.79425615079475,2.93403676660785,66.928726471435,35.529302752051,1663.59961206476,1121.67259876433
332.196473233118,1.64179314600074,7.59689100488164,2.40061056954947,68.7299368616163,53.7350240619664,1603.97505391589,1637.34430293046
744.215254060091,2.20938017529267,8.22975669104688,20.3538971505214,78.9641698267582,112.089258259899,3299.35752920044,5246.58931832407
603.472706419102,2.16969817099921,9.72256624233254,12.9318121129327,75.6158750792231,61.8889862666444,2665.97730093809,3029.10207947796
361.543926701635,2.35255274277566,8.78110436398386,2.84824440120551,72.9562715078187,98.0682152795131,2400.28958274418,6175.40466377966
535.797336138397,2.17636681463407,10,9.64415848414141,71.0527388298823,66.0629463151857,2616.44034853483,3288.43128582909
469.567988648862,1.71521355620132,8.86926108851697,4.75859952281429,71.5779812007592,130.906497776719,2558.06938519328,10845.9103121324
547.057947407611,2.26170432719777,8.50325680679719,11.1631123270219,72.3417441343038,118.15326500902,2977.139867668,10465.3836471889
414.934795601127,2.7317643725495,9.23204925227283,6.14682019671764,79.2433256346858,92.8678062622501,2405.1565816486,6734.86715511513
926.938529353116,1.64353724689511,10,20.9753914681546,92.7242041748177,113.697836632942,2174.53181277722,4398.66391186125
732.217191395933,2.53463196146662,7.78766580229217,22.1908519044388,77.1733640442818,102.870506894768,3164.84784883626,4692.61570238209
638.38327061982,2.39078889744829,8.60840306556582,15.1937860586579,75.6626196816011,74.0360268855839,2373.21872148295,5030.37511458947
800.735750018859,2.6228785900677,8.62524701419633,27.5645402042447,83.5516775054554,139.689931861221,3341.78143896773,8503.37254348438
357.340621189335,1.66298525408345,9.03712514277803,2,77.9972435021194,76.6269938229399,2176.89778825401,5468.02895070722
657.131731410924,2.67155114949516,9.65230949614145,19.5835640403591,86.1349941422779,128.464551701635,3343.88275823486,9924.02941156487
408.881309274509,2.21089603299151,9.71558969292063,4.98328659193625,79.871647373545,126.412935965996,2274.13038813157,10885.042645234
311.818199108607,2.77060670653671,7.19568991913387,3.78432551761681,63.4078194843742,65.9022680985228,2593.55825228298,4195.40768716827
479.161464294692,1.81796061900103,10,5.42393080358199,73.1687429099318,97.1157172177479,2305.31895508785,6667.63929513248
478.651585665819,2.60911933409694,7.05574724687998,8.17171491055052,70.1493491343907,55.9895115159727,3011.76510995098,1545.62190515821
416.998239395314,2.64143373040768,9.73322590697661,4.80880648467289,68.7675321752368,58.5360240370517,2072.91903773835,2705.15952542995
391.830769390943,2.09615290858061,8.11670836896784,2.9315841172513,69.1934690349978,75.4617204308897,1872.44406469269,5048.12343381176
253.483768999678,2.07593017932513,6.720688728072,5.40579360296698,63.8499561348439,63.2494027004098,2278.36453096549,2768.22987491957
535.821548550862,2.31855795836664,9.96392711179037,11.5245976486523,84.8077938862393,137.140580847619,2772.57501193591,10142.1653986759
514.322784657591,1.61560662931939,8.63503355051439,7.42999632233796,78.7084717731393,53.3637491046013,2833.18320740095,2241.14881665008
693.547097454951,2.42405071414015,10,19.3482738423943,90.7282066964862,117.353262025278,1915.58210432194,5512.26903708401
621.460865603876,1.42426995948204,10,8.29612728980775,87.9310570972106,136.32881383168,1606.9327177942,7162.69164505863
400.239556108543,1.78588545168124,7.74403114789372,3.05004254828813,63.4752861681636,105.257783538483,2247.99895369423,8110.50298976929
694.102555535816,2.39816089359894,9.01998196069713,19.1867754415201,81.8421778564447,98.7186859882754,3152.4535034038,4713.76306699157
657.641065663589,1.53699315391741,10,10.3266067213846,88.4525751554516,126.138103283144,2981.94261260753,10060.089755972
730.397444930085,2.82463400817414,9.78195144312138,24.775505855596,89.3653662193722,101.735694342149,2765.58605623431,6751.51066185718
304.791343856578,2.67800532061885,8.48120730753931,5.45529662556749,75.0466789929287,88.0637403533378,2070.29446663797,5334.58558492307
986.567726721839,2.40165273424558,10,33.2590041857604,99.3555610578574,88.3451211244732,2362.35505378233,1239.6469745724
736.564901050979,2.53719004616447,10,22.8528396689332,91.7900698563821,118.539252024237,2134.65350390595,5611.58415289681
795.198898045982,2.83137007288435,9.5468895585618,26.4836625996161,85.5827643820406,129.569075675085,2568.18577386296,9528.09424897303
426.309730300887,1.79777615681746,9.23765192701858,4.47043456542311,80.1529989177709,104.292366967709,2096.26354218473,7259.95120043447
535.768193789122,2.55094456281414,9.75710750938229,10.5652047493458,80.3476309234675,126.62035153759,2988.07472074137,9653.7869910203
773.874686801356,1.7921906754564,8.63905156641511,16.1533781401875,78.8118787645926,118.712464241291,3558.99690826184,5934.12837659236
477.880357497151,2.10408609990135,9.35622550061306,7.64043065220929,72.3989675591919,47.230248636809,2126.8714238406,1803.0787560393
721.141049374108,2.32726016239098,8.47154493748724,20.202219976909,83.8561616470981,61.6176396541751,3048.36266870924,650.038304194692
673.209469868669,2.57083644461105,8.73925171315891,19.7483185869506,77.956697961637,79.9368802861495,2192.50999927016,3835.4150139045
997.253002330517,1.54521197658379,8.79345516711708,21.5210440054078,82.7207767106897,150.999713403857,3653.4725927735,8177.89518647572
864.730138951129,1.93576411916728,8.76680940403669,22.4698035513438,81.9529892373152,142.741610042441,3353.47999749761,9192.85894335863
785.302641757801,2.2995806886848,10,23.3570114448821,91.4063629570807,106.275133762257,2078.3808118779,3753.28118082362
281.525852031412,2.03605301872368,7.1617401868026,5.04794265639808,64.5267524994794,72.756802996583,2030.43803852159,5952.19312971572
798.280709756928,2.60560023842998,10,27.5855778741541,82.6837969300109,96.3695350863034,2787.51327393397,5132.3079487749
843.035728526299,2.47747824172607,7.99841424802362,27.5024111057153,79.0055165281962,113.214202771972,2976.36493725376,5015.75062786571
495.16711439155,1.8516021805856,7.09231412572669,7.39455528942907,67.8604276108569,66.6392351933658,2802.67587934068,3044.83584520166
392.359835516959,1.7188934693885,6.63124097339384,3.01800037168597,68.4158723670391,40.6934461028006,2188.87588772952,2000.08215532404
841.700497862733,2.44357049038058,7.89230002738101,25.3175945519224,80.8140947160624,95.1793096164695,3613.03365344481,2663.57414054334
977.031092757155,2.14554968503763,10,28.2372698131454,95.5510234999691,87.2234187518479,2242.97890029403,1108.65625879681
708.246803276061,1.75343556165198,7.40822692502613,14.6556505463021,75.5644121232165,91.0882564492349,2917.27019703395,2679.43816005935
716.949033732102,1.97460950918952,10,17.20016845241,88.1229023011419,79.3941644837941,2271.72768455754,601.209873879174
376.029863889016,1.95457012247788,8.66673236103579,2.78932189062137,69.8972634189992,93.503581173226,1534.24865502019,7399.84240699576
696.107951902387,1.63463227893256,10,12.5632978208511,76.2500291838894,76.2722450508193,2707.63370390823,3980.12948126451
331.022630210915,2.32036352889784,9.38539866574236,2,68.8170540983383,113.490333672958,1945.68561920888,11204.591825696
340.815824925669,2.61647319306511,9.61902673537834,2.17554509312359,66.5857594011018,57.7113858096845,2275.60951754145,2630.88755853928
449.247056393684,2.27843796423461,8.74400372005721,6.37892902386986,75.6817970931686,89.2413681816883,2284.84578763431,4304.11427340553
829.965863322354,2.73943704740603,7.87538523297442,29.1688313130991,79.3998321332159,114.151332260978,2841.09603521657,4436.25274505687
503.137400279793,1.68466671756201,6.15929796261957,7.30834165347492,75.855456399986,51.2542791959467,2868.81631197997,592.966456687066
617.926524268323,1.89147369230031,10,11.297139420306,91.1889201911083,153.498919589684,2027.3061732521,9731.28748343405
982.996623148381,2.38841408811624,10,32.8548259092675,96.3486884387405,90.6332855736303,2067.53031217798,851.939061587572
981.147808143234,2.17329285972349,10,29.6922471125121,106.701582363185,173.502534609561,2730.60502291487,10841.9781820217
439.67816162038,2.36879610652445,10,7.32873453299338,81.7664268263487,117.646439149906,2408.45370758335,10312.8178620298
665.762807634291,2.45533101095216,9.62804789524908,18.7179304383598,86.4049879838684,113.040652245787,3421.91153369865,6390.7410769456
589.287705691612,2.4102664418806,10,13.3714276362434,78.9931387031486,97.4987716087784,2599.04878473426,6479.55132402421
418.738347502812,1.58874014663643,10,4.13121043813389,73.282150636256,102.653900943225,2458.83977959328,7691.55715251772
741.760043109565,2.54295851640344,7.89984191007663,22.4404616654618,80.1030365662069,97.049011719923,2750.95587448707,4757.55013128376
545.576587155225,2.58717398516158,9.26510039390233,11.5726622509569,73.8204756117596,103.933445525409,1963.89634278521,7619.44511737641
796.732929524076,2.99021990150044,7.32277502295851,30.3731825792011,82.2061624736666,84.2191615388399,2820.92550785051,992.452275573356
445.614664115632,2.52150939845403,8.12980617688122,6.28678610890851,74.6173181843485,38.1992442905304,2329.00033954459,1094.52390084699
703.755798152574,2.41365325532336,9.32963538950597,19.6280926249607,85.7579617218174,94.8975330581202,2781.9720634609,5529.53461581499
818.512021173085,2.27221993527296,8.45817888121122,24.7921676559852,80.2569876952798,127.849623606732,2961.33178304439,6545.84531216638
479.196821836195,2.80188436287767,8.63862509804933,10.2933748966346,69.2542615109717,118.357563417359,2994.6188448792,10265.994043694
316.245725058756,2.99525214294174,6.66367868185487,3.68626756365896,66.2875613295563,44.0007250991084,1866.06888645129,1651.26697298686
813.403065006595,2.35003619732465,10,23.2881979193043,96.9050111677905,154.182555519808,2136.48231066301,9549.12719913278
458.988024723311,2.39042578111674,9.80005351531345,6.23701932613247,72.4804027364555,46.6016683430253,2639.41798325878,2810.52071021277
563.206805197439,1.56626563623748,9.1870069640358,7.60693877743248,83.1980924110366,74.7944757190493,2845.17068963121,4834.92013361035
690.412916705464,2.50414672867624,8.98683991684531,18.1618741413771,81.9858638052519,99.4132737680578,3169.5285666803,3982.62678310154
684.456605045631,2.45815647897534,9.14897413930272,19.038264788941,83.3960936549342,95.2800517470795,3183.07250868164,4901.70800151939
477.110339017138,2.6250807295708,8.5926303692306,9.33988966182905,76.1795514193807,53.4530198987385,2968.49568672783,2155.45047879844
647.13855853982,1.68683308259923,8.48839752799453,11.8861421835423,80.3072943245243,79.9630054398031,2263.14468554707,6039.2708184391
770.644975197138,2.28797884147363,9.94880739360014,20.7777013288156,90.2424995013641,131.558965362892,3414.40369821654,9318.06848814504
612.834664962453,1.94358585742751,8.6595077453647,11.7593877025534,78.240114262299,86.4093941158006,2080.41709793637,5356.87411416787
701.943543183923,2.64040686510425,8.04268753075584,20.1897272145592,79.1065623161383,113.428344287933,3144.34579591379,5896.74933488019
871.883451711638,1.63179465153002,10,17.6719243695545,95.2233043101062,157.449644129117,2223.83957098536,9836.44343809446
352.452193174656,2.43896273870236,10,2,69.8600419992739,102.08675562476,2129.56261166213,8266.63926101834
955.23864307756,1.94248942047597,8.27276832812908,25.2161024362819,84.1567876610749,127.575401024951,3197.13349695462,5894.99849371763
558.33024790097,1.47984498954831,8.74191501549035,7.56531764010262,81.0136603239998,68.9289399168826,2591.57685632379,3334.65213008098
384.799257709053,2.45003686795964,8.63040972124767,4.45896910965158,66.6626880653929,124.19236985318,2238.77284360734,10234.1942152946
269.952308127392,1.66990362473838,7.42622504150418,3.89387298553671,64.4836151487909,90.3909641802491,2165.65173766825,6847.22441859614
490.391867296055,2.42811124022082,8.40542288097894,9.51446047494311,76.90832447636,75.0150493013075,2335.01745809833,2932.62371121763
566.122333770526,2.88841417253541,7.48351326007158,14.0395559510493,70.7669952980899,63.4464345118025,2704.18126569233,3460.31727901811
310.491498143152,2.77005034894359,9.59356323414371,5.14007888451495,77.4396963263655,104.665811072672,2557.37735630079,9334.46397829871
537.324078890902,1.84627133563567,9.40190667085921,7.8129471278574,69.5353322321273,52.3210474346584,2577.91500261766,985.60118296201
575.905331888718,2.71387984147598,8.93291613886021,13.8336322624674,74.879439989724,123.361134509907,2449.53479467755,11413.014057317
757.936399906008,1.98125002754808,10,17.563415434569,87.6331759716814,83.1880358032959,1911.81874043394,1933.86847686271
799.861490611753,2.85068560912197,8.80373887635077,27.444783807698,80.8450848933366,157.566359763665,3514.75840941731,9256.75377936631
589.28002759956,2.59467466142592,9.23304387217957,15.2301439542223,85.4795149878255,84.3842546133879,3157.00145853929,4842.52848448851
531.468666788592,1.54736678504856,9.23943119664028,7.63756327999043,80.7324395243605,86.0996932717426,2998.21603208286,5914.37801616214
709.010591933143,2.11070549081592,8.47816762335747,17.8459683909048,77.4938559861799,148.988970717423,2744.08076959323,10187.1563521104
256.494438674451,2.00597673901451,7.42132225537094,4.91011459367835,64.6077767925722,63.7460067617073,2039.83714699991,5042.02308548135
604.905828989351,2.53467964813086,9.12787608440146,15.519865182752,82.4732716312126,100.465423450273,3167.99351286038,6412.43129040558
968.322634803125,2.08786727424626,10,28.4703099609539,96.1021057268628,88.8452435376511,2143.57726084792,1042.29628650087
687.227446559508,2.52688259647963,5.86269648053416,20.5181170822763,74.8910213317679,73.1356712952929,2639.04471451504,525.822212541985
405.476359626377,2.40365288338566,8.1288506247811,5.15188165715221,68.2043830841223,70.5557905935387,1640.00863148431,3192.79860301898
485.114742912487,2.76622971903623,9.18271612689047,10.0005419664287,79.6438572305985,120.28347681599,2981.73528069256,7986.41402210644
704.37111451056,2.86225580237823,8.66452019006379,23.8464046830449,80.9188226040244,64.8080424822487,2863.42901430288,1833.9138269505
434.630158235489,2.11654480626248,8.19277758920777,5.71370172384425,78.8442797326802,48.3855864732285,2792.9138217424,1751.38154685004
741.027202139384,2.49883392391964,9.56772125359779,21.0375658356951,87.7462643266153,90.1486637630591,2652.71055217423,5020.56668839494
327.478937325033,2.60467171945289,9.31518443865719,2.49464890465545,77.593044330756,91.83230286046,2470.30775740618,7626.20742469049
770.478310629467,2.84832863079322,9.28922889517316,27.3888565454955,82.3499363530877,118.938167007809,1960.04276711754,8332.79191472724
580.373538936882,1.56931678059883,8.50890997777629,9.32831810057806,79.0029036960592,61.8942232222687,2478.82948479432,2462.95741508212
880.572187470697,1.95311819891025,7.45028699007367,22.2800722663644,82.3870896048175,83.8168193727799,3398.39720628263,1375.46962109247
483.844761268177,1.83717446563615,9.9017912167903,7.46225252087347,84.0589489743546,126.632145807278,2501.83300494535,10844.367373401
912.797714204424,2.06110167963828,10,25.098901751405,95.9423791212472,102.407876967408,2464.47948074931,3367.33020818312
383.283125042203,1.60939337415861,9.07304999503874,2.24655363229313,76.2011676546019,125.943775555049,2731.98965686493,9886.81147369596
619.564730111395,1.96381493654749,10,11.9321117842325,90.921856698566,155.516274929516,1589.60355954941,9998.405955091
497.758471553779,2.30775668801965,9.39754992238859,9.88718778681836,79.4537975348231,124.357007939001,2317.85941265115,8997.74850938799
726.84785699052,2.21075047210061,9.03068533155246,18.6016802887989,85.1075746704243,71.3597243598573,3195.61971941471,2357.16967317827
677.463418318847,2.49868964279642,9.67175571180998,18.4525746006724,79.2712834033402,121.585056900519,2338.62626038648,9539.8160517962
558.577985244479,1.59966244772685,9.06485058297235,7.74186303648847,74.5285195704126,112.521152049094,2161.11230836629,8961.75615165745
450.248211507874,2.81398099756112,7.88078025245535,8.20448491790372,66.4519443665199,91.7130246999652,2512.46562804531,7063.95289116839
364.946413149378,2.85759145406998,9.76778883863303,4.01004801357972,68.6164595511525,70.0064477753216,2505.22128896185,4209.22238685848
720.340754308791,2.42686113617797,8.71647960632423,20.0787546668675,79.0030935548551,76.2969205661023,1914.29386520438,3387.59464693199
925.435889037469,2.82208649795535,7.98810140973225,36.5971507854027,90.5863797624083,91.4507436170644,2881.84831725157,1840.78133288395
628.235196943471,1.61079262948282,8.93811606731877,11.198201340623,82.2895517704947,97.0148675107953,2848.13404393408,6107.32773590959
533.095518164469,2.69617338011447,8.7082102556477,11.0570520705402,77.6291251112761,100.744381754008,2074.9889471565,6937.86963060831
985.783707311805,1.58528609959108,10,22.1706286599099,96.236206558827,122.622916313614,2247.96907585945,4452.72889567366
557.661190156765,2.11201534724631,7.82281369543879,10.2585416807953,71.3477385148451,81.5555885838426,2725.14202106383,5728.94974448955
875.550672730117,1.98572780183741,8.10996175306218,21.765321175472,83.3768019342982,112.926333409877,3272.35195674718,4498.65903106193
485.900498858644,2.37838773783068,8.91913995399071,8.77157167639539,73.6775931720915,102.894612162302,1896.85121221466,7551.06663052771
609.011139340756,1.81673401469688,10,11.6512180968618,87.5788561655325,123.22125248151,3129.6673138751,10413.8512857622
587.720463265333,2.40883376342142,8.61380522071326,13.2531252303552,79.26820303782,71.2714803349888,2782.12839716201,2303.12288251639
497.120993917458,1.97082389885882,8.8425089858063,6.59874458917566,77.4618398900791,93.3526283139053,2184.10669013466,4695.49690893436
357.335890090827,2.7911855715457,6.8459123026654,3.61500293847137,68.1737534056585,50.6309821371002,2537.2209275861,2049.55464345947
503.505396118661,2.37552024331206,10,9.79029290823124,75.5165033241103,101.66968399557,2649.72616144024,7374.38147448615
586.955703016699,1.75825122642402,10,9.66725695675524,78.7943482838236,110.664508802695,2991.06685003423,8517.57560437455
514.067422355547,1.86054632364552,10,7.69091211729309,87.0922576420053,114.111927886813,2944.1748293878,10751.040058572
705.429795280554,2.64755303492438,10,20.1002520769827,88.9610887682222,96.3917016263093,1846.60666380739,3567.59118887061
680.481658880404,1.88990494471152,9.99210297637931,13.8347813676635,84.2518923128943,153.786920456449,2914.27357191582,10952.3232645197
565.733747978706,2.30369859834847,7.79542926356699,11.8553062195576,72.9824451598344,46.390073871057,1965.81815754016,1195.88939002742
333.8375816128,2.3263859753302,8.76415727265202,2.56041224738843,71.4568868122846,107.611782086446,2177.73101984571,7133.15249701047
484.158252813063,2.0122085421313,9.11932306513256,6.45793046752432,69.1949282480389,43.8927650717941,2807.7419459521,1128.45991277663
953.965382884797,1.69030367716328,10,22.8668655592641,100.876601946583,160.908323877489,2490.27237429374,10331.5160653814
677.618265599976,2.21288235391204,8.62719863121194,16.2082269140374,76.505217653011,94.0814621643728,2210.04464120796,6327.8996277706
461.623391972004,1.70291639799513,9.3015389154841,5.27794292685197,78.413845329591,111.436015438066,2783.00648836143,7862.83185839076
975.273260817804,1.69401872298759,10,22.2164868782296,100.021832694004,158.384884300383,2156.37224195443,9647.31318501498
676.811017925374,1.59311772604805,7.52001323460762,11.8132507372627,74.5640244155544,86.4503741317158,3180.13757247004,2153.41684732366
780.617351946094,1.94088629040198,8.2253929808757,18.2539781241168,82.9428072695939,76.8734491611975,3351.4903299243,924.507181319472
735.996782369636,1.98105614004535,8.8159685835724,17.6526306231949,79.9476995721181,147.818655722502,3350.51917089334,10167.6926050414
304.54709015121,2.86497747401795,8.61597360388964,4.51886815193529,76.5636250414428,64.7854517358986,2172.32971346854,3964.26550204826
516.904018259163,2.35409003041251,8.49730673536094,8.96023123182095,78.0837390771871,55.4626602167957,2641.32779503263,1918.76798719882
743.588171874803,2.49161980531535,10,21.1231761040982,93.4371916830955,125.907876343893,1741.52860677723,5653.07360795795
569.544502603397,1.47553213160234,9.39440025207847,7.72005914163771,78.3919021590654,106.557533399025,3050.02320623881,7081.36683265621
698.386430284923,1.65980504041256,7.48038859587172,12.6658871112541,78.6177082166503,54.4867579323588,2122.31478251429,840.676637647611
721.215401075224,2.64187843959888,8.9936067473534,22.4675237819576,84.5253248953207,81.5281608108529,3162.2146590258,3523.85224082797
500.614999805846,2.42658964158368,9.58036653878774,9.3711182969984,70.7451945019094,53.0971976847435,2264.00193646743,860.798617045856
771.93829748254,1.67205638586177,10,16.1097482931172,90.9214720186604,111.001777898887,2110.03850616228,5123.68928115049
374.088865164737,2.01635464505674,10,3.44445661478026,70.7328810666802,120.692805611202,1961.39144274363,10346.1003197287
323.773804440582,2.13399756078589,9.76388824216614,2.7787754236534,81.9937855237451,133.08370761803,2544.87144990886,11309.1765264293
874.425246582259,2.76541474370616,8.38494706030752,32.7311415088533,85.5338330655094,134.261887345462,3758.04512174456,7507.5230885399
332.218812776346,1.56042256213378,7.70619741784399,2.12068379540187,70.5211426444739,60.5814247547736,2013.12564421272,2278.01463163051
666.915059710728,2.18622530686701,9.89942406837952,17.1376236616681,86.232810469046,140.276148447088,3034.02106139189,10464.3432899924
569.545072511124,2.46946293651579,9.40186970807162,12.4872832562297,80.9604826241425,90.8185428790055,2805.21116651989,6178.72605520067
319.504042379129,2.96683778686569,6.92746232452327,4.95838356548183,62.6327659583086,49.4929664218336,2495.35895818732,2191.2424331321
569.761471756325,2.47041056643104,9.68012898243052,14.2220706315265,84.3855934667518,129.418903852414,2995.9840957362,10638.9933639683
314.049200810735,1.91434097034791,7.91304501430425,2.6801027886727,64.9936905872319,98.7887774042708,2643.6932761013,8832.15955795413
519.368603755206,2.5643687908174,8.74590588813399,10.4632515680407,73.2464450084572,103.938808628362,1758.15529433436,8548.75799995467
919.824126496891,2.37047405036439,10,30.9117840922164,102.985139526524,148.405737755546,2055.78581424886,8300.98774173845
530.959646705319,2.56537355202425,9.68249685015142,11.8349327642498,73.3598813564136,63.3870227561795,2666.09085428884,2703.73803206087
702.044761404142,2.73021610192781,7.39373460691612,21.6375579816553,76.2349605047435,96.0407894850157,3209.72116070811,2821.07360878279
661.914340911473,2.85559496432046,9.39169326715502,21.358270699928,78.361626052218,109.061914699763,1975.91868897648,8071.2229826998
393.384208135004,1.60759398745539,8.15871731540132,2.39091230126908,73.8021421938742,63.6248111295419,2175.83721501026,2916.95025121437
669.274937185055,1.62037518074035,10,11.1595614558163,78.631682775983,84.6705901083887,3210.28167249806,5325.38866483354
791.740915686333,2.38802119367616,10,24.0707849393567,94.6623842365063,149.107195340221,2381.25067527724,9102.02008153336
408.809615683006,1.87855871478221,8.10147254016254,3.7902698732429,68.0868356804394,99.3792347433503,2209.47622706536,9123.47769907625
725.717518928737,1.55151819114867,10,13.5427065617579,80.9036035675824,94.5632108403758,3368.21210442836,5485.87949778446
654.301762170334,1.94045563606109,9.39153667228504,13.5388949391932,85.0614639603898,132.221297239009,2552.7443803722,9214.0893210277
613.164318781976,2.39797765498066,10,15.4866010895665,92.9642678845556,148.765658914395,1598.26907093826,9724.83975817862
753.661010110561,1.68984753572097,8.29327047814759,14.9222155214387,75.8530771398853,138.316912165218,2921.87478860378,7702.53326412686
735.460330424949,2.44480380537444,8.75219881422877,21.1596821851292,83.0798869198794,84.2064959479438,3439.57483779515,3012.68437539262
309.163084272599,1.4833810664632,9.43296217790596,2,68.7964088565457,60.1787449161249,2385.76234341963,3514.12958424102
572.626723130985,1.62062447137373,9.09770127007367,8.60359492976525,80.4954026313918,75.0994762827383,2678.03042262327,3963.25270949609
504.73898421088,2.02627551865273,6.82613823683753,8.82542433415126,66.5105428330901,50.5500201130978,2288.8215304159,1784.84518507347
848.74243419383,1.55419539518546,10,16.3492540705073,87.8683450597771,107.105993817747,2422.93168765566,3504.7558240694
916.186270736553,2.76885250115567,8.01894993755616,35.6905702236383,88.4766389008205,99.5879668010431,3520.47250099035,2804.71146743785
662.845924457373,2.69342126410972,9.29182265458893,18.8845169564187,84.6794386380458,100.25128462584,3306.6893305692,5508.61624789462
646.015347576557,2.44914730322338,10,15.7449733158237,88.3736220150852,125.490070669315,3103.47926189776,10492.8130265949
928.615944370261,1.82529692580033,10,22.2072577494728,92.0979645986582,83.6882677959963,2001.26208945756,1649.28348429354
622.845334224769,2.28487061285997,9.05525470051747,15.0527936402936,79.064618758203,112.772465786476,2178.51538865799,8422.94716342135
501.209247128491,1.65697412095371,9.2231017464342,6.11576359603346,79.2676835805141,116.618256563964,2350.78045907398,8060.1130485444
815.168188470106,1.92191767510967,7.48866462999344,20.1209703743187,76.0350407603959,87.6970889269526,3682.91755454803,1553.29618529693
658.362391340725,2.27400793826069,9.45274504058391,16.4917459855409,80.9403928078902,122.50546156394,1724.49769460117,10648.2964539638
738.153014833397,2.6025207126912,8.94351676325567,22.2625398336952,81.81098494234,112.049010766833,2078.52798646732,6753.19422372502
436.109400419888,1.58039384215433,8.35053761030232,4.04899511769304,75.3940617884069,85.0025852690677,2502.63302740489,4500.98073249253
736.830718388428,1.73055704156476,10,14.9108867736446,92.1656309017822,135.745243421238,1769.88046376367,8821.92441844837
575.758788726844,2.88993202285788,7.96990516634248,16.8506123026031,73.0114786940378,72.4868419866277,2551.4714934227,3331.02004241797
589.255896204723,2.14368497667283,9.0226533248236,11.988005799693,77.3151148265197,98.8209967007195,2007.2767879998,8128.60820750952
312.63663599725,2.90830451086397,4.76459095292228,3.68208607180936,62.0951737777068,45.19877260256,2200.04470399637,936.823283294719
631.847569456191,2.86595534921422,10,18.3961306333079,77.8456935730861,127.937187273502,2850.02348818181,9733.48841370199
795.38107776969,2.20709395302457,9.36131802247229,22.2520494992411,88.6002523362441,98.1522462306655,3485.08607201474,5429.8793172345
711.7267822352,1.83541606024312,9.84151263762563,15.5533082588778,88.6673263440026,104.747445157118,3024.3999911647,7503.62205793736
672.870568275701,2.63363069755822,9.15537703701827,20.3795864930369,86.2277820291075,76.6475959574884,3349.80726113968,2933.61601787352
404.023327133135,1.73896610328752,8.93708203436191,3.92303910341458,69.3872876789354,104.574870541066,1509.43511390718,7947.81083924293
738.069892342004,1.76545314385185,10,15.2114057465071,89.3107781726708,129.096234971129,2785.80796478731,8994.64303482604
562.894421767773,2.55002791716479,8.99928839878371,12.9937768692767,82.2682843450003,96.9523538785557,2870.95209192559,5705.34505572839
744.645011035978,2.04588447187376,9.6283953998461,18.522459243638,92.5462363598955,108.048261590986,2824.95820538338,7294.99616467974
365.439740298708,1.8023069054815,7.49883198230749,2.59260980164828,67.7410670271791,77.6721992287253,2260.11517646547,5519.58516204638
331.025526317716,2.26338370578086,9.35088761440005,2.31760542990438,77.3979702076055,119.82762302761,2602.1873025096,10335.0050618363
537.987984329873,2.49558322269083,9.43875050263023,11.3621626410474,81.9241710927624,90.771616245761,2703.39251590638,5976.56098565751
434.918802408939,1.61897824627682,10,4.6845561254662,72.3946303167002,114.138126967694,2345.55966581474,9759.89579931701
657.614644888149,1.9154703899624,9.47769370835686,13.2616301853809,79.1684301681563,121.608773501127,2232.21423582706,9314.87264097274
778.553276428016,1.77066134969058,9.51400957186945,16.7197036277755,87.7794079796285,93.4079248532583,2729.73603658624,5015.55303483192
491.840952903047,2.06978194314368,7.37895326704784,8.46284532766923,68.9764930720274,70.8813908134754,2623.39614464094,3030.92941043223
743.466964854602,2.55757873786303,9.38135472771422,23.5188377358444,88.8753119531161,90.5679038026305,2660.64137545821,4966.90345815748
781.209605440483,2.26246771141209,10,21.2530534569907,99.4009545314912,163.225892897079,1942.25408215652,9588.39113352742
685.820368597651,2.49378586557556,8.21230344331972,18.5046241110365,76.6963257318014,62.3318038171554,1769.31725906507,3003.95789401332
721.521718335852,1.50942831880289,8.9333394896457,12.3176190785636,78.363121626756,89.418092976893,2470.92222853379,6268.79980443524
655.437813791771,1.71321497007058,9.33252691857934,13.0145301666512,79.0399614903858,120.800283688256,1801.35113792286,9367.06422756822
827.722050124348,1.8349463236531,8.04974238117478,20.7040667990789,82.3945539791252,111.401785402517,3191.82577853852,4388.25222641217
612.933054807684,1.81171913658959,9.76674691757404,11.8551744724649,86.7509495537295,107.268202462568,2511.05206779861,7564.30600702967
650.25349783944,1.67375484514402,8.6974379458441,11.4383742038174,80.6374467649494,80.3289035546399,2772.95165582219,3201.94731453696
338.579541127499,2.11547332721083,6.61498022998274,2,63.5680712648798,53.9776348089497,2279.90351068137,1702.07389904976
933.352741320245,1.61277087752104,9.03885986319736,21.0580966449991,82.4945289227721,153.990596643351,3342.84646281126,9238.22647602142
982.613588638546,2.62503328558167,7.45905526407809,36.3056649707202,91.3194314216777,89.1319884657807,3858.12366510218,1588.65485749578
532.619657589968,2.6426402048966,10,12.5352382265277,74.2293454569121,68.3281992778574,2984.54223461123,3485.19534587543
880.426873243951,2.06899366413961,10,24.7638840368659,100.992514455444,158.40170104974,2097.63258788816,9906.20364197184
507.959067026624,1.63455731556295,7.59560236885706,6.44290815755158,69.0566336681805,71.9225306589687,2174.1198707514,4311.16215786534
631.12377376074,2.70277760053063,10,19.2419600235404,77.3496402121796,134.63895925457,3143.51922769877,11203.4988446558
841.490287915022,2.94845374306217,9.29331756482101,30.8835043474267,84.6401871657721,168.156212952775,3740.18611427178,11277.0776825125
952.659181829924,1.72574408668998,10,22.775312525649,97.1813387750224,103.235842382193,2288.29362210199,3451.03622498912
407.124348244113,2.55695972916108,5.80599526384656,4.79780308475953,69.4451262436713,47.0924688361336,2402.22261929467,950.760444748795
330.551478243302,2.61084308978571,9.28550431111278,3.51098441119482,80.8554551990633,105.481674169952,1998.22747887901,8255.69612625917
722.27818785608,2.20465457313029,9.26692864289912,18.8214878626305,85.118774311268,106.040973536384,2965.87868980969,5460.85152913178
636.990636158275,1.98498464929012,7.96389000631591,12.2484977615031,76.9388142375416,61.3610829497991,1949.68778137556,1608.28128355534
724.629313249823,2.09537273573212,10,17.5380836904617,92.3768361132775,109.788373092156,3490.7962113738,8282.75100875847
369.273721222347,2.25565584992832,6.26889360657729,2.09893770227585,71.0550661811454,40.6503084296937,2076.63442842564,842.924000231134
315.376470254858,1.95988111181344,9.55781068412091,2.35386388293381,80.822166823763,109.8822977213,2182.58845579781,10072.1635954147
977.031089133875,2.89476374045056,8.0483149056424,40,90.002856878336,98.4075288291745,3643.53163507772,2025.17782024634
701.704907047701,2.61582466641375,7.7433391685135,20.1351286632516,77.8263481597705,86.5546246222102,2792.87730741889,1900.43066621397
704.826166035226,1.84308161180266,10,14.9312437381331,79.5452775313837,67.2168847469732,2978.3024289721,2432.39527765443
938.123479763223,2.3783357809798,9.44019179998511,29.7373300978503,84.2969987931752,161.431345221423,4007.67288321522,11062.9299434127
654.352600274501,2.39583004701605,9.68808381374419,16.7573787488385,85.4368039194372,109.881850944125,2923.61399069251,8124.86296279231
365.631105546435,1.7102346325532,8.73914431722094,2.24492878566897,69.4956465913033,108.753527242289,1930.01300767939,9315.0868901
866.959449824323,1.91349586709303,10,21.2417434174507,93.4884678887954,124.971060199669,1895.22726291793,4873.98484306028
744.543291663433,2.85832242240587,8.60267218353786,25.2825494491643,81.6001356233274,78.7630535300929,1980.3433095131,4199.44000255451
398.936075680309,2.3507596502778,7.05923275353975,4.80182565311744,67.3832716827951,53.7082895789561,2765.89865782366,3079.32407461487
394.73089903251,1.82549661909048,7.59133280108346,2.50773722365979,66.7068201010572,74.9881264218098,2105.18681706237,5787.1283114365
777.143323831768,1.5458617013535,10,15.0048196393141,90.0535174432335,121.786016416973,2296.02579988816,6570.11606887585
341.135945338103,2.16423967433695,9.24815290964241,2,80.8803034705553,96.7697254229982,2215.23880790672,7449.52328018031
562.208949160491,2.32152858454372,7.45963958427163,11.2721196374311,70.8763270007018,65.9536762135869,2576.57039864324,3328.30354398564
734.591431990255,2.00162167703192,9.62936600127185,17.4678134911945,82.7557203437283,135.296455167268,2387.28379187675,10935.1948899329
798.954660895143,2.44562404262868,8.4062735973054,23.2947689277907,81.4043728559407,74.9385747153822,2537.56772332701,2367.34348027849
592.591570749207,1.60302702932908,9.34042205906155,9.79869067543992,78.3982945850454,131.514674800572,2334.34326404431,11122.1849224305
912.917072757985,1.71770953989921,7.70020384470322,19.896287993321,80.0074660402014,82.9859394609125,3098.37994713172,663.417347582542
320.935167207557,2.31941073151689,7.39459233646446,2.31697127164208,66.384649871282,76.0722086735785,2357.99336065673,5792.3826099853
867.011527289668,1.50976163315526,10,17.5013558297137,93.6843309023531,106.643391043892,2086.97524801768,4167.04621928219
877.406497065087,2.82136314748665,8.32039873852939,32.8108899815068,87.2153307845951,121.43229914226,3581.08297492175,5440.35755323276
750.604367920806,1.71321955568478,8.93680147234997,16.0064182696597,79.7323990304485,103.135905762207,1944.38382037676,6777.31036878868
715.396361419537,2.5108798111268,8.66238505419748,20.1583580469722,78.4770343927041,89.443853597313,2191.03331748934,5291.4807381398
769.233231308882,2.08680516257164,8.86831413741875,20.2041071478958,83.2362948641518,97.3326178763514,2044.18967971686,5063.31535331754
734.416736350804,1.97986038406005,10,18.2126311252416,89.39037172392,109.850945830328,2892.7045919318,8559.95756954637
954.042863214598,2.64733429291672,8.56491675684243,34.3205770586805,86.0215767088665,142.335438501225,3767.93122720826,8044.63902595111
331.861663344359,2.24919320125937,8.76279534946174,3.03349390734094,69.3141818248276,113.287041576799,1541.79390077267,9665.98410239433
938.384781078382,2.48334066490119,10,32.0714732023658,96.8116808317235,118.060285527647,2493.9246277985,3249.54879363445
842.991357801247,2.05445017600731,10,21.1256418097627,94.9322596163233,140.064119454276,2140.72534628939,7204.8136072947
383.155558118086,2.3893580121079,7.88304981152771,3.17138755266807,66.4161338937053,90.4549215098914,2087.39850425875,6937.14263932139
669.780118535822,2.6410719418045,7.81013939684801,17.9267364460948,74.5837748725974,107.515111153297,2777.42326899413,4567.11591959958
871.069509907219,2.23476290923028,10,26.9924666025684,96.8243389940441,121.356446145954,2473.26949563169,5846.63296092949
464.100875268809,2.3436192835296,8.86971307013893,6.80871444667437,75.3989572411936,78.5725736120674,2961.17030577713,3951.60357636302
787.110505994414,2.61471110609696,10,25.8731107292053,92.4296841407794,87.0040121823432,1985.70850770122,2060.28837378684
888.604952969297,2.92363022372906,8.04893284694888,34.3729075889047,89.9800718805855,92.971282940105,2867.63888307677,2851.81331729006
755.887273512071,2.06507423090301,8.27476558654903,19.3039472851479,77.4167910114071,67.7052276357414,1958.83569751051,1660.65011041321
712.718457802499,2.36567573583893,8.96264947774616,19.0722299294475,82.600918997082,103.702026393058,2397.98291021784,8013.76532709137
525.2985645518,1.62940973660032,8.7087146762224,7.53991228966847,76.0732610491693,103.367809734999,2073.49912008871,7768.00132420067
493.891578723189,1.88932616252487,10,6.48600511848171,85.3867292628519,125.906750477643,2427.25500390395,10956.6700873786
333.922908595417,2.11807383883408,8.09728886804711,3.0434470586104,66.7690103807928,96.6901234815756,2173.02880463095,8526.46255011965
486.213375587984,2.75285597523608,7.52824280991434,10.867871767155,74.4698194000784,52.1560419602602,1984.44945258317,1072.50422631745
688.866235552164,2.27008860318852,8.80479254245289,18.3216678405708,78.0134100046844,151.879536487463,2922.33800683051,10226.6969132185
785.552754182377,2.48852230489234,10,23.0200534090714,82.7838307596093,138.462725889775,3410.84551653632,9989.42679240298
829.566977583832,1.42578515137688,10,14.8837764859263,93.9281017308106,125.82859174762,1980.75462820513,5376.52352849969
363.902921397606,2.09503740537487,9.06077520433132,2.90626561789901,78.2439249431321,87.4951975871153,2512.1430618061,6944.49355580714
476.403004632953,2.58491595312251,9.91830849648385,7.86335331678722,79.6871300253946,146.571120372629,2470.76072531586,11236.8616571977
841.46370026723,1.83647086395868,8.39461446194055,19.1830865578614,77.9733559856248,120.429008604728,3251.86020650427,6355.34800232983
566.442818320435,1.54728327796067,9.14022883741419,8.05157772797974,76.5214239021163,129.100019147841,2052.11789860272,10458.540112137
614.201347487453,2.11212526955102,10,12.6585456628269,84.4353061687601,94.6897329359255,1852.11508509799,1413.42633591205
582.794361980189,2.55664773097139,7.01125929416283,13.7769532337906,72.4439217489089,59.8165369913997,2699.47109075381,2601.57055579551
346.381488516231,2.1816952602622,7.65751809754461,2.03896437437423,65.7461526759439,68.5340401702303,2133.25559434766,5348.3043778545
308.092334465946,2.1267109452412,10,3.2018398911508,68.1025586511772,88.4599011471965,2611.11625986152,6932.32489171035
276.755403132599,2.50470756185748,8.20227569053163,4.81244371232092,64.3713869466758,111.937393462818,2464.94799558612,9478.5063704908
590.097451623988,1.70328935355101,10,9.74381106134038,85.4932937497184,141.372147968752,2783.39682196876,11370.8832665751
655.114208270039,2.47090807119417,10,16.9078419969186,89.1188259317468,113.502364999175,1673.0668422622,4777.36646121528
320.862396426752,1.72230786827636,9.00073241240254,2.63118477183999,68.0309186324899,37.6748267766602,2019.33955556843,1021.57199754093
782.869263244449,2.09362590792898,8.73808527918289,18.9184108636637,81.3411034803573,156.266141714879,3532.30548565672,9312.88653624857
611.380596170094,2.41002805558334,10,15.2448472305458,76.1259731667269,97.3442008962703,3172.47064355194,7148.18790991089
355.919902420806,2.6812123832079,8.19917459777663,2.3274539678373,71.8102707810455,68.1907794708613,2026.52918112871,2683.97144755022
359.66474125296,2.68729660674758,7.87739340108381,2.41747261706696,64.5500193901082,79.1281480880582,2516.22120015314,5943.11302283562
508.880335812271,2.58252839896155,9.21254555726248,9.63924783191157,73.8828195440187,106.57979627888,1914.46299484526,8665.41270087097
379.730048893384,2.03864457530459,8.7037090899131,2.00722979969683,72.1626898290267,106.131872848853,1596.69497042501,8974.52965775508
553.036949233355,1.68345647444059,8.67365431614186,8.85637324279602,72.5219058535694,90.0732189860649,1875.38238494876,5995.80253198638
679.82493041562,1.82525132653949,7.61682363811342,13.4330814395635,77.8200472282661,102.444983430046,3083.61044887438,3857.35983141745
323.259248172534,2.79725072186473,9.33053623284684,4.03054946493504,69.8865300683957,126.478658987386,1417.06003170489,11211.1684024234
431.942378504297,2.78599705519899,7.98318620333385,7.97080921996344,69.0524496372127,98.4829293353827,2245.28925998334,7796.98872052142
736.763940462806,2.92734127880852,7.88777398096136,26.1942975784148,77.2395500118771,102.906878450133,2600.01196269472,4990.61271280929
638.149523159211,1.5416544396374,10,10.1048258387226,83.5203866895597,105.948497800636,2126.62663635232,3585.09546625118
511.956293743816,2.14111828648212,9.70141811254819,8.42788360821572,80.839074976255,122.761296471454,2716.42851149499,8542.13281303918
570.299258831088,2.47302456735635,7.32760085379986,14.2930113372056,73.1356770308381,67.5566183037741,2745.69999497853,3164.01790153144
903.467356328954,2.56598606560028,7.62640724788131,31.5624634568608,85.893154778801,96.9408810958502,3547.58005105268,2388.80987871057
935.46557037146,2.46579485251565,8.50197596078838,32.5144084628291,87.8206806298576,125.84622005286,3974.73110726831,6328.17277858277
955.169896065523,2.65501708485342,8.05052166791531,34.9702473222357,86.0552683715852,98.3196982052425,3055.18238663638,3689.86131908556
990.419709488747,2.03920736443401,8.6082472996333,28.7675644581691,85.5107280204172,135.052875459914,3092.32239000531,7417.95659415977
517.136300729961,1.76914915820322,7.08634718314825,7.70046358986403,71.6757552527039,58.0095549058898,2477.41883929728,1797.32542361657
604.20396096974,1.74887171764209,10,10.2213836887692,75.9646658899109,113.165094033023,3177.05618336944,7704.35215024054
482.712940151124,1.47222328564006,8.47705849853442,5.30217881797878,76.9630212605069,87.0074313142549,2480.87042269405,3616.26180797472
390.821618278858,2.02548280815933,4.43280843257582,3.16169973045873,69.146650331745,33.382756224199,1855.21801104048,502.67227877964
643.329936991647,1.63761607631997,8.06107219929969,10.1555812089638,75.4841469852935,60.6827217791062,1847.88925155964,1896.29663441594
598.23249514268,1.98223303918529,8.61722220935026,12.1271458805243,73.2625179280008,127.412795294747,2825.68524951441,10769.769156186
786.943473847568,2.13577706122476,10,20.1512426878881,99.2823834518929,157.422568305926,1840.88829943884,10040.9010302689
661.839684046404,2.76902360762563,8.6741166251626,20.2098900318802,82.9084331777942,77.3268173830677,2831.25279994152,3069.69935239861
547.546224996578,2.55102477762337,9.53248044290331,11.9777168011359,84.8670837888261,125.747434602686,2473.52880540545,9062.0909500004
515.966711681738,1.76636008723802,9.01383193147784,7.0862734908722,78.7366844212279,111.974453759102,2612.0130365052,7194.28752491372
764.122245423966,1.46339355898967,10,13.7964832538937,93.4507705535223,172.178192905153,2356.35352035014,11179.9518259486
552.312341465849,1.75523553427098,10,9.59298124499442,77.3621982111399,74.6211756221319,3023.86665878186,4609.66225487465
778.413481652881,2.95647997785541,8.6141923850439,28.3626541647327,78.5128666754841,131.505730576544,2922.55165819891,7996.06673768888
674.386660910904,2.32421171952824,8.1209991508835,16.190744556995,77.6298174911472,53.3798877397607,2337.31107920794,1198.8929466631
737.136013295758,1.70193523244269,9.05778205755059,15.0610500577895,83.3406868326787,99.1825135661709,3461.51327661312,4858.72081498047
741.442653322592,2.50566981618636,10,21.6904359972145,89.4934169993709,138.615910899339,2713.19316934579,11101.99427307
413.849356712913,2.03672817279453,10,3.53642140443672,70.5144570268371,78.3543817573251,2516.47414984283,6428.78961895133
563.568198556022,2.84883322796209,7.61551135232353,13.581030961152,73.0748995241192,77.0815602830212,2804.62527006211,3666.67453668329
470.775615927553,1.86803379087131,8.41438877146847,5.30700111433364,80.8013278625039,50.9864636870492,2383.20204163248,1822.98059441468
723.723066194119,1.87461091722557,10,15.5034877359512,92.3752805657556,139.809817752889,1773.51906676248,8238.81174199683
663.378028699118,2.25742164418513,9.01108891385915,16.3090110497641,77.6274148556469,100.990099704874,1929.7087079223,7593.41647772699
452.348170043145,2.78435268085742,10,7.13048875316924,72.4587842419416,78.0520971937568,2565.96270481351,4613.32584964152
668.538241963398,2.80313614740758,8.83861727279097,21.6011468207677,76.911543780155,152.200097386586,2623.70627265157,10960.3548705242
486.808886155154,2.34981576787203,7.2311284082383,7.78156547052523,80.5686506322518,45.9811999651922,2365.88326269989,744.230942866354
888.58624014334,1.74467338176225,10,21.9607045419313,92.2682840483811,111.779180722561,2335.38309710519,3840.96236795008
463.479210135088,2.10503545760681,9.22631207679136,6.82071056104549,71.8724927975637,133.332290297881,1737.41904855011,10631.7643492954
614.779527997573,2.8639199251184,9.10348595858954,16.45059974535,81.5169800597361,81.3829801678329,2445.5357320734,4030.28982151384
630.059722131565,2.37875292654702,9.85146458873695,16.8310216575858,79.654757813626,72.5646648920265,2750.94892972814,3274.78117240687
666.868005863178,2.67164663268629,8.76109870446068,19.1141493287656,78.8660908715245,95.6435364103228,2512.58929220164,6376.42450924372
963.995663208828,2.17479704304213,8.9371855088406,28.4261102799945,83.9940301294389,153.53718584335,3240.71488395556,9561.81924912592
516.282249634216,2.29801091320021,7.62180411174829,9.0353690236328,71.2326151507042,49.7644359477002,1736.72677636694,1634.61436966197
383.216038331229,1.98805773248109,10,3.33669672457782,80.658240230368,124.205131408867,2084.90827686908,10873.2278061031
459.462857715945,2.45597606054974,10,7.28125780250322,71.3787790523316,106.056327011353,2331.56153821786,9245.8016929928
516.083627586993,2.77720652083032,8.1157831765543,10.850719406269,73.9875083540477,60.3242032923049,2004.88185065961,2493.75281106707
885.556587731245,2.02555497020999,10,22.8784012999358,94.7278900782272,145.833663834208,2652.7597762595,8332.08757317979
254.592743946572,2.22130118795434,7.10797848328637,6.15935235741322,63.2714453549029,67.8977807946434,2216.65985470494,4734.54594901313
457.892691719939,1.92791426971666,8.71362020931358,5.301580544935,77.3747644475113,86.1501201681904,2461.23440612897,4925.24145883951
689.921290509658,1.65833865833651,10,12.4004687201097,86.4373162166758,115.791035740394,2851.27857819465,9116.19101682753
635.428851665348,2.77444980573212,10,18.7658990887546,81.9724689747541,133.153417751274,2376.25746999216,11090.6328877881
506.108990754962,1.97411957801926,6.86415562803959,8.33239738996839,70.4155705331862,47.3288273740861,2161.36473455752,1893.21460131913
705.905384719597,2.60871695758798,9.40349621868992,20.7161925010373,84.9469258497685,85.5380283156007,3284.20850055726,5126.93260566701
691.617859438981,2.5109425768444,10,19.0424445959646,82.3931137281005,97.1520648670906,2926.45711357201,5790.35768892734
488.764108153472,2.68637640041719,7.44838888525503,10.6644414854409,69.6906465505775,82.653527725826,2202.37071000962,4639.42998650497
519.830766185295,2.8507401475588,9.99788003700435,11.3435337203731,74.7834514521076,78.8433372462392,2432.43008258388,4495.08036087848
993.439331551262,2.40233643271901,10,33.6265667077033,100.030173681614,94.1751164570638,2210.68457383109,1074.95534317756
449.175618456526,2.84692551507307,8.06894284604587,9.25158038856211,71.9094516066562,103.656268340361,2753.26370577331,8040.92482618886
401.38460468442,1.6742099951258,8.64287366248613,3.57028132164087,74.1982276639956,84.2259150701845,2368.08418652996,5298.3585883205
446.406427552392,2.39707921292267,8.77003304721548,5.5814224874056,75.8226549246208,59.1212115118319,2694.69039943537,2642.73182908319
646.781227985235,2.65841341937192,9.43420806309202,17.511052614034,77.1355398060472,117.476607786777,2244.68148406676,9476.36852532275
973.658847819812,1.90746169611626,9.01347568882664,24.686765771377,86.8314777999183,156.839370413691,2955.07653940588,9328.16822966791
712.552045222064,2.61113070193795,7.97725513515842,22.9054491520769,79.7793337912568,115.566265960804,3480.41825192046,5850.30790897783
678.821273511025,2.66771524367436,7.87909256530411,21.185225547664,73.4206861420396,103.446854459811,2671.80563356499,3782.95727262537
558.535866814702,2.74678193402467,8.39764206379174,13.2415768527168,69.1214160643438,106.783699084666,2470.28047750764,7519.01998376098
970.347292619492,1.9693243688939,7.9333640930864,27.1672808332396,86.2997873325439,107.049447707383,3902.50718042713,3669.67349355143
438.18967265795,2.52240988525246,7.93437719181175,7.46638741321999,70.6935493722898,62.2090486882608,1633.36666989288,3096.08723356083
750.914289748496,1.74764247251354,10,15.3159931505736,92.5090817353276,128.110492322644,1956.95351913154,8535.66119428959
630.093998748929,2.58804908600565,8.28570256629472,16.3931198757738,77.1169304346912,63.0786806033146,3198.10617169218,943.577636930458
464.965010421237,2.19446049771857,7.71481599596061,5.80296168202559,70.6174392305218,51.9450514579407,1960.15522965134,1542.45318138053
557.005547894518,2.39631656179083,5.15244583109464,11.9651605648822,74.1694267973802,40.6132503839887,2555.49815817517,574.669914259488
353.789351356931,2.09286103362578,8.25127521415234,2.48208595641311,76.4545578086401,58.5573465798709,2443.05264634104,2182.37505122969
318.991110480098,1.72834630241255,7.13591596346426,3.00005870711542,72.3068014007202,51.3743021470096,2437.64381929204,1258.89009581505
722.970172359976,1.76704429440805,9.04319224952532,14.1299759079156,78.8460635949344,155.587526883855,2887.08081864054,11453.8260455791
443.043889102485,1.59159008880158,9.73315258110327,3.88399242225523,69.6796611291761,70.8252873755568,2543.47414634177,3676.90966949499
356.463295644438,2.40544759604698,9.41212801711822,2.01511897645091,69.7195087881026,42.0029276089706,2691.11633021682,2141.94813936172
332.845214670323,2.71470776194746,8.40881222074109,3.62862127803386,73.6902869130444,60.3383057529722,2659.09254586094,3150.9588379551
677.803856750899,1.42103159494409,10,10.9566804177129,90.6686458636077,134.71523584389,2936.03849838793,10797.3812869415
382.138282951129,1.51643564187897,8.5568473737022,2.25307731812132,74.4589256249888,100.338559086547,2036.633849054,6221.76245326835
756.961099533152,2.10398114888749,8.80796808351949,19.2174848572425,84.3447411486791,92.87736098674,3243.88368386869,4512.99905938643
483.999830724048,2.43094435137933,9.94858311544886,7.809966599248,85.4685558210334,129.274593649991,2324.16648826817,10107.3060370014
868.242323888538,1.6313932863897,10,18.3364991794171,92.7326858355517,126.448208539095,2272.93111733794,4844.89297603936
690.16084590752,1.80768984213082,10,15.1671173507107,90.8567574574315,111.937265917533,1908.59468416712,4185.09426953465
420.161384245933,1.81375820206445,8.73937448665584,3.43571507270409,75.5245891100651,58.2232826605173,2576.66190279359,2780.10774804709
587.354601433788,2.03344029015431,9.13419761177132,11.3936561350599,79.668248837918,82.8258670570304,2675.48237347193,4655.76506300353
580.321462572993,1.80699916285642,10,9.57390294826076,76.5813659825101,78.6273407170356,3150.5896373198,3983.52791618619
907.491691204832,1.82726756438981,10,22.3052421525506,99.0973847464783,154.664592508067,2060.77798854452,7950.34355227955
903.125322277706,2.47336912770327,10,30.1368678848034,96.6246086764516,106.378087972281,1940.58423339631,3685.409751378
484.740717632281,2.41651387268128,7.9638644533048,8.86089984086213,66.7945611517092,91.7778294028601,2805.9889355393,6849.19721064818
524.565282946745,1.60853009519085,8.30017832784344,7.6375445907281,78.6025837647965,56.6018595226101,2554.9283610507,1224.8138153517
745.320193140309,2.42996233877922,9.72594981985059,21.7411409838166,80.4345333383574,68.0825168635916,3085.21122405858,2604.18072366166
611.289245110649,2.16962827062163,10,13.2226554322875,76.6919512508303,88.6041648677074,3237.68050752179,4981.45798772484
996.569471661825,2.90184836206071,9.30345126532965,39.0267044316937,91.7386227531203,163.839694627039,3660.33632095305,10806.4417929956
927.747927173743,1.82155077108299,10,23.6645914106052,97.2448959841451,121.53764720121,2441.41189739915,4649.77184287265
322.154905619163,2.58924962954874,8.68415683790256,2.96246288079028,71.3552800346882,97.3093333552282,1351.3146440046,7804.81533319817
460.296953540159,2.52476428845741,8.38652609633629,8.28977699246287,76.5418947145584,76.0102466624943,2678.36118415528,3305.95944663538
828.750286588381,1.78879545666202,10,18.8603620107911,89.8677503483646,95.1179957650018,2169.8142032688,1897.36933570555
660.734768935744,2.82762165677313,8.73789166552756,18.7780985142116,80.0555367848065,69.6324128730187,2818.37418013272,1143.90260088055
575.168248880971,2.20080421401603,9.96527898312502,11.202291262636,75.0078098449413,80.316932428414,3025.09323922947,3859.54848397026
693.065211231091,2.51832505033395,8.2976234505611,20.9494832749249,77.7342572185188,61.5424335158358,2165.57248748954,2234.27129476599
748.929478465071,1.71878333832526,7.84448136686066,15.2984614508662,76.3647792589453,96.0176625518766,3603.90699473277,2414.11492817737
391.956025616413,1.88670587548795,8.68318564285852,2.47224163168227,73.7356165671009,105.917854893471,1829.16500516415,8868.35239225645
668.87083932642,2.37916067690583,6.41789967504928,16.587433417632,77.9022221335649,70.8852992527001,3085.4409080668,674.218780393616
586.656872285761,1.97854090256002,9.07404523265913,10.8595338146655,75.9366510383989,105.227802712608,1990.35788542746,6635.91138308978
891.009832236423,2.24953937785646,8.00612464949224,25.3437467437166,83.0350955214152,114.5767246326,3201.05489526326,4674.07518652811
364.152400991777,2.06100779905993,7.44729082832672,2.20960542113913,66.1378704464124,83.1752939044977,2006.60282467232,6072.04999899402
864.754464699557,2.46083069496607,8.44769205142513,27.430831587756,83.9534710370537,132.469533338022,2733.74013655375,6691.13260936063
268.255030798665,2.23071804417121,7.04219347312094,5.25613793643737,65.5406136886591,63.698396630257,1837.54549191845,3947.04463903006
349.646673148402,1.45987156405388,8.5916174618823,2,73.9919127981038,80.8883760534108,2684.51234765538,3746.19746202714
650.877386129249,2.29785239229371,9.40252928592977,15.9087314919463,81.979563957063,120.622699217427,2663.08390113663,8567.42034268396
484.034852608649,2.04355270785538,10,7.3845625420079,75.3489173350209,124.443265583691,2674.99766531969,10084.0468693327
884.966910886052,2.01254751073533,7.80435169110589,22.69760583201,82.3774176308736,91.5684642252868,3498.02741300108,2618.39795704381
541.102392097971,1.64122012842484,7.02735769195673,7.61686712122904,67.3005015468884,50.2378109851743,2750.07012882989,1573.80636588664
548.417853116641,1.83055453584974,8.54811635167069,8.61639631481077,68.9854452628529,120.494417415183,2712.56862932242,10375.7538703123
710.258675912558,1.83565843737128,8.19168658029044,14.6887055189474,77.0542838559379,100.729076128636,2778.90788583608,4348.85010012139
794.514228940539,2.66484081968426,10,26.3886949507924,95.6533478205826,132.420501316354,2483.93757739667,6564.49129729096
906.87435327137,2.14876946211982,7.98488466255678,26.975199690063,85.0153375821127,114.341914983659,3789.07143596205,4454.97458972004
686.990298133455,1.54346806658401,8.82498594920592,12.0759992971906,82.7610750052037,59.3916854954493,3118.77468046286,1883.82569980656
524.636593255107,1.70822502336498,7.68147529737517,7.00664582659271,69.3070609971276,94.6550311365038,2919.38674844656,6982.64809442501
729.858567033205,1.61854901359937,8.17639843693249,13.3632168946655,75.3770688141719,115.419084968448,2585.93374496282,6276.54936946593
396.267408861887,2.35616491359961,9.40601993963627,3.42966535478969,69.6686476270657,56.8696160778401,2111.37197819001,2732.92915110317
595.006234136848,1.77993223735024,8.62591506117073,10.4651118152331,75.7294542456763,85.8067724223998,1981.93004989235,5470.55949117506
909.380029208377,2.24783646042266,8.85509790174099,27.2920514195298,87.4044311076425,146.896499776542,3727.43003762734,9266.4225441721
361.698830436968,2.05509309430496,7.7982578951578,2,67.9425393924418,96.9632530450188,2183.74743048462,6994.6871341868
352.352578431211,2.67756422737905,8.33792760910828,2.85198906764589,76.5304375455608,51.0396458282772,2354.58651188725,1566.09059773694
900.861234018527,1.98073445589804,8.72492977640978,22.5542501344657,80.3435133387133,117.57682028604,2769.51598027393,6528.23646952049
754.894240983002,2.18739822359521,8.59959586175564,20.7117641833443,77.3004766760461,134.525838617712,3554.36231329246,8230.12129218546
666.545089724689,2.28436955681036,10,15.5324891042643,91.0127764716243,148.279104054647,2110.09682488735,9219.73746358826
373.861764198566,2.15002681039596,8.67471023167937,3.27201159226306,70.1544767192827,101.742939864706,1572.3952046983,7420.29336497693
457.454773763358,2.66539926224542,9.73076502016209,7.66288910628002,70.5304075829588,47.652397765049,2886.25538510692,2179.23980994862
596.339032956873,2.35440889376967,9.72021163801512,14.5630790793767,86.2403309931429,115.986398288993,2447.92396951638,8311.90593249177
479.201119346908,2.04570130285201,10,6.11993988380914,71.8167084025168,92.3374846078031,2497.59107983128,7950.76030689668
310.330925796716,2.24874723566878,8.2127038743323,3.2244497091625,65.8684146348576,39.4651753246226,1912.69688593898,768.695712346965
348.454217338906,2.95080518376329,8.08842838747927,2,68.4878018291718,66.736723856882,1555.35945103985,5029.22434349267
445.25162359931,2.49241724476259,8.36952960222642,8.05118840908078,70.3313492987799,75.4062841228896,1592.47084846217,4162.45271658611
880.896568751482,2.85749283895849,8.64347178620565,35.5028482812613,87.3577843722913,136.21191780613,3096.00629544792,7863.53270679008
349.257536734267,1.74693856492495,9.42344242112985,2,69.1290581389192,59.8341246053275,2633.04165309952,2877.49393542013
580.328426750341,2.12103376760129,9.47049384212101,12.2113069106531,84.066491724482,96.8115019993025,2657.1552637034,6999.59115271684
647.954348329602,2.48560480081511,10,17.5296230464046,93.2715179778352,154.266212197435,1845.9770866952,10545.2655799559
405.807663674691,1.98391809216213,8.81663955350789,3.23001025345017,71.1476702511952,113.903801361514,1883.40309819004,9275.82609429469
386.094263777881,2.82069538801141,10,3.48589694260194,71.2899450606253,125.924984183768,2469.81162473577,10636.0350983818
273.530022449784,1.64561623571049,7.9297639599235,4.43229937460006,65.5640678203456,130.706237639874,2516.85662913513,11263.5656362596
635.664908693295,2.85400675541256,6.89601578535715,18.9370004446737,74.0968998066944,52.3682517034064,2025.29198636528,617.37139706779
412.191241585112,2.16781818309879,7.60732411260042,3.72416192760264,66.7221898558211,105.630385172845,2568.44566967658,7350.15404015225
715.526720448669,1.55648629849279,9.57721718338674,12.4509588612493,83.8372096409201,97.1841636613498,2845.75927483483,5041.23337534797
284.611793993811,2.81928238887913,8.33015418382615,5.34780497184557,64.977646083445,103.962761118188,1941.91114755936,9958.39939368634
372.366466669036,1.87791031861367,7.81672080291859,2.39700880300503,69.7043362496265,56.4769515476457,1609.5541396857,3269.96172210045
757.260205972658,1.53337518824284,8.8572243419398,13.6263214787893,80.631135979926,151.559534676886,3028.61139413743,11291.3243802658
682.932993469404,1.6213556968452,9.4681856407152,12.5080724900199,88.8843204603264,105.338641553999,2810.93112925477,7250.78766498122
722.30352926228,2.2015754316727,10,18.0926410940399,96.9342244494039,157.321352946377,2165.00618765304,9228.91142451714
792.946547624542,2.96671723370729,7.57616076855541,28.4184872127844,82.2935154518487,84.8470252604545,3076.93275055987,1441.59508105045
450.801783148582,1.64970131878724,9.65778966663134,4.12841433409144,69.9835802530432,59.0803406524046,2834.74818342495,2518.03673234752
340.112145900515,2.06365018730339,9.54533310018738,2.74270528553745,79.121085997046,112.377907132605,2650.69027214296,8842.44040337623
578.801768013666,1.7709548264213,6.39148770937853,9.0096558178947,71.1172896565947,54.5481984236802,2735.69941367081,741.85174243256
574.269496035594,2.41064455753716,9.9384913804558,13.7234231296822,82.9741593774758,130.080923853504,2752.64235290128,9485.65784483161
525.741615864924,1.67708834964272,5.36957383383379,7.07516299862841,70.2512338480985,51.5052933036258,2592.53612120576,653.439205611026
629.178546092648,1.79987588554361,10,11.7729375200985,78.8237468454053,99.163004208926,2686.22813020048,7728.30722967401
557.127139530988,1.76084014536161,10,8.65407104561055,73.6887077661248,78.4367830647791,3165.66098341451,4516.03312254986
344.83912832969,2.32877967055047,8.53150616374019,2.45841738066787,70.4185767477423,88.8108748890512,1385.63199037206,7226.44337991119
621.366772635152,2.80977613800095,9.14071188828978,18.8213351408592,77.0649574332479,106.36176086731,1966.84838379314,8156.34547688025
704.379624577891,2.26663530173463,7.75278719419596,18.0492710683733,72.7883661881763,98.2711853951323,2601.34632093342,4267.22741104935
395.034109274697,1.58736517915721,6.91722719233771,2.40553037755427,66.7215005499407,53.1907696220448,2564.31808138759,1687.58692921919
614.556571740215,2.32034072300784,8.32015100507277,14.6144213642206,79.171936809389,64.0690820445088,2518.0803303492,1266.10454523092
691.114500236062,2.61788378619214,10,19.8625343370675,78.5000195919594,103.884718688782,3261.36799485674,6978.29624818803
642.52258785431,1.61010713173224,8.92408819270899,10.9946896576311,82.1252906223383,99.5225501086386,2742.45354542462,6227.20889107523
635.766764527314,1.49288936638219,9.78587789044006,9.24083657261445,83.4882093109429,130.121505901066,3182.69103946701,8664.21110033246
374.521104587604,1.69103604477563,8.63220940936899,2.38875766010849,72.9188694371518,97.2048274080836,2758.30523020772,6107.09061004331
473.064270035794,2.5629611208663,10,8.62809174548966,73.5216050884477,80.4611152882426,2761.83764457227,5146.90369033967
321.456136330097,2.30986319484515,9.01552144880476,2.37245878950996,72.4475904238665,72.6709420891173,2355.38058170111,4878.95896059854
659.738446588232,2.29566097030144,8.16490552657961,16.4709155458309,81.5498553469174,69.7308023115104,2599.04762893516,790.915928574342
776.29299065871,1.84149026885688,10,17.2037739169757,80.8880929815245,88.4310013239512,3496.30375546808,4191.12921866323
742.438636562676,1.99835489287029,8.93642609004744,17.3405289517325,78.3686123064374,165.266144159873,3308.96224641923,11236.2217327694
343.848354581155,2.7004106384834,9.83808918677736,2.08223851440722,78.8295147488067,124.404393150848,2091.74466970246,10109.111338498
790.228030701461,1.76502606365535,10,17.0405024085597,92.4723924252095,126.984530688942,2032.14492486372,4123.15873737639
728.349111563784,2.76967822505744,10,22.7400652645453,82.7975548678762,106.78250710721,2553.48345139544,6965.74945573009
443.190968345123,2.3707972566866,8.70014830349157,7.44634065635128,67.3297708286418,109.993601646612,2607.19187238523,9820.26420089043
323.388575095057,1.62480320787613,8.61686080277926,2.32459527060103,73.2194680170751,78.0083694249653,1972.42808103659,5354.01770425076
787.136120263973,2.18817476795133,8.76602606118823,20.0873714953296,83.9509642437965,69.4539102162941,3238.04978517002,697.536501251661
931.45996398504,2.87461055844968,10,38.3440793242647,98.3588916826232,92.127692505872,2393.02259434528,1319.61508000504
696.057926968029,2.12784839720604,7.84238636584273,16.7071138862802,78.5384560229068,116.852228916587,2768.07082029004,6114.31993483577
572.629214776228,2.79507984718404,8.78893688339169,14.9836266802062,72.4147609681478,129.831367131394,3102.79008210974,11163.8331324347
780.275315442075,1.69322679866361,10,15.8952745340871,93.4254758251268,147.973279586532,2327.06239894534,8125.30496440755
485.948995287471,2.33627419717582,8.40366916793363,8.79919723142421,77.6602237364372,49.4956424691376,2580.47283491947,1280.07810582426
530.526665263594,2.73601175058177,9.72782099375166,13.0722349245148,76.2891089287448,53.0400979228931,2990.32027921159,2582.96963371049
933.828782748379,2.55747272196703,10,32.6449988131554,101.898030900481,144.27141971211,2632.86448787367,8984.55457538535
480.817887400375,2.22873505072695,8.71652581804908,7.26445625753989,72.6290470739308,121.85984148086,2704.13978479587,9755.83735951869
329.624226199864,2.45953215321814,8.45131650659906,2.40342100149425,68.8606643453182,92.1972814546056,1457.50645637346,7294.6404480745
585.16152989066,1.5044701961735,7.99915414504609,8.28751089591196,73.4903070653744,90.6609998178273,2711.73284336807,7588.65486592798
373.892066739159,1.86966239786996,6.29792864531506,2,74.0953216136966,46.5504263293991,2598.73067870591,811.711954217231
672.783975867676,1.76440160017547,9.59184797415199,12.7635632082789,86.867506982036,144.617475532833,3052.63256778009,9613.83285539659
618.068265214065,1.5775616784118,10,10.3738955848624,75.6395291730771,110.193713752881,2912.78785341929,9171.02728987913
675.011219178624,1.83917639545788,10,14.3061567166169,88.5948410895566,88.1652177056646,2302.12331519728,3349.38658513682
385.366038056525,1.9131874637359,10,2.58627073496173,71.3382119289717,92.8313258043558,1961.16806581937,8295.44391962058
735.163796852346,2.89677539937127,9.20874484966305,24.28724713978,87.4203950074664,74.1918671523265,2521.17255903214,2863.40067067498
796.893223224859,2.50290357084126,7.36742107333052,25.9147982134126,77.2961318245306,75.3327438196837,3556.16846664585,943.631771566643
627.288257087069,2.10032720327452,9.02459679189307,14.4648509057249,83.391388720481,62.2363462062978,2430.50895977588,2712.50196849415
552.035501928337,2.93307778586334,9.05349457446563,14.3980076794002,79.106657306864,55.3159391637331,2509.08556725697,2464.91764429729
504.573730976586,1.72984848035192,7.52915782141041,6.08670051974328,67.4779672407674,83.2819351743537,2987.40779596108,4215.22796408332
539.621187519665,2.13875471813648,8.9497605671489,10.5899342613265,80.8110155058632,86.4262339384559,2838.33189327953,5102.94446893004
443.689957627784,2.40786157193276,10,7.16598928378317,71.0308263476276,88.4060610175424,2630.31057680979,6093.92780647479
481.691685498248,1.50757640098034,8.81320127990906,4.53108913624913,78.1645458082776,97.6808621362654,2691.71282467395,5744.29263059161
729.538847225171,2.57549828712468,8.48047066197253,22.0483215154464,79.6586694742082,78.6331004510877,2081.09339696241,3477.42066561818
534.017346461364,1.64980102938298,6.97934772325947,7.79339389220284,71.3388310934679,49.9801081386074,1910.50703462322,820.877354314819
324.707266285613,1.71042346289952,7.75143639911981,2,64.4282038594956,80.3276957108109,2369.79099754153,7156.11784460866
977.111885827039,1.73953426869313,8.10770530757777,23.964057577925,84.747948621288,118.693914817323,3328.63393765921,4853.1931283209
698.300228249188,2.89333473998328,8.4759300662459,22.3528583182694,79.8913636345812,83.7293083412145,2421.22013709942,3785.39373126305
327.8330730281,2.41926867058403,10,3.2891287625032,69.1826561933451,114.912788006511,2088.39208329968,10036.3514711356
599.630036693181,2.48314125165466,8.35463993784132,14.7525316331118,73.5003204614943,109.931356101727,2404.76126528675,8714.17638577976
647.463348220051,2.14005920969664,9.81182904240813,13.9178036655589,84.560564693955,128.126549747616,2644.25454002106,9935.42103209687
380.133299520293,1.84314041069073,8.83611891012505,2.76963600374986,76.0047269629989,104.306613702311,2297.55367504117,5944.81074183707
418.583840649298,2.4116787996696,9.77509042564683,5.7909170574662,68.2320881656028,55.932696858081,2721.05474233044,1940.24377339455
492.355918434541,2.11522457983296,8.11552810177576,8.90457529591627,71.4504772239371,107.907216701215,2542.46704574025,8158.435797334
689.880527639561,1.67850984179888,8.61418546548312,12.9895553599328,80.2548871447103,82.6254346498029,2535.34748284955,2766.81157930893
419.517971574903,2.5343959354916,8.45331704470112,4.66067802043374,70.9668930819942,74.4937326206192,1541.24657087144,5353.52636000888
428.484426949635,1.67721760018184,7.86300554140742,4.76494276229943,72.9149483438887,48.451509017844,2481.38854366184,1215.00867843777
453.56034743603,1.64344423504293,9.25699604821543,4.92463457452144,77.6673671404585,122.972601561178,2202.47101940877,9578.39242665281
599.009182418318,2.68371154229458,8.44690196648687,17.3100275929127,79.6601392149944,68.5955513816537,2348.32169272565,1885.34705152251
385.908089150638,2.38191450501155,10,2.79338912628869,73.6796544443883,122.2325902791,2533.30685309729,10434.0725775424
286.485119609672,2.44648673132046,8.21670111373457,4.58103501205516,64.5891306223304,106.470587619603,2393.05748258904,10006.5366248771
639.432044542757,2.12730417651409,8.96186699061379,13.725343387054,76.9251488806763,87.9456395479198,2372.84757732219,5610.41040883171
689.548969896585,2.09442077735906,9.30567376765985,17.3479425219127,77.1960633999129,101.674690644791,2415.01749646078,8688.0502473439
550.464702208253,2.38086385604684,9.28088300424441,12.7806619516962,81.9664957643504,108.564809041042,2616.48043361952,7313.89581199969
777.341448593935,2.61000830791357,8.7449827939143,25.4654080219179,82.4005360527443,142.280267304442,3348.67321998598,9333.83206571519
801.214949734267,2.26531980354647,8.07484314690033,22.2700974930103,79.4191117762015,108.048533218759,3230.45616066616,5249.85610864503
755.363133548781,2.6162765933631,10,22.9184657090725,96.751800312756,146.21788872892,1768.19459305604,9143.89332668785
779.992454118838,2.79696755957648,9.35716391551691,26.9650871756643,87.756185415691,102.757671980972,3050.56432075983,5587.02498771663
907.235962087656,1.8312865940578,10,22.8205509659269,102.070596721852,162.945664521158,1953.96134540088,10850.6236662707
404.043607425055,2.59779826012456,8.76690901114189,5.46635556116096,75.471729506088,93.5636964331896,2059.74112652916,5850.09310907662
492.09457602699,2.31490176239762,8.50997005716941,8.06934387775888,72.6072966139965,82.7679498997402,1582.37908750391,5588.81199127102
572.006145681555,2.26763383133576,9.27316381691439,11.9001406001948,74.4300027261189,101.889589268794,2266.78498722852,9135.79047719864
845.194344825475,1.39379172293969,10,14.2222384580544,100.198973250408,154.142519591986,2353.55086265462,9537.35460936922
534.091948014384,2.36096206570247,8.87374934489951,11.2452108306127,75.6798094378795,99.9552217684287,1936.38951350993,6599.38025753288
705.06331750598,2.85086689584475,8.37238693440406,22.8614353414112,82.1304072337761,58.8500254937546,1986.94874671812,2477.77594844583
918.662106810381,2.67020077379264,8.46703799672316,34.339855166097,85.9226570285563,126.975663392128,2949.88540732789,5645.34054053337
552.578959314083,2.55500516596012,10,12.8986503801291,76.0834120282162,128.522138469347,2596.01161866649,11148.7975320065
727.214693390865,1.61255005061734,9.78356272041291,13.842211264505,86.3610058058512,124.977459014305,3131.89019465603,8782.84812343104
912.881335654835,2.03767417070035,8.83644655773548,24.6719774669047,86.273021654315,147.398885823329,3772.6647932756,9422.78864267045
922.503647052225,1.84980737497535,7.56360015442408,24.0719669043581,84.0563989934608,82.5572649596223,2870.57400399432,861.080487011641
778.200389716708,1.89957037140978,9.6580545726441,17.1412800168973,87.4744829885564,91.420723727506,3021.38024813342,5646.45408897576
743.263429423221,2.36930901524059,8.38496132250584,20.2106556270177,78.9635927417579,138.285420053937,3515.75001190509,7612.83247023311
743.676856828397,2.04717572005537,8.93553558996855,18.8652508663644,79.0685918696745,151.830226906201,2667.18008547934,9630.35951990882
744.47612784532,2.32478409591251,8.60005502715746,21.1499832879537,84.647219420139,57.8408886210108,2971.55834498243,1042.01018941049
908.890549354272,1.89135507798786,10,23.2872470993749,99.7160948391184,161.325469987676,2094.21532838652,9876.8277420606
763.272770717814,1.87739395810265,10,16.6831092017129,80.9395742045686,104.92478910962,2745.04671737274,6532.41030416103
672.095556113559,1.64310515130774,7.36757041176557,12.7899372855183,75.6618215338795,86.5037217877097,3240.58007658609,2670.45367633666
469.714977041559,2.83775768601717,7.31352501379445,8.28799652479878,70.7095342761636,67.5241138839717,2657.55761395938,3989.8073809467
372.314169061724,1.51706004900697,7.8465684318591,2,70.4431462848937,63.0242682939027,1702.22607661581,3601.22506926717
551.948599146291,1.438979479792,9.57799269336493,6.60803456399711,83.693741816397,87.8022221924748,2548.08389218833,6339.44937717323
377.873465926722,2.71579647232632,6.76918293076521,2.84225653089432,71.3814551585033,49.1996002284987,2613.71135274821,1068.54247902245
364.03925449244,2.99521641048868,7.77571731224452,4.34067085259824,69.4091339658065,53.3275202169796,1419.16800387939,2243.89774349916
306.084172691017,2.38686423657161,9.43474387888654,4.03344516973043,76.8299451637133,118.69269325413,1995.63220626431,9439.62347713361
870.583584334017,1.52291075709433,7.46557048183826,17.5098603580299,80.4745600035928,87.7866625781239,3802.12533630328,1958.64389821492
479.511308345043,1.84003534000277,7.74345266628054,7.11127638093546,71.6690893700844,60.6862827890528,2021.26987497815,3067.3589640394
686.81589970764,2.95773405039294,7.92161617904153,22.1324272176954,78.8958801614301,104.247563420314,3163.70153031498,5487.07666164573
729.135111092524,2.50305188698863,10,19.895680011374,93.5763143553082,122.19090973951,2170.10124672615,6188.32976924663
384.472045725792,2.35019976570707,8.99501165908943,3.71430763497507,71.2279886967534,104.928552890945,1574.69566657605,8899.71527575575
770.84741575083,1.78824509132711,9.76994890835555,17.1711729786871,89.2254435536125,90.752045587427,3578.53528462726,5420.65669332807
762.001710016472,1.52155530889012,8.91224896544188,13.9204328250668,77.7843792896085,137.0372447497,3135.65298366207,9188.51083139093
766.883733151286,1.53129220895611,8.35010821829028,13.7080378539223,79.5102015582028,127.457154930775,2890.69251665532,7301.80937750003
719.929001699793,2.41797129529534,8.38958055265199,19.8781828399685,79.5519728471267,50.0018252944156,2140.02551144478,1744.09713366205
876.714516450101,1.53274781452863,7.50382532685618,17.1652427142731,77.5787407860129,86.261361224197,2760.53496752576,2219.64582232122
655.085803701501,2.99044521288806,8.70368325020948,20.3406102349675,79.0184236513128,86.7779993477207,1980.9927298612,5307.37097994748
872.600631396136,1.77507575024061,8.04359060968666,19.6369338623387,80.966790223479,106.601921150141,2936.39282685882,4865.78332397944
773.098141974283,2.56606104280392,9.275216567213,24.2094484769972,82.5304340105048,128.056973560564,1951.92857709934,8678.98696601024
403.500415779023,1.63313737300992,8.97603865956288,2.81961372340326,77.7309714779505,105.516274760233,2069.27284231501,6888.10853777087
794.519620877898,2.21832238213744,9.08952762388746,21.5889809654488,84.7865786554786,98.9381132372325,2880.5990442002,4769.46389102474
715.478088778257,1.58879085728266,8.68871335701444,14.0809287048609,83.6174135638044,73.0999366469987,2646.76988743837,2378.36311795424
856.14040610672,2.65016763679987,7.81643888883045,30.4847307752114,82.8077087905058,91.5475325656248,2821.93230286233,2995.20812558045
481.830068538687,2.37738164208724,7.73434334334265,8.55980561677386,68.7011790300533,89.9554182212622,2266.47076465261,6830.51120315965
624.412938250307,1.62925004010212,8.45768173073207,11.272645865395,76.0617751716304,80.4760859068032,1812.24517865834,5157.82685389772
329.198112029577,2.65892868590892,8.95960728987693,4.29374283962866,77.4134797382273,80.851650264521,2217.26292051513,6164.20259746739
409.008249265969,2.29754065858835,9.86739789807099,4.35984189056274,69.3474959866852,52.7079083051873,2437.95626572362,2377.45178832457
586.514809583662,2.88238846501998,8.34185139076089,16.0001702530434,77.8152854587677,111.056024714591,2565.29290572722,7791.96877579022
837.027550100783,2.87493506051717,8.99469410623673,32.5796415387908,85.2604731995488,164.440610889309,2874.64852146642,9877.92614941564
382.423761141669,2.88076168422987,7.14399821783343,4.42472213147785,67.6185086504726,64.4710997991493,2747.67266316905,3337.33457465591
904.81538535563,1.49731329515161,10,17.4941453784317,94.8690930130749,133.770333736301,2329.41591951919,5906.65648415009
833.581629929533,1.68143664263179,8.92851920123617,18.0365566463822,80.7772618261633,159.693197866343,3461.11534245491,11230.8006192299
306.581385715949,2.92980805903732,9.84330388041089,4.12745500822718,70.3415699644439,69.5672870019705,2390.00177435809,4165.659146058
507.683158850291,2.23140123209806,7.87152890065105,8.62214187297754,69.2147518273036,90.4490058094025,2467.39632935874,7045.50979416137
666.108780026431,1.85732107924372,8.06335151770284,12.7259058348513,74.3265402489415,64.5348669215212,2124.98246796442,1492.15270220269
382.574356054987,2.52767965507311,9.38655665302088,3.06303368769771,78.7659091214063,94.2408502145001,2412.7885540698,7166.16502727388
982.664035369685,1.86120288181221,10,24.2433160445412,99.0795967200284,93.8498553861068,2208.07955163219,1485.9495063508
689.563252616446,2.23291454589638,10,17.905603886514,94.5621429441415,166.05747449311,2089.08921715209,11051.589788562
528.8746836911,2.60210578852242,9.85090848266753,11.0382961161807,83.5989649153811,103.515952649889,2844.01854581415,8372.28917279543
645.894384504366,2.36962138866139,10,14.9631803355859,91.7031748419418,141.807656116444,1849.79143262855,9169.75766949277
841.312927780235,1.71410834921841,10,17.4693639886872,98.5896413715034,145.942072440102,1875.84239123537,8245.14796848801
487.725560028606,1.98001365906805,9.13737748019858,7.31818634962362,76.5546082357537,102.309890405866,2443.43291835106,6987.01939684112
476.586731104853,2.02361572880968,8.77052163634849,7.92382413599308,75.3644234534731,95.1432665744145,2269.23075398077,5449.04059194056
939.441907027332,2.23690937715671,9.02587267122248,27.7321841934057,83.0243958439935,156.066631058123,3043.20650290575,9942.10717737169
304.780856425239,1.7510592773102,8.99344463570304,2.3624219728738,68.5897354388935,118.36239642109,1484.49297258436,11025.1923429737
529.281369812348,2.17870507562151,8.10522339795368,9.42918361159093,69.6632041658595,90.9842221492378,2391.24480712326,5989.39790194489
450.006998011828,2.26617448577322,8.43687536355293,6.64932011299708,69.2222024846036,127.000170826584,2896.37467719696,10746.8855407079
994.43940539208,2.09892011811844,10,28.362447889022,100.473387112458,135.731938042593,2432.36264458453,6916.66200987369
594.721610302125,2.6129725253715,9.20935040024212,14.8642541187343,84.2567669266848,90.688360171624,2757.38256977541,6422.22605586076
327.689567073979,2.17169808677324,8.45352439580359,2.54836406725558,76.1921207048578,86.7436355659499,1914.89690970434,5499.31006250892
325.322663221863,1.80306513259516,7.76429300550615,2.02324936130705,69.7776042857561,67.8128319058975,1947.51053093714,2802.16537683132
953.261194548733,2.47782535626712,10,34.4014954124855,96.2474750534095,86.9805780995455,2604.85309244305,540.916268998651
936.485658204421,2.58959599356261,10,31.8060859614235,96.6747828118882,111.195505117808,2217.05066926505,3156.56849541667
771.061526453708,1.97905749965739,8.29421852853153,17.9000858737432,78.6900933773507,122.907618818822,2680.89424869873,6106.95488763922
466.311369463398,2.46795889352641,7.77643267791313,8.60374027364406,69.9702050040904,74.9880951491078,2798.93670136429,4679.55947485728
544.7956785278,1.65808998159145,9.18140949435641,8.46909584460412,82.8569763077598,79.9545171478916,2462.0548886089,5433.33750802897
588.507419297618,2.0128894568671,8.89125115422114,10.4397472295246,73.0380905303882,131.818503241632,2645.44467676626,11287.1304152045
582.486315306912,2.86383589432445,7.65708488990008,17.2957072307905,74.808487559798,77.9873576861694,3151.76584553718,4352.9960773626
791.919504270387,2.76233700017144,9.76154608297384,28.0380670157087,94.5537675584708,98.8146657674618,2685.74574942067,5474.01233296119
733.224390317132,2.324220669165,8.36737097899443,19.1518584350212,81.5587450978965,75.2717108554733,3272.68610168721,1968.67106488102
754.775795387551,2.54259453001613,9.43515281512855,23.1255184030821,79.9281096931124,58.766592236079,3568.14414886516,1027.53505680686
408.639389383568,2.61361471448618,9.49179361047232,4.7676657110744,81.392715441691,111.4636564036,2061.01574204513,9029.50466051744
715.503394494887,2.93782977796894,8.99981649304464,22.9101680089657,83.490701216414,93.6042248095453,2469.3900637069,6777.51492579176
898.099989621496,2.23482966043465,8.95811389022155,26.2656266176196,83.1935937435116,133.963883443719,3205.4866263657,8867.75286648285
586.975278089825,2.34236360493905,7.1322727560726,13.6889471039811,71.4934880173072,58.0679055669239,3038.94126636357,2148.49078775207
585.63091422131,2.00330771077513,9.06115140788619,12.123457100768,81.5280230767131,120.174612150234,2560.27632203723,6790.1164830096
342.583583355278,1.60797290558464,7.98459157214709,2,66.5442572284494,66.6178079649369,1955.83934376957,3290.06721775513
598.699445593576,2.0806957045304,8.66011160210336,11.8722695213533,79.3895958882143,80.7827831125469,2916.44504074378,3008.67998590022
490.303324807451,2.68594100907462,4.98425693556256,9.63123240283547,67.3802113850638,44.0286976426982,2668.06779396236,626.786154582838
410.160514356214,2.66370082638181,7.83599117259934,5.63238064224323,70.6194535532742,62.1865905152064,2700.72643026846,1933.74795925979
497.056691756364,2.83856567188995,8.53587071432416,11.4029138933046,72.7271412209273,70.1402979173935,1834.59719380493,3901.94922649665
599.25170702584,1.56546525319566,9.44690363125478,9.12806908774492,75.5019272100832,59.8099651700986,2573.41581717785,1785.66636650033
487.052868658253,2.29073188437095,9.48327353508177,8.59870797546141,71.615382101132,129.679504062365,1773.59277558495,11344.4428445203
749.979086895466,1.58026098582604,10,14.2038477284157,90.5021869995636,102.410402600997,1960.8589655408,3894.95913376346
366.543319586399,1.80111327474861,7.61590270008684,2.35696284480928,67.5240359420746,45.6588584658397,1791.14420071933,1933.56341372561
770.373361538833,2.85032475357091,8.68847235787166,25.3892745535742,82.3402285650152,74.0103600918694,2487.38296479847,2689.90544110754
900.197753798039,2.0497227270582,10,24.2495248897476,97.4104549170313,139.202963253665,2188.34049012935,6964.73551175624
300.621719433051,2.61134075621811,6.67837890649529,4.40920048418047,71.3041335074353,44.2030250979582,2166.63816859532,1204.47876251267
682.806642011083,1.53014012740037,10,12.2756496022984,81.748959062855,131.382162393815,3279.47526033396,9986.77543155273
669.897496328929,2.12523975588728,9.69926792984211,15.9277682562305,78.8986280084531,138.790309924019,1960.27664729182,11076.4964716086
304.865480077762,2.45754662780174,8.92670043118281,5.05921611187506,72.3449517600451,62.1532667176885,2352.39547314527,3214.22162734119
779.361504164818,1.70010972191732,8.07963485209253,15.7283449502438,79.5931823150602,120.562007557235,2716.23396577713,5451.04795449945
603.373845162765,1.98872681865852,7.44697266102107,11.8371355734611,74.5134755298288,44.2136494755781,1827.3574927103,743.478961324468
781.100260743214,1.4461653225396,10,13.9694395775524,93.2073021511893,142.44970423259,2277.45495400112,7547.81247199944
911.194447488203,2.3205499939614,10,28.3156014860399,96.5502792754705,118.801389066225,1903.71757424499,5053.18663857848
512.729166317217,2.88793428656173,9.05025329232695,12.8941908532178,81.6625802492399,66.5918729276292,2346.50064598889,3470.64312711711
376.931484726919,2.70887803884265,9.81538545008266,4.39599309927091,72.228927060693,59.8144996523122,2459.11717689467,2775.20821678269
991.74546849584,2.96193467521135,9.06510704225853,40,88.6810934512778,139.806668963227,3396.49228802838,7694.25385424636
696.815997110419,2.59266914211186,10,20.5718375885238,91.9687936050419,121.632787575191,2034.73986395171,5078.38734135546
887.076924216533,2.69665747195464,10,32.9496995426627,96.135771582093,99.4765784410424,2531.57337382647,2476.25217932903
371.578155832036,2.36576579305701,8.88405533634034,2.73178505039921,69.7706663214254,91.3442808474494,1817.74533296909,8080.19989635506
464.506306891966,2.14992507394603,9.12700122761608,7.39523269252667,77.0414189757459,109.739717705132,2545.90881852238,6715.79511340363
521.013804215212,1.93455951487936,9.61779452188299,9.27022187580265,78.6381991242942,130.750550889941,2565.30449268909,9945.39260422446
396.116002263532,2.72714234256882,7.68646283237524,4.65308714361628,71.3060350838337,50.5483690778235,1862.07974605829,1792.23488764142
407.485851729013,1.77310141841704,8.04518273215476,3.81040043173541,67.5909719512271,107.968605588235,1995.06977475839,9142.33262138902
378.581411495875,1.53212893758631,10,2,71.0840481348381,101.042271457879,2422.16117331414,7908.68465498985
579.503269492945,2.92184073402701,8.20133604301935,14.9763999575841,73.9519896314549,55.0052778648547,1714.83273176757,1765.12030510908
631.856626260097,1.50566727780522,9.03850725313278,10.0980988600105,78.3195900574861,99.2448836867417,1931.92548026084,8143.02802858893
331.217142014005,2.85934483716263,8.56472735800238,2.55632134906292,77.6403292943708,76.0613789907152,2340.3468470826,5357.02017767813
948.452848432867,2.24011315245188,10,29.5388879233704,104.215204198147,177.958893787985,2491.77652495404,10894.8326411143
714.799309764712,1.99274837954674,7.66263605613087,17.2779859730743,79.2453977105013,80.1161511274965,2938.57722865326,2057.72485679689
412.681212660162,2.46638927665745,10,4.22104292873984,70.7279382576731,92.7624500698408,2326.47201257089,7571.16729897312
630.674920041532,2.72681273577769,8.66191345781427,16.4066830580966,78.8321684519941,88.4080067586002,2040.55590914489,4701.78050009241
534.375530217207,1.86804308397965,9.34973876057924,8.81454631318893,75.3280638587571,131.573558196905,2137.44655948737,11024.9613764997
549.697799585533,2.65634352491937,8.63483247378393,12.6230723398716,73.3141154732099,73.395234629823,1595.83104504484,4129.72384819304
694.854244597096,2.70655443751236,9.004038090528,20.9731381429017,77.1412226187117,163.807500983646,2963.42824311292,11084.0450044098
932.007537656743,1.87403194518802,9.40468771580395,23.4407599841027,84.0348956138977,152.310716548641,2906.02174153368,10416.3443621082
608.527123052105,1.56288953156698,8.54925953537054,8.90344553443608,78.7180766969076,69.4898032377167,1901.16756538239,3474.21558841722
367.691021654728,1.80618342683715,8.79746104939977,2,71.6997391927577,108.321013054627,1685.69317400782,9338.95954509071
780.899778458959,1.80096961333409,9.22922741292189,17.9198138205866,80.2503018199519,161.344172614746,2662.61955505381,11451.6462198386
705.204966367515,1.59786068126322,8.43854965072034,12.5676381019987,75.6061147218823,72.0589918293824,2092.4089466437,3279.29302388411
584.17752299331,2.53178801130131,10,14.0078276516833,77.2984194844224,83.3185326852599,3122.46884966192,5304.54886255652
354.324389566465,2.06996238668761,8.14940675113792,2.65622681651336,68.1805870104805,77.4214610996368,1818.28255432352,6221.98810223436
486.388522894643,2.73838426664342,8.54197750660756,10.8775027234391,77.2110912056616,83.1154834726424,2803.1776652021,3744.24249384251
734.943039459507,1.87825665849778,7.24483295360482,15.5678060228464,77.5799265853298,77.577914579664,3114.27333668114,667.913236106327
431.112943778804,2.17984824764989,7.20100974526743,5.44069299476543,66.5220676767699,60.2004338707361,2755.09050059975,2921.42168617279
721.680564435995,2.3847436077065,8.93762286470215,20.7072672685807,85.3485240748858,87.2965085510112,2631.77310404362,3601.30572775934
518.13356740221,2.81619742450767,8.28639407822304,12.3644364095273,72.196958339902,87.6149462197358,1935.09224125336,5379.59671450006
516.671015184162,2.28693165242906,7.96001911861444,10.2908845999304,71.9840502820567,61.7563116638925,1896.86894134136,2382.12726254742
752.675451163518,1.88677991257143,9.74947196458143,17.2873670649276,89.3912087573754,143.657690540973,3422.87208513286,10105.7979236084
588.092706253636,2.60789281282114,9.50325679196848,14.1383753976395,80.6784046242926,117.561379023285,2614.28806485632,8254.0224600447
826.476434958963,1.93006164244722,10,20.0817560210863,90.1302761116684,81.271331768034,1820.95083243035,1437.20525315628
430.954945937695,1.56751874297602,10,4.02497136228993,70.7133750321465,87.0560892235537,2816.20032557928,7651.01696253925
603.861373918563,2.098108826837,10,12.8376956832835,76.9504777355517,105.463435750137,2404.99113511448,7690.22124046182
587.955233708698,2.48095065138818,10,13.0327322592508,86.3321024059281,138.024044553551,2457.952385579,11018.4329100799
788.898014619652,1.54617124763028,6.44551346174503,14.1977628605107,79.2501590695601,83.5598394512695,3039.26822219093,533.229584917774
795.34778294959,2.37882336748439,8.38378550972488,24.6542423999526,81.3629087668099,81.1061516368971,2340.68081170273,3227.25694786388
958.66183773183,2.39169607279085,9.5472659695503,31.0300872706095,88.0652298046338,168.875389307943,3794.15584854455,10705.7062731285
899.834516030726,2.50396535921245,10,29.8816160549507,103.228878471382,163.151382276477,2221.48218192455,10753.4730693811
568.6727942065,1.92969722571753,9.05167841347295,10.8538161590152,75.2133660184614,118.059288891398,2050.66628290267,8426.45061307701
531.029900947315,1.91825491981604,9.13258227868467,8.62304025005073,75.6458044103714,115.399174370305,1790.96866281987,8923.39653152294
392.4486976116,2.1390272911727,8.29952939381309,2.93151644523572,73.7751751298275,41.8601013737141,2425.94051709313,1506.31253722612
357.008115905118,2.03537235220727,7.40998978724048,2,64.9808265789079,87.7909331627283,2169.4040709124,6152.63418256057
520.886279938124,2.60451879403399,7.23351509349262,11.4466514710291,69.1863007594434,65.3842332078723,2292.35824303492,3047.41290417899
526.874476968776,2.42169269436487,8.6784757513448,10.7907431193976,79.3435291089013,59.1701314292333,3079.47200900762,2493.39847974979
558.794330799326,2.6383815568594,8.3428783089137,14.367742150534,73.9873100319398,112.456905725336,2349.91088815225,9413.33629035666
373.955568172764,2.73006268679803,7.83741609557193,2.9622488171538,66.6272126802426,50.4149709468414,1813.7570154594,1985.41950348602
803.338838405455,2.68056954822948,10,27.8019955912417,98.1910406702056,119.143017472349,2391.50112912322,5655.16800696024
858.786273608524,1.85598681208927,10,20.3262269338409,99.561181936395,160.381106704696,1997.20644672358,10824.3606354464
558.424228153963,2.97704608420732,8.26675337066079,14.9641604611737,71.9380841550761,70.78246355627,1838.74574665401,2544.15261121877
961.229412054746,1.82349122010548,9.3814117729015,25.1165679475384,89.0957939793658,170.465399611815,3374.98632967913,11257.9276611206
995.825312731656,2.20390745350811,10,30.0368145762744,107.345182941742,174.727127358951,2187.68934237126,11437.1678433716
646.333863336548,2.11084124835746,10,14.8406213190883,92.1891853790286,123.282035862241,2098.28850154287,6611.78870150643
695.484216426922,2.72535089202733,7.30711467950681,20.6976606630534,76.5446355700936,91.732587307158,2794.76939056773,2371.57014194874
365.162056780061,2.14173898791538,8.30474651258572,2,72.1305663155936,73.2503703485776,2697.02066125618,3977.15376734985
640.588548035264,2.58368865175576,9.46290322334617,17.6446633463889,85.2173520769985,84.7380597500201,3142.29799732627,5169.42115944189
486.338047747919,2.80109542568087,8.67406927465706,10.3285820152522,77.5447462154455,83.3435231944425,2875.00035337549,3902.56646794045
893.325864506362,2.48193406299923,10,28.6452193048384,95.6773538244827,106.146374156862,1983.52100403318,3586.99137864167
391.915015510443,2.66414142932749,8.42000317535048,5.37330566319012,67.8498209883452,129.50187103743,2122.8675055416,11194.5268013799
851.042688532825,1.55700202221399,10,17.0423597549862,92.4489074877106,95.6572125378523,2033.68282978941,2187.0131015732
684.929002839447,1.80743649334842,9.32137613599026,13.1665632129955,78.1171838714596,115.931947648018,2287.02845029336,8566.60699588549
819.286364261968,2.94277944326844,10,29.7739478200274,91.3404206913447,87.2903118204031,1799.93804207527,504.513183830924
569.751795225003,2.46508969488882,10,12.4926261435427,77.5060168046367,106.559380075309,2965.94189741218,7058.00936342615
344.117162642817,2.13576220288573,9.61299590134041,2,75.8211542765489,132.001395069762,2343.27213800897,10575.3730434946
393.773610018302,2.05046456009468,7.19286613327839,3.96585909021909,65.8256526676445,60.4011373854045,2418.465395791,3667.27503502541
572.888576612469,1.54004781512463,8.6131396286973,8.30953759967535,77.5037685897567,60.8364198110335,2810.19566891944,2540.78572783491
411.693288983244,2.0537038619462,8.01772590206129,3.98964420508717,66.4116371837859,96.7756274934244,2410.85586695774,7668.4777436627
960.31280007537,2.01401572076923,10,27.8226352933148,100.926192604432,153.193007148014,2039.81845515263,8338.61548028233
753.265316059745,1.69500848884341,9.6105004897882,15.3632629132382,82.627567765393,124.824368414056,2826.70280517664,8068.33570847179
710.958690294381,1.70086525471146,9.05511118563394,13.3652182993803,80.3722784878988,98.6033402984135,2995.33901879537,4012.48568023511
750.119230149248,2.17002050208976,10,18.6846534188848,89.0401006880128,95.1471295456644,2246.58096149318,3274.22642375264
501.054703090637,2.37885635344132,8.61823504255532,8.59738405517122,66.6089211030628,124.256675824665,2367.77386882392,11015.1067995825
497.644230534805,1.72774757216243,10,6.48888203223117,86.4693088814399,117.23150716719,2852.94178041609,10656.2945909692
331.407759641516,2.38108421168432,7.46456944310119,2.32134386848695,65.5637390963517,82.9006391342529,2460.34066883114,5530.48270882102
770.015925242809,2.85050994581144,8.80855762124321,26.5366101595355,80.3100474379309,148.887500789086,2886.32698421882,9808.13252769811
674.837621649937,2.20975988703203,7.95416655694715,17.1304823660322,78.5373802458372,105.816272329553,2925.16039996604,5475.55825397726
465.888754502324,2.72608831077122,10,9.37498368969904,71.1056012313975,85.0079630733992,2405.83226037168,5168.27919879761
811.25977604141,2.89090716679998,7.69093129737757,29.8441436264047,80.8096251525086,87.8825168909321,2868.46614491404,2224.39242359224
584.41831317329,1.63859104340563,7.88834895257576,8.62178451159455,73.9075034946573,81.0255360258747,2970.92548369263,5190.4666214117
759.693705176869,1.6437173694852,8.20024887388176,14.4724064277761,75.4254398223604,118.8218037253,3609.80088741432,6411.58632459788
965.858738721932,2.2140662743314,7.61506813178698,29.6715091861823,86.2704898286061,90.4145088749922,3568.59462032804,747.547601715551
691.543310329399,2.2217977103149,10,16.6141866120933,90.5105700568124,124.823615069093,2286.14224027088,5385.24305692947
395.484448879625,1.97672152469047,9.03036722747664,2.72729595529768,75.9955328127513,110.231360056164,2503.10761404907,9094.9184023472
807.598182572866,1.79119335897795,10,18.1922202273608,94.0816791925676,138.668834956001,2228.58335365906,7980.50662011697
636.255684648703,2.38470570697032,10,15.3638432478064,76.8738114622659,107.410843616009,2835.77129124664,7486.72687750329
665.516287780799,1.50312226852488,8.80533340488276,11.4843441050603,74.2884766601694,153.117689734898,2702.06983133741,10505.1097128092
410.532932523608,2.93492981973884,6.18919075456994,5.43965203522399,74.7633688503144,50.7273254533098,2127.88646322517,698.35210807753
527.841833250658,1.76646230181306,9.25639890343181,8.52591517707892,82.3482775354628,95.1441645554212,2617.24948647455,6627.52344811458
465.502167991591,2.70002585318113,9.81919248966005,9.07054667748583,82.8782850280478,115.031608605416,2616.59753371954,9160.83733250678
899.417377771913,1.66352211680176,8.33951337813426,19.512153978992,80.9868326376301,137.526517402621,3423.57289838339,6454.68920971394
428.906208614461,1.85713077306686,7.36274184183379,4.56900237972323,66.9084405947201,72.6924868816826,2585.05792361409,4062.85107838417
706.125686961365,1.85231055163125,7.45391687546233,14.9695440214938,74.585936268578,77.8762392911067,2739.03620282056,1998.75621601176
747.232689657545,2.78936031539858,10,25.6265810660939,94.6449827142204,135.767508791483,2891.59434645023,10263.1937899781
446.45283774168,1.50690081858883,8.78436324618188,4.11140861251081,69.3406765728272,71.3503698391686,1695.42341372282,5678.38631626363
505.895888137548,2.45945731395524,8.55856737371276,9.84512234736247,71.1580591608177,121.555666548258,2378.81871583688,10159.2671668427
922.970522686893,2.80452987159128,8.35477983954881,34.3074814518094,86.1107980307195,132.700923201341,3809.28175399664,6944.37334676485
781.578850128051,2.34293663497406,9.79633456543053,21.5977162783505,85.5430406612889,129.289845258646,3326.4332949957,7916.11328276501
824.477613283436,2.04410072732542,8.48922548131016,22.9063229333078,81.0699343634161,138.775798558845,2837.78846018029,9346.87269816295
607.917757732216,2.78568114504941,9.65723140589702,16.3133942476941,86.4374572703802,107.580581529854,2937.0142441587,7750.71099060148
733.950517391813,2.66707357246193,10,21.4839226156386,90.2261346823646,114.513993240063,2047.53267201188,4878.60324746832
887.362752694223,2.15093238037428,8.40719319803593,24.8783025149123,84.2974862962872,122.779682276348,3373.74837656749,6149.96722321516
412.184220053212,2.35999273891675,8.15705013093645,5.69170302945056,67.4703213522682,107.814822700329,2837.36456080468,9333.50077143468
518.826182362211,2.89458775047052,10,12.6568652566493,75.5533138754859,85.3308872539751,2760.74595242465,4610.15326010283
727.733764558053,2.87928557734181,9.68753329689302,25.9241509067469,89.6168518940308,83.9359269330618,3470.57010570721,4769.33602445347
325.084421749344,2.16066627001101,9.54831772455726,3.29614325655203,70.2003433811349,40.8287941833842,2524.19405190465,1552.59127663801
740.981213915934,2.52716493699365,10,22.8610434236447,89.6866906660455,135.658845927535,2642.15575016147,10560.4287874392
548.224443239995,1.9529703404309,7.15033212423863,9.42163207928457,70.0044363808345,55.1522087394756,2272.16351058207,1501.39946439986
553.183126780895,2.057719309396,9.19682100919053,9.48010659138829,75.7973059867653,103.085327428549,1938.91617295375,7630.30095193411
545.101427102814,1.71050352060573,10,7.48279752234798,75.3835861778417,78.609996259433,2888.9495693408,5045.13926683077
776.632578812422,1.8137768891651,7.96358470365796,17.5013757203444,79.9355511808194,112.918870820752,3423.26744920275,4961.81329280987
797.086895840867,2.48530995338904,9.19810673644128,23.9176478173786,81.576898255665,123.615127404697,2474.5288979541,7975.07020229952
688.909266463844,2.26617242701062,7.19523517184923,17.6640662369032,75.9062494617811,73.0968011010007,2947.20595445182,1238.03105892867
595.107617814303,1.79259905913944,10,10.3010828661632,76.5613413681676,99.666881611704,3047.31650466137,7030.76361246578
488.588556539346,2.10436442454248,8.38668489137424,7.81365799051557,70.3893734887107,111.7863302542,2697.72388432832,8992.3496456959
767.165004108472,1.97729543733246,10,17.560236612281,84.3802414339043,131.415965302824,2893.95438077193,9610.34033675254
690.101748428381,2.93382392173036,9.02241052497222,21.1819724398733,85.5709738951423,65.7583021417965,2624.42473316291,2375.83428333153
621.923601405773,2.54004299156245,9.96965236712578,16.6699368291848,85.9299676422565,138.598330425829,2992.22819243397,10371.6095508599
290.884310884243,2.08194950007574,7.91501329009541,3.56173158756458,63.8979657678135,91.7197319449301,2356.18945858326,7717.60701032186
486.866758415734,2.6756476678679,10,10.1070885063084,83.1145523022515,123.445843218683,2635.02776138317,10200.4028090275
369.420821273993,1.96496294107882,9.84715572777388,2.41658116469066,69.5453109756569,82.3708751274989,2082.33070255821,5838.08788821218
740.606366232757,2.36711987716465,9.38119947799765,22.2118427723544,83.8010621325031,118.184881449589,2794.61396033831,6462.36679606922
674.810577781821,2.94997499502317,9.58020659279184,23.1858042308118,79.9113729127592,125.196884486586,2254.65036234881,10609.4210473154
678.768393398615,2.08541829598283,9.26839732268027,15.2337834925686,78.8152209171312,134.021914755334,2524.31384547965,10399.0049769014
626.128258886772,2.40581009357137,8.904212446835,15.5684092428661,81.6974928156291,106.087407694781,3189.78418024717,5429.76960705902
802.817414774684,1.85839024654042,10,18.0203612784347,90.9474633365247,111.191621719342,2200.57389490853,3518.5389479925
374.985529731749,1.83837048984302,8.75420516694567,2.20222991468464,77.931297748126,67.2086336480428,2613.4054600382,4824.87478020691
464.847443352526,2.31435063612502,9.96424136522641,7.65231923792654,72.4321972634416,72.4248933324292,2136.51814186938,4765.40761382725
368.457896238445,2.87845599393686,8.65494967980671,3.64057971819503,72.8621549213079,79.2108796778117,2640.54184836251,3655.53562481073
889.965257140937,2.08558195720876,10,24.3650976054581,93.7806252757952,115.116374668561,2267.60585979642,3454.37564766263
664.091510408802,2.54417696185783,10,17.8265625687163,93.9629018460281,147.949366529953,2184.27975369025,9971.69230127691
651.056775085843,2.84726194040049,8.64355429233831,20.5220956773966,80.7403663463404,54.6739637865485,2446.23962630757,1268.48112753128
892.289386358567,1.88064391851749,8.71972342983602,21.587315675219,85.1827866355378,133.488110003417,3714.82801380615,7953.72300309554
529.652239495644,2.08169287796239,9.70249911354966,10.0266808998934,73.4335041258068,55.7567504488414,2713.9209755872,2401.02056602097
367.614327059026,2.37684056133602,8.58576624127377,2.96925458400418,71.9327443324864,73.2259266638628,2165.31227283739,4289.5648273347
457.400413067018,2.26590195418762,9.38526422361203,6.53964541916636,70.2673031220858,41.3910700808897,2339.63422230719,1176.97337548321
460.046554537776,1.62017118056613,9.75462446643389,4.23873285335033,70.7795072773639,67.8903705426122,2269.54743055478,3469.71000541008
650.192566571647,2.76743649083068,10,18.4326113156165,85.2503840608999,123.101453935679,2854.44781738816,8952.63178228966
356.871509706862,2.44959391034375,9.73475517983029,3.13121673654828,78.0754312201725,121.365572354659,2220.84001676691,10235.1685700198
931.627458486436,2.07737447094976,10,26.9791977337598,97.2393728374918,105.941057271013,2385.70961165952,2936.79867092604
680.503645092957,2.3366511429281,9.47424453913209,17.8189514923776,87.9767630168341,88.8626721179833,3175.4257675537,5599.02623184814
393.153459087137,1.56965508033027,9.00593412073652,2.63175696656795,78.201591091165,92.4050767586789,2802.49982340903,5673.56452730927
659.582190889445,2.14847438416305,10,15.4983592040479,78.7604254740649,129.219581760404,2705.46447698926,10109.3283633571
634.256590733911,2.68166581464584,9.8672148314775,17.5295939778344,83.5899133079746,121.496377169956,2498.77214421192,8890.78958163386
511.842280038824,2.84490143708247,7.85007802095714,11.9488364760009,67.2875769585386,89.5859317503156,2503.59066565062,6143.84940204855
716.124994407043,2.00607126822472,8.36991896059562,15.9253934390124,78.0918546271431,130.782049360002,2654.64170356427,7878.21920518951
663.036128862587,2.01506268538048,10,15.1351682551741,93.4451932631215,156.146429530355,2214.97885106367,9820.90559300304
732.769395072964,2.54607528613147,6.84248079506511,22.1892137482395,77.3769336869979,78.5288759055202,3075.69078590589,604.928494280994
482.935851574488,1.96870987061108,10,6.5215024768387,71.4507243777609,76.8836585336016,2640.52577562101,4931.79034155053
696.832490517901,1.59731882714091,9.36522192210751,13.1440525802889,78.2090665159103,131.049408290166,1883.749412262,10479.6748400479
668.961968739425,2.17683623719897,10,15.6411132715286,81.2128613488353,116.091461941763,3180.86415106061,8643.44333928347
762.725796139267,2.402453603735,8.93889228958322,21.5799848378015,81.728230544693,101.255067809385,2622.51535810194,6471.25511767482
670.520345684515,1.50876240018227,8.20471915870435,10.5580148570764,78.1682863786349,114.680985590376,2901.90961955579,6326.08979738647
305.778140507093,1.61374506288753,9.6587757688804,2.9000259532267,66.8868669377734,75.6643761147436,2543.28367274592,4325.47107364882
649.5694148504,1.73577335946621,9.75110312588592,12.9687777703441,84.980644593701,101.109515908268,2456.18958149165,6225.72587005666
439.643747897083,2.0220784304864,8.86946647927394,5.93025478390491,70.9996280063993,98.7526055396271,1473.37837618945,7709.21519409799
366.927613436836,2.31157683424587,7.45863845476431,2.96898936712033,67.9992017796592,76.9359581904539,2638.98879669863,5101.99342271672
573.401012957256,1.87319598211172,10,9.27886626175264,76.0649994536362,105.858603654751,2917.46049913459,8355.68461031391
685.844593094379,1.91427572160976,8.60291147936409,14.0539394386763,77.8581963457531,147.725063739505,2617.00654127904,9973.55449986424
874.943045791817,2.80402401571962,7.60515970633278,32.4754594475283,85.4128366815774,95.7423777806943,3197.30880073009,2201.53333003347
763.801606180903,1.71757596120214,8.18739184147057,16.4724975620133,79.7631638463405,114.931774727186,3137.71393078876,5467.01725099167
871.450293505347,2.24319019975854,7.89700570743234,27.256027675458,83.471348440962,114.551851663033,3550.18951315855,4988.22100413589
717.003456536693,2.73243840998471,9.76656546107668,22.181318559922,84.8150882550436,122.838145221706,3395.21094044487,8062.11284454701
709.8889666681,2.43751987367407,7.46859302351619,20.4838660465951,75.0340572000258,100.954668304141,2548.61726771774,3248.54211783722
972.349237165808,2.33294942766206,10,31.8460068036676,102.372055705355,150.230667090637,2436.06054110115,7542.76006447504
812.275256424977,1.87440928368949,10,17.9446008145504,98.8573963218097,164.360743181211,2097.0968818153,10152.3816590464
761.463882586984,1.49739143418292,10,13.7254597357951,83.3612395808379,85.6103696856861,3225.9470277265,5099.44759772985
722.705528770622,2.46919555255081,8.49143837037698,21.3090704957115,77.9549453688092,155.412110401218,3028.20485687995,10521.1726997714
602.281332302119,2.2614423184251,10,13.0110905800024,87.3585669187714,142.171565055218,2714.32596096028,11424.8011282683
501.943558661802,1.64250274462981,8.24148925737737,7.08309488602877,76.3274558404731,64.0447104480263,2310.77113965887,1667.01254942747
687.111095578007,2.14844506378247,9.37805864050706,16.2166789148269,84.6033208773604,78.6350805971445,2968.3124818423,3063.58506783345
462.068130124654,2.87299341699848,8.72141183800575,7.76201505715565,68.6946446383828,135.293688599785,2280.09597323896,10954.177266303
547.257728479159,1.72446430942422,10,7.69170163487654,75.7890183467036,123.851708112895,2285.55935290244,11041.6045512953
756.492703215504,2.16288676770659,8.68041991180721,20.2288584105124,85.2065794813359,69.5325086479029,3010.3942513374,1574.78002925434
488.55853208584,2.17950965885057,6.23741795751858,7.87107950704898,77.1366179148832,55.9498231481248,2200.95587654576,664.983504148503
726.993071714364,2.71614220222146,7.60536821610373,24.0525906907114,78.4469998842989,82.2798168784505,3047.3598686303,2272.10025582064
604.050593426046,2.73686380549417,9.65627175417757,16.6840163241176,78.0366736027119,143.199689780799,1741.69685890925,11456.1406172047
868.409953010485,2.63890412949509,7.70477895718426,29.5276166808595,83.9635356790693,89.2568869785146,3227.90324609564,2479.99578271756
803.683117550156,2.04818123878241,8.33178493182574,21.4249123732566,76.0078306022235,117.894150100301,3719.36894776239,6028.02367394225
794.644017475753,1.41041342067489,10,13.7687124822331,93.4351259291512,167.142979548855,1743.21111533796,9832.59499073562
985.843695004965,2.02422446583602,7.57875037497709,28.2814316236942,84.0151287146992,82.5442553008207,3362.79689722767,724.41771757027
906.43999198888,2.51968680190701,8.57860936535824,29.8514638262162,84.4191514585335,133.129121079134,3579.37676845832,7149.37880484305
288.710613018902,2.55411986173361,7.23909581793516,5.3099865128508,65.4784520714058,57.9702689730069,1976.45452694429,3547.27993756587
684.852028348244,2.57959022714108,10,20.2070999733286,95.2034050644628,156.99408727522,2086.88729879946,9985.68408083705
787.788317217779,2.11471960253267,8.97080666761257,21.9252865275197,87.1854744735469,87.5416083172639,2898.49526766852,3618.07264190487
663.232776896766,2.44865337441044,9.29977492536791,16.923093107706,79.4690868353289,105.673454108427,1928.773582316,8054.312923101
757.522563072327,2.1564753664621,9.50554418585382,19.6073060572192,86.406936954251,127.114329649282,3529.93921121255,7916.41595692137
756.351512396053,1.72592784016986,7.81763183637707,15.9107904482089,77.3878622554904,89.8479698715485,2811.10195149549,2936.42903745604
670.933430043296,2.18374160393758,9.73979961315317,15.6847103767367,77.8288932939009,56.7937661079342,2843.05702101945,882.791198551851
657.001354261756,2.23998401211128,9.28515910934798,15.1461535832267,85.2632439060401,80.9136271387627,2620.84375390069,5001.74531163937
353.141494903781,2.92612440906339,7.30416102106885,2,63.6680881770252,56.2308876060035,2174.26387881052,3681.12467162457
575.408162725353,1.96953504345,10,11.1893681886234,78.4708884940728,120.162055112947,2500.2785505758,9398.7552457508
850.966044508118,2.62472014065304,10,29.8320297142661,98.3191425780669,150.799273207102,2049.31484291522,9304.0060730088
418.396133789613,2.31345011103613,7.45593227266186,4.74315006509358,65.9547142556826,77.9690106235579,2535.42552643303,5527.26347411888
713.589353329006,1.77459851231642,9.88179261947647,15.2077767022865,88.1505180476889,107.842961763715,3259.85349843945,7171.63447855541
941.504164629296,1.78749658052371,8.30018510947355,22.3748714544726,80.5785465535624,135.037315913396,3422.30246565628,7146.85467585618
947.710191905545,1.71254237589035,8.93806428035212,22.4048909349909,85.3765211823977,156.026596137457,3547.81706168501,9598.73963270386
921.369427639265,2.03841868982832,10,26.0623391858082,98.0626800781677,116.75046950352,2509.31794925462,5175.02655535517
544.041738598572,1.5103439454476,9.79657535057882,7.71902135421114,72.752928753288,73.5010520841213,3166.36281263163,3529.9134776956
490.719149074504,2.13672177069881,9.97289895223556,7.61486701936577,75.2346276273743,61.3661423590169,2529.34988786497,3415.38409954602
715.688141857185,2.82358151285485,9.41306562372245,24.3711425948219,88.6621004084832,113.805800628193,3381.53593877279,6398.11507210425
821.570510494693,2.5051601935834,8.28725664094163,26.2904375733683,79.7606051363728,116.942200687631,3133.72315118353,5440.63023005434
423.185699313991,2.5809317084922,9.97005652475915,6.76272676185138,72.0803991251821,85.1224269242148,2638.90732693614,5341.3284808343
553.671766161108,1.66799985103697,9.51034999719022,8.45979888079731,73.0960604542913,50.7493051076601,2805.57775246601,1502.51072998678
370.924910959621,2.20965129223514,8.76638423088514,3.16642762090387,71.5502960014991,101.383073795702,1970.6166387957,8404.64114759215
876.65179623952,1.86057549018252,10,20.6873123958765,94.6285228796883,107.533196643079,2203.34949907202,2851.10356780102
467.960640811953,2.77801389211893,8.38377442178789,9.10597936566018,73.1724710636469,79.9549171014677,2705.55283566945,2666.48993229593
430.329399223727,1.71239753304527,9.17494522241304,4.33424567637666,79.2775575416933,74.3789614560776,2458.11281478047,5040.34152305133
778.254373117373,2.13329607691931,8.90174015670442,20.6656483497303,86.1053510881265,89.4423206374509,3425.19090871834,3005.56175779582
921.908348515408,2.38207157751846,8.5440045538159,30.9998912740597,85.3206782336448,126.876064312809,3927.04734385765,6922.44094038817
525.474325953376,2.2710616373678,7.58222476091292,11.0204854510637,68.8532203506011,77.2736611387612,2431.94191905852,4586.09673267919
868.302689247714,2.74536529195561,8.48688857034799,32.6242395194947,83.2674832271803,128.681476977498,3321.08101960749,5438.02894852069
719.586405255149,1.76825761601412,9.713185631718,14.259294991125,83.9575148779802,109.197940264866,2624.06239878197,6408.86253764432
679.581240581691,2.04250839208708,10,16.1213496588872,76.7297195940601,67.5714101207457,2575.75605037654,2738.89074729985
599.386852066808,2.68812644486093,8.05917846961964,14.8605329586764,74.7434801577259,59.0884396700566,2362.78606880712,2213.26785152083
984.449760740687,2.00030351798526,10,27.7257730200371,103.504638182392,164.678312128613,2438.72218500604,10184.6409316097
395.797474842211,2.05698541797064,9.85144187532762,4.3238927209263,71.1472504554288,77.3645964196379,2338.88990003529,5270.96073114563
771.689859497375,1.5117811798842,10,13.7508501679315,83.8064513414336,85.4437098811439,3269.97477293776,5033.02970595793
390.503356699603,2.63007813602341,5.22176908430791,5.1355466646865,68.332465026707,38.9169285246587,2378.22816396322,891.733653001256
434.93964419052,2.95827311695014,7.83885327565275,8.27946248737675,68.0779241218638,78.4523684375398,2264.82648478552,5977.73932846133
361.369659772154,2.36363552976086,10,2.3853676222724,71.2058682835319,85.3651068166825,2153.20479585622,6595.866937721
570.053719460896,2.70768125071815,10,13.9540137490712,78.7190620587501,101.049085152834,2752.09039754757,6647.24958050133
605.603375929097,2.11836735721348,9.48526650633563,12.5215561378051,84.8114703051781,119.699994967141,2518.61236792115,8277.34286255173
999.195539632983,1.84752144813505,7.71302209712955,27.6256428191994,86.5887434138267,95.5214494073359,3119.27618420975,2452.30018490113
591.317343875034,1.52166315635272,7.16689427001478,8.37096369385115,74.2745869400432,70.7309722963075,2594.23837176633,3274.45447653681
783.198645937144,2.38277388296353,10,22.9661608825566,83.6114757499324,132.254032680097,3488.23630449674,9418.03511753454
771.93582103572,2.23966327237237,9.02263492745103,20.1813424125417,76.6629820066163,157.639049420544,2596.43607135059,10918.8767852773
596.943274560765,2.6731472206314,7.37326050329093,15.0069602014158,72.7762327433792,61.2205739281775,3030.85772753635,1995.26022104053
527.739075797555,2.41547014291012,8.99548512739142,11.3760273681248,76.8899470891239,111.041188482692,2699.3308626605,5974.1450995574
548.142690566665,2.98192855230985,7.39653970088745,13.9121103488463,73.5724041330764,63.552993135747,2240.00042784047,2855.93878013546
408.159984509486,2.26546887511806,7.42646435716293,5.4175495279511,71.7110469941048,47.0026832179436,1756.48848209611,1160.80485190481
827.041612879811,2.14076218450951,7.93922865550825,22.4229829230737,80.6721393740743,104.903097356082,3164.55552884476,4080.53671938749
988.104233644662,1.93010953415894,7.63406478426243,27.1430406238867,85.0328343876205,105.117991974494,3857.82921350873,2080.56387702634
773.515698461714,2.09257563687704,10,18.3727443223662,89.6881123319266,117.472334099695,3494.24117610631,8309.26380777671
641.867438910713,2.66015689358911,9.16992978797748,19.5441601005285,84.7405393993932,111.446949555987,2679.78891160503,6370.97955038589
698.90716127653,1.54195412574381,8.87208902357082,11.725853361644,85.039938306659,64.6700564399728,3196.32011067382,2082.17918089342
388.213348301201,2.95197484163891,5.4085717132505,4.83082961212248,73.9808976479209,52.8136651839115,2264.88920560978,601.657472460658
502.580492319455,2.9899607914617,8.45443301637845,11.6579363820691,70.0424857842856,114.368175252948,2419.98201085605,9389.72753926634
609.025404167686,2.34803569578411,8.3349554512241,14.2307337498253,77.9287305968973,79.3523159196809,2565.51502323851,2438.13846780672
682.043107512936,1.9973163055431,8.13696430329938,15.4519244597759,74.813592322543,125.810099540009,3071.8794582821,7168.38306442843
356.579503294838,1.83457345248304,7.96631508971597,2,68.3458130498104,58.9343189799662,1497.84414131206,4206.1410438442
354.221808875631,1.8593650676174,10,2,70.9406810587716,79.6005046449443,2292.09814080646,6940.34532146539
889.742773931934,1.49694779914976,10,17.4869925516687,91.503960009949,114.285153948051,2450.5456176524,3972.18989680556
370.857604123786,2.19118387807531,8.27617312508383,3.23084608493315,74.8511829589089,43.8320505986436,2572.38246159825,1456.3351676148
413.706294890065,1.58598640629661,7.17711234372335,3.28678123759315,66.8167633048814,62.9200258624127,2702.30372618579,2952.45009413529
374.943632057215,2.57771132216389,7.13381043159507,2.5837972891112,64.5940972510685,52.6179546701099,2086.98609753974,2568.64423126983
575.252070385109,1.96857792509407,8.95056644590825,10.2555580308053,80.3948219323142,95.4827971538843,2851.24558248105,5208.21287683608
653.238243609701,1.74101942104312,10,11.7076490548503,78.4760184266487,103.583634055001,3233.36062036821,7741.12161768773
642.361268610666,2.25158801091688,8.59866505728009,14.6388152923909,79.990998879905,79.5921769284731,2435.9178242355,3401.86682440993
830.431970570032,2.96063896086452,7.29755256736796,30.6633297929209,83.4294530140656,76.6713267524282,3521.37027530486,632.769288306797
532.167436805193,2.43745756602983,9.46607062492107,11.0235343023134,81.4376147761593,93.3601926698298,2449.38164991165,6208.31100691233
389.235458292791,2.23762027515624,7.72311320377069,2.77628873632778,67.7183903405792,87.8916274233094,2463.72728325656,7163.35438294869
944.763979321752,2.29583184281982,10,29.5991185807121,106.287332430886,168.502605797355,2494.23247867886,11091.5754340199
465.425902436323,2.60621470784848,8.49680370768375,9.4934286730779,73.581346360425,90.6799135814517,2080.23015991277,6984.17883402572
703.746328466998,2.63603056737584,10,22.7033108417424,91.2475850432401,125.794565940468,2088.63624680478,5682.89815315956
910.160422779345,1.80700342139092,8.54238930828819,22.8465670649592,84.4595120316009,132.585217863096,3798.4320652401,6807.41788487474
479.881730848363,2.7883163643881,9.33677423361851,9.01324059118903,74.2118111015199,124.432347032845,1538.26208609253,10706.9069284823
723.499299878634,1.95153913056255,9.37055142675096,15.6880222599522,79.892850185891,131.029586768065,2133.30230012415,9612.15960161811
463.944359318572,2.83283424582988,9.08035656665042,9.61570093856364,80.6595858284035,74.9107270690509,2499.18035814304,4052.76606700189
650.972412287294,1.87179955044064,8.49712125776031,12.030685154748,80.1782971136827,93.426427341734,2918.39021199972,3109.79800022851
618.043602514134,2.76783472601866,10,16.580307904781,88.3431412490721,98.1486021444621,1869.48466687856,3388.96973602681
754.225152044128,2.72296895449108,10,24.7996890017568,92.4149244920747,112.777208864415,2372.28510836568,6048.63143686734
471.615087483776,1.59388616051476,9.19360488950329,4.773220156272,80.4557785933154,121.551779767431,2175.75169634319,8684.54396351436
935.837558746573,2.96174982489417,8.39679579989802,39.8788717274498,89.7371654860885,119.313528261188,3103.10132213041,6035.41127901258
988.469391129908,1.62858445264392,7.5290847450944,23.6128088395433,84.0220596191042,87.5753683180592,4103.07858865376,1245.76035410924
784.352510677185,1.63457035457659,10,16.1773199419548,93.952760125348,144.150247711453,2095.82665642168,8459.38770483979
538.692697003815,2.16625317130921,8.70261584750076,10.6935570774385,70.6856720349935,110.73757985918,2700.74373940808,9365.67141538049
649.847350478683,2.89857901510561,8.95619937263089,19.0114155451141,79.1275000473009,68.9401221716512,2497.63136989263,3684.47651631692
783.692993831847,2.23284457674807,9.42068649813979,22.6202170764968,79.6767358472858,110.442249654666,2084.59829404176,7805.38313211685
705.554257171412,2.32561416476773,8.40966818271654,18.3691953348199,78.7788289140863,95.8534930255829,1806.60938707016,5192.51091159833
630.991226385492,2.21502707387234,10,14.887944022772,91.7156303964173,145.432956121466,1721.59405719691,10280.3129130019
656.640861191118,2.75959714726236,10,18.6643404076434,88.7037808927828,115.167730083697,3053.31777263815,9797.48113976814
567.749857711187,2.56303705530163,9.55993745696077,14.0215078383937,82.4779141530332,98.8125113952994,2968.39875095562,6279.75198140607
255.752620276315,1.83623100663555,7.69298951143119,5.37307957059675,64.422486317912,91.4675173734417,2404.1687236652,8106.56100394954
425.656479362722,1.87128352971692,10,3.60396080679739,70.1860418994449,123.914369546564,2237.11050445243,10216.8467112431
972.614335759413,1.64644235941279,8.33946156627014,21.5970229878139,83.6379273501239,123.061790757659,3249.66540764541,5952.88711086103
763.030686393377,2.40179243314123,9.10022091996913,21.4188764324437,85.3116485047448,85.3615441838083,3177.83962645265,3945.75814537704
699.425230100317,1.64137178472122,9.80638434168659,13.0233025813586,85.4752779553544,124.481027159161,2544.33758100025,8790.32751700539
992.711841311196,1.81724723257496,10,24.5411559408756,96.350551307582,102.555494545214,2678.67851627978,2920.72880263161
932.290828618472,2.83217048277057,8.1752833488665,36.9069101525607,86.5767266162247,119.153173091058,3381.41202630668,4773.84262806646
305.102093642623,1.85715279685806,9.73695665520533,3.05807503282137,78.6743201044885,116.119537129247,2569.55453503208,10022.9996081747
715.133736120605,2.10120677636657,10,17.6416780066582,91.4776184870549,143.801741604828,1781.09347825986,8468.64574296247
260.718463783217,2.09634901318377,6.92041149926425,5.50963864007467,63.3797987819294,75.0806999062545,1900.17233322265,4941.92105772249
282.937789058146,1.61104693110887,6.88602218425341,3.11232529481208,62.7775535872107,39.0171790071191,2093.78680974597,2862.18952649193
726.594285932772,2.04429574484506,7.76025554067595,17.1854239679255,79.5268817972589,104.10121120929,2688.50684313066,4415.6522991546
551.779273162761,2.1121023045539,8.13880145695595,10.9799235121193,75.026315039915,70.7415567855148,2045.30836196868,3625.14564150176
946.636201211706,2.84355165286728,7.95013279304274,37.5713776454268,90.0743841226147,98.1171610595514,4007.1466279577,2436.98216738239
944.786702462843,1.7712045294215,10,21.9783954176696,99.9550440843943,151.089542501225,1999.39075282186,8676.66204922222
608.100929278648,2.04064957187527,10,11.8969331995191,76.3550949325658,75.095406000599,2563.98731726442,3272.76875535189
764.087969533118,2.61310440770027,10,23.5469697667277,86.5589511897857,89.961026770533,2796.34453725113,5495.8421718454
825.021814306573,2.6384349768174,8.06248103494409,27.2981336578548,81.5387290227637,112.213665173977,3229.8202105823,4744.4539151972
744.518022066601,2.57039197225927,10,22.5379748571885,84.0414645960788,134.279622292688,2982.92029530057,11302.8511649919
527.032628166006,2.93065611011401,8.54905157090499,13.2961864486421,73.0679668950227,84.8959255328305,2103.5923670067,4802.01468563043
438.612503710941,2.66236720555239,8.09007906344971,7.71937917024063,73.920524632232,54.026540866475,2627.67158582799,1379.8073107643
758.206459050214,2.08522932695688,8.7053479714013,18.4134972543215,82.3169432499175,61.2898622823247,3140.76598086743,1488.08327829292
493.967537839435,2.73226277534714,8.85943573804867,10.4014363172958,74.5794098662645,84.2009464886729,1871.02139949017,6998.29093488371
801.361643537785,2.06236767761578,10,20.7677324986877,99.5429364587034,130.642051281152,2392.46481922606,7092.99906912092
464.430316265339,1.83501537829694,8.58185814337917,5.72341755581536,74.5704806792031,82.7594207280515,2480.15049429629,5106.3488953092
631.418800145365,1.86886709936747,8.90755129367768,12.2906624783425,82.9643215588633,93.9151384012479,2359.33279945538,5250.28061543233
598.260928752112,1.8357635828451,6.90459419106162,11.7426811657997,70.8070651476187,49.1032193966175,2470.34802725398,1093.25841124958
258.929742102669,1.71748943672963,7.39566723259474,3.90240966587859,62.029292110645,71.9907441353391,1799.85041870942,6182.01161428189
964.946802102485,1.77673561778048,8.3531666096524,22.7829027778506,85.2678483683267,133.130084572284,3394.56232009791,6052.13422918387
301.963028494633,1.59476707493073,7.58257004805777,2.90144213260851,65.8852903344415,49.5672966272763,1578.14050281246,2145.04250412639
482.113940573106,2.80166352943724,8.44529489433543,9.71495875741114,77.5322429871792,53.1973519064898,2181.61824449536,1642.2332472202
384.303403144757,2.86060853654084,8.53733363800373,3.43594050970408,74.8316180389172,43.5583226326589,2594.08473188434,1859.2973965944
902.936712269021,2.33221596130402,10,27.1543734712148,96.1925966485942,86.7592266705054,2286.80638401235,1611.31071140384
620.244336302869,2.51203392223659,10,16.1318775910817,90.2057911613451,131.553938929679,1689.34051904705,7206.79015090436
821.393981433731,1.71629699204627,10,17.8931305112282,90.0676868472598,98.1728427280056,2293.65240297721,2661.3091764321
447.463066922656,2.79040717339269,9.10235844398582,9.18118466010766,76.9444268733235,62.6729184589065,2669.87462972455,3265.7316740621
366.835124432351,2.25954233944576,7.6545337938176,2.35135575851773,69.8202309225268,55.215352552913,1554.94516213021,2409.29358566584
920.136374235924,1.60074748890833,9.33316090929859,19.661567077009,84.1624701463914,163.754058437433,3900.64498904594,11036.1883489335
726.09589198934,1.71196911674124,8.71630370753172,15.0217692354753,78.0549090449011,150.805046237439,2753.63124668285,9900.79209467019
728.286324219229,1.96346469118023,7.40815466325067,16.3641125494101,76.9606045124063,97.7038240429628,3243.91262116566,3035.44321086673
437.538392568962,1.52251681083033,8.85935854511754,3.95606549271003,77.4383942718692,66.6032509372325,2826.76852909732,4103.22923314339
593.383381914014,1.94095524775889,10,11.1721408163861,75.8806885910552,75.1224956815665,2990.74252336667,2808.82126535497
629.832965845374,1.51158486839293,9.3724753489156,9.86147252651147,82.7632458349212,102.869784420241,3052.16421425474,5910.63555406906
256.160883295471,1.85404140778924,3.43950715902603,5.28850162235395,62.1186711502095,38.0207853066569,2397.70638156214,715.71585721679
420.934818056895,1.7737562975229,9.13069349889129,3.47866269378761,83.0831929832841,113.620885940833,2282.92750813642,7885.04809786475
515.485421252641,2.91358934761762,10,13.2131914586013,72.4817132794972,90.3049200545507,2469.91605551467,6254.73964799406
465.988476080617,1.72500814001121,9.8295705703547,5.86747244640715,83.6074134713482,126.311030383189,2589.02782866026,10385.0282113121
742.085329255443,1.84090193416763,9.9375504158391,16.1455566195269,79.0070912089044,69.7368409772049,3405.66647438051,2308.31952761256
693.854365443209,2.37254962107859,10,17.9241271895813,88.3539726511861,121.445328150486,3025.98198181272,9345.20170667245
612.945107769414,2.78903621777468,9.25634290936464,16.5911520933605,79.2404850466869,119.390815716367,2395.8238613275,9211.57115913387
469.02120799852,2.06412056495294,9.47223695547103,6.43503549639086,71.2300009382508,44.3713038257602,2308.28039378596,1898.99308138576
895.235320696156,2.81342702991104,8.22502120360063,34.2122972213673,85.3792845381136,115.296379323538,3643.77743972369,4884.1514655854
545.273304496028,2.01021303112164,7.1684627289011,8.89079992734671,70.4263570984212,54.5201374755743,3039.75550728385,2371.67905258969
597.415188679493,1.77082096152984,9.74966599021484,10.9595470698152,74.1711788864753,64.9629178554682,2712.34463443674,3301.92550503304
913.784586757352,1.90980076604136,10,22.6667828527601,94.2250384000923,111.710780048603,2666.33188080482,3395.70792313599
674.552480699874,2.30751769454738,9.64511052783463,16.7875942103713,86.5445841727164,94.7248665851387,2670.57193081842,6618.6003342835
585.868655580161,1.96483216858181,9.11524307749066,10.1662832874639,79.7531211205422,89.3468915454089,3108.98428780056,5025.52024936512
456.091608410755,2.50934070598393,9.38707056991268,6.8358544843895,75.1526245909379,133.339816859543,2053.29916180618,10925.0608440694
898.312863200509,1.81156824421511,10,22.5119351223732,91.5210041706454,94.3003006012294,1895.2463631833,1890.07156141706
403.398183178803,2.31312466757821,9.76380683273256,4.65473169966334,79.2103833058465,136.176364083447,2445.8839032137,11210.6134833522
689.744173235767,1.99558126954634,10,14.8998408156094,75.7754185957935,72.2739747964985,3000.55734781348,3037.0250423569
702.273346071267,2.1838025574029,9.2371459036802,18.4096463626729,78.8777209580065,109.982575428858,1875.87591946467,9001.61330020038
928.857951828149,2.21310791920197,10,28.8123453934828,97.4359253780568,119.132789933301,1896.39459764565,4228.66918790104
536.457985489229,2.49436696285428,8.86624701585463,12.0107549286877,76.6950196091091,58.3333429374522,2231.98946655522,2073.89534959045
396.240383885211,1.73498227052998,9.73443258281975,3.6111890555177,81.3751599538226,112.649531218835,2442.83412439456,9936.78103770864
284.903260023124,2.75391830611622,7.00595557141742,5.84306075076063,62.9810998604881,59.8328023607859,2170.00719106683,3897.4698916011
671.680625243962,2.41601636482245,9.50912799617294,17.9187691585058,86.7423246241347,116.239476816821,3386.54824127249,7747.40944649526
743.130692264907,1.74731480775327,9.46724298436177,15.0222072836974,85.6417225877203,120.755135604405,2865.31970371017,6730.88053595289
477.793425592917,2.96246184390437,7.8098185105605,9.31904248230091,69.0579893905551,77.0423395342937,2655.84699992835,5689.31940329962
372.080030194185,2.49719548654569,8.69100992783856,3.28161757031389,67.2386473680027,76.4341302988926,1421.33774004148,5954.01419913393
767.448224258787,2.10098435586174,10,21.0153598661988,81.6071960383941,114.986058835511,3271.43681583047,8554.61705501516
596.185705088762,1.73629098833027,6.77950208025336,10.2589405393227,70.63150808181,66.0470248979773,3117.0099298012,1465.50205535785
773.351443973969,2.07416090281399,10,20.3844697031724,95.5084470196854,141.11415332026,1985.13873723836,7849.98728153696
858.18885124582,1.74716383024068,8.8905534440889,19.1652843157483,83.7464094279976,162.227483824948,3101.67783840138,10353.9331153844
522.02998200058,2.14423751804677,6.91731664499083,9.60843952209318,68.4590692359977,53.9470673856336,2756.24810314868,1135.67016721851
668.194895025022,2.11306878410928,7.94915754891995,15.9048027086906,76.8933661136307,67.6344550512965,1940.17226617092,2047.18673157033
783.893595966725,2.39968233797236,9.73189113516995,23.7451906954151,88.101826546498,128.371396241326,3093.93995607817,8382.95130372234
290.209081877576,1.78857477183637,7.53028467744786,3.71738709061517,65.388625483411,73.8028438830397,2030.89139907466,5310.09813069079
590.362433071403,2.73280703230627,8.6176437726481,14.989393513512,74.9384219515461,87.087555744195,1900.02647756213,4939.03482895057
645.965709836546,1.97256686012914,9.63557662063159,12.6728170994562,80.08620110807,60.7810257666017,3094.53059599168,2006.63297998659
561.534448465685,2.16598294045316,7.90130900800949,12.2949816675386,72.7807754160022,85.0066225848978,3036.33124944346,6074.47044789567
955.938369701353,2.65851146333076,7.84853157539951,34.0962445374177,89.3266721410489,91.3568825926591,3564.72262976458,1891.99842316015
788.999896780645,2.37974894869875,10,23.3334179909269,81.7778860059499,102.16671501732,2674.7586928192,5742.82501941594
556.03922696884,1.84562680223667,9.93558542920338,9.28463055985575,85.3064845096934,110.048571267112,2479.93186014124,8899.76828857822
932.304346725291,1.99246983020807,10,25.327994348968,97.4770565371076,114.633290255188,2694.45691682135,3340.9079367588
513.640854063664,1.8641959705678,9.02467157780531,8.27641396493342,79.9996244298135,99.5188239477003,3013.20651011353,5788.647849977
768.925551142413,2.05090905169709,10,20.1618236851697,93.0902453631548,160.927065012441,1801.6019405151,11412.1756633652
738.671927565501,1.99893679981026,8.28006665621893,18.5185415912128,76.8087707166696,125.936410500006,3417.67894662356,8053.15465689441
927.294914807692,2.27290809163523,10,28.46258346124,102.257341162203,154.915244364376,2622.53119514066,9754.92448435719
792.907552906758,2.31968715214408,10,22.9690556447822,82.0319962755937,89.6278843448312,2962.09056833097,5063.323672166
428.170864173629,1.61605961754446,9.80640290060581,4.51344875354758,84.7763771303078,109.029627936971,2572.09675980491,8946.47015438441
269.646055807375,1.96540292801982,4.22155105443681,5.277365553334,63.842056969248,38.0274678194878,2166.47613173107,945.60090235454
535.439853096653,1.83217116286523,7.18734866710794,9.25868867411926,68.2140373240967,66.2032914239707,2554.44229461147,1852.02300796469
610.115026267378,2.08546981882723,8.49975332879404,13.2762721354356,70.2789055108013,63.0514120685153,1809.80764991627,2733.77652212068
779.849400275502,2.22734567946641,10,20.5450396153268,80.6575237950682,95.4244702996909,2963.52277900825,4921.47117076742
738.283726676933,2.26014428592616,9.03526425769873,18.7042320048054,77.3432802084533,148.622220025639,3533.38893317458,9803.19366158339
335.513829000641,2.63178551484493,8.27329290595085,3.53232832624413,65.8924440582002,72.4180776960459,1850.50208919594,4308.92655866724
822.354791303276,1.78375779540256,8.4326887687029,19.2418598597305,81.0178815854478,132.052725287021,3014.74869391851,7700.83312867009
342.733011482574,2.91970924394617,8.99921499166481,3.37041278168678,69.6044949705479,99.5150474587558,1715.5955229679,8302.45724283832
430.895000551354,1.92096670313674,9.43480043475268,4.35180237616898,79.6194796024159,90.1453748990948,2391.26609824424,6948.00589497176
362.988930409584,1.87837748971828,8.21663893396187,2.24266741449239,73.6379937140154,75.2273114112351,2318.44605749244,4429.6616498715
412.066089830039,2.38352528579229,9.04631761806791,4.48829841345078,74.7821851798569,100.53254106368,2608.55015917407,6847.58675884899
353.072326410696,2.66014752598941,9.61139579855121,2.16947185099069,68.9163995664334,67.7247189820464,2313.23524892303,4264.92152068721
776.952999713643,2.04809735455205,8.87778431008731,19.4605603605534,87.2228961989187,58.5798213949286,2769.41158065497,1422.61112407213
439.281356724868,2.42076579861123,10,7.23196975479237,82.911577574715,133.513118322629,2249.28878037915,11420.8437600462
521.948792996283,2.78088858735487,8.44911396517894,11.4373455794158,75.2065755580779,74.0957724371687,2687.09822503733,1899.00698995762
749.305903817111,2.62731068661373,8.91940350656009,23.3736107707927,83.3792214027145,61.7604517198311,3248.7733425924,1295.83222219663
887.062555786516,1.55129472835625,9.14776099806829,18.1354840073471,82.4977169723784,149.630738879535,3274.88259780404,10163.8382412787
466.313118196621,2.74105336704928,7.37120235049127,9.17072904358248,70.3107915466469,71.6292064284572,2661.65112019797,3820.18126982185
652.781595180419,2.5768428373353,10,18.2581479490709,79.3770948311118,105.468351486977,3177.83148923934,7653.26671480858
714.411128552691,2.46096090910406,10,21.6277156876572,78.8323785170164,84.1246749336356,3039.21658228811,4119.06302628456
738.83463392588,2.53430034827373,9.26181101156812,20.8176795868863,88.023791987294,97.1970574422029,3587.8353947248,4805.99697873918
874.923884732759,2.96913809374791,8.20968022817224,33.5797950411648,83.6640264807196,95.835832910518,3077.4802488777,3383.24269218476
745.003637347029,2.08551095053272,9.35579207132142,19.064641297497,87.5532499729103,81.3704649656969,3422.05569021494,4273.48406372311
567.698763712738,1.53389721832315,9.23884952669399,7.85103983265353,77.3773131337132,92.4629104856344,2507.76280710341,5017.70440645197
438.645428134212,2.03749270835325,9.33873410381134,4.66481005177167,80.1611905440735,116.712080154304,2529.42665618686,8424.57676001577
740.038354441922,1.50553655895384,9.61083515311042,13.2386285125779,88.776395530013,91.784404691535,2967.33684674158,6126.89813658271
570.736413706544,1.85337291497618,10,10.1979406179365,77.652503443863,128.485744643575,2573.92565449098,10879.2173887267
753.068793783617,2.36507478216408,9.09353672107597,20.4923870514123,86.1257567534314,55.4454740947502,3505.10276133651,960.684332226531
616.067125580233,1.81627298016292,10,10.9568861435311,87.7896331727645,120.447599807474,1729.02084073347,6033.75154895231
389.130513039432,2.52809286886431,7.66006115012295,4.68268220573228,65.4057349945381,90.835713471857,2559.4350972699,6926.4726771489
979.122007344987,2.37010243967926,10,32.5354346151684,106.669803894384,171.977176608243,2657.41494528473,10622.166846817
424.825046379151,2.13065876891931,7.24063979678351,4.09276903777465,69.8908969639849,49.2270255807312,1549.62024344698,1040.7437598357
770.768123019246,2.76935017340266,10,25.264283106257,84.1895007449635,109.303601705144,3629.86240348292,6808.49543428738
583.865861395238,1.6197583970256,8.39353830736068,9.25508169996581,70.1216053218627,112.626115041277,2755.76576863582,9889.92921380753
741.07115711293,2.72381365284836,10,23.1580572385941,80.3626541280424,68.6174464488476,3444.86334790117,3161.2050093116
581.834022546649,2.55745674026462,10,14.9208685270351,87.3915898239385,124.628612110162,2872.62463510816,10139.2158337633
876.428807178223,1.98299084449015,7.41638708099784,23.1571416721414,81.1465578801397,77.4514261250428,3441.76364486724,709.47750201721
734.808499224935,1.94807278068692,9.3718480880271,16.6260709496565,79.5000161724328,123.5561976901,2065.83216860395,8557.00092047103
910.358832955674,1.6942356712867,10,21.5831119179204,99.1065713422445,169.10404425888,2527.30582875648,10764.2454328552
615.046924727706,2.62958695796126,10,15.8020535255936,78.7693045202319,95.1661742510585,2357.91396120431,7729.17427804068
791.129703935351,2.62546184830653,9.17084764862846,25.1291986666644,86.1591771113707,110.668094077392,3244.32474830714,5329.32168378493
489.986822716793,1.9945836882415,6.38625285740971,7.51621869981861,68.9054295896387,39.2896601542856,2143.2891412769,993.691181199898
787.740996223881,2.2197324878882,10,21.7865548980105,94.1081823042754,131.022936987859,2955.53088032165,10621.2519465489
270.085966112482,1.70839984416068,7.08828097171529,3.7151441144954,63.5994991820051,69.2721614442158,1893.36859122548,5673.25844960732
369.480185371106,2.20316810742153,5.83199399343595,2.33627908324976,70.258178966628,41.0459020162028,1867.81389123386,818.964187695428
780.583538400196,2.69507114924737,10,25.9989976350827,94.5026131689859,143.087718865866,2221.7957826738,8088.03178461638
492.439730442158,1.73825872155937,8.44607777506332,6.1443061144525,74.1741566398673,80.1903331668499,1971.29808234826,5800.20978933884
523.95719447496,2.92134395994009,7.26472035525754,13.3638329242769,71.946568554099,66.5178538174171,2917.71237687639,1867.79849186652
380.307013234602,2.68426330974668,8.86798111156519,4.17374664865306,75.3097525730373,55.5684904781986,2498.96843673467,2856.98990241286
788.047589555744,2.94341452992714,9.86933140001819,28.059719295496,85.7229459403566,67.0701834963344,2777.32216649536,1209.39748501431
457.532937630457,1.68895355631518,9.31606819018567,4.82968603841852,81.6565376500304,94.8997317062527,2584.6957924982,6817.22893679431
514.46185387008,1.70890215733221,9.37857617421161,6.78609486913905,81.1776740323969,102.538062536752,3006.00463287077,7342.3242717721
437.372516220011,1.44823285019468,8.6268772906731,3.40060952826268,76.1621346431747,91.8269900966861,2259.29414653391,6063.16528190989
589.681808663274,2.58705271937341,9.18680888002151,13.5506374728304,76.4756380049724,118.925508641287,2144.47013454869,9488.12346302876
329.314350211292,2.30220776293453,9.69250031306164,2.29081793763121,79.6124039414942,111.479732063535,2294.03495025965,9971.09703438815
702.387126949657,1.7670981574871,8.27461566013517,13.6210776506017,74.100268524346,127.423441351751,2901.4809507629,7271.86836351439
511.029196196553,2.68671744831311,5.02502242949768,11.3235139662059,71.5083796563209,34.9255343215466,3052.62115814789,640.321276781736
393.250291702402,1.84294096477446,9.40123855241908,3.58771024403953,80.7222527791166,102.087281533768,2237.01913691735,8147.52621322509
417.757225778331,1.64463137763859,8.94748850742031,3.49812132170404,78.7887679849799,80.3066577120037,2112.71057237499,5097.99138612387
696.491117862419,2.13384399752902,8.95097227424475,17.5801264768725,82.9312552309742,94.2826229157293,2391.71790293542,6721.13231549026
346.650589178627,1.63645477264028,8.67245259944273,2,71.3909290104298,98.1777408355057,1828.8409779323,7639.88662220773
403.115837969794,1.89486548440987,7.45879478833122,4.43321769456854,65.2702866728177,70.0870050843185,2261.26826817858,4352.60275759784
311.531693498613,1.91180211580723,9.69665153101166,3.57268544339237,80.8476431419931,113.863920710039,2055.21880476988,10588.0835568897
771.382589761266,2.77779626177122,7.52663364599528,26.6313399928398,80.2893788571991,83.6829960107636,3570.92192561169,1973.72353424759
894.643490913764,2.68882311193983,8.79947349791544,32.895940340856,85.729215827915,136.714735476179,3136.03728066787,7886.62988009141
345.051639858614,2.15424936647335,4.77515627020623,2,72.0682254904899,42.2399970088825,2311.17716262757,547.955379522385
560.917119372566,2.58686258662858,8.95005350514127,13.5880206260549,74.333046916451,128.550364032015,2471.74254582794,10671.162159457
754.749521470358,2.32571845364363,8.94775654752272,21.1040566569091,87.8379512641863,76.7690491561493,3640.66251140637,1737.54546561901
686.746631293797,2.0112627826171,7.34581895650403,15.7683086800291,74.5405695676402,88.5798500141529,3256.7358311952,1543.72653162332
996.292974550311,2.45409351894511,10,34.509887335766,101.88699988598,116.536869244241,2480.04334289805,4163.08396357469
448.764776697744,2.47675102313234,10,6.74237559402428,72.0037971947657,83.0646274305802,2738.91980701875,4609.22914642989
679.435584896062,2.4286416632904,7.50369954992992,18.7266707812505,74.2587466677738,95.8163829947795,3382.33559895943,2857.30079555167
302.533557248631,2.35679148906431,10,3.75609927910981,68.409609347508,85.4137265636882,2568.05022636531,6936.33827019837
504.261447881931,2.41145958900497,8.84750102451152,10.1954225277724,77.122958452765,101.713352899018,2887.64417005357,5372.0550784616
851.923994282447,2.05407888772773,10,24.0002809244039,91.5548317691427,97.714283841963,2512.3080042745,875.931479451962
766.26273746616,2.80361372260155,7.86334937013572,26.7715285702072,80.7130966623083,101.241815684963,2997.8254136791,4016.17268480831
934.686946189849,1.53828329711864,10,19.8526781299924,96.2907842304388,159.491766977083,2230.07610394618,9414.76204930488
886.64251022602,2.54018228769399,10,28.5151341880996,101.106319356667,142.787389701825,2384.75482859974,8086.71688348055
740.064612787213,1.80016154405075,10,17.0077123555633,92.1961687474546,151.164439506201,2155.56289257145,8473.57938937868
667.154833304302,1.68754742341293,9.33114650627509,12.0946811531935,78.1783325472443,106.210233586673,2426.40410563904,8179.28616491876
770.243868484625,2.40004110401869,8.80090369927284,23.4957033430712,82.3906038288669,85.7169369687842,1991.6776627604,3920.70323521337
346.547999271509,2.04201508516211,8.24158588085816,2,75.1927216468293,43.762673048095,2463.72700778659,1596.30314284453
453.051980078808,2.64388640385058,8.52327464281009,7.50209367939997,76.6693969642649,64.5164518684863,2667.27843124935,3497.13902436406
531.662969558347,2.0598871886737,10,9.90630337132983,75.4487878916025,124.214202138122,2902.9814465838,9649.63830203675
548.995063877384,2.50284378834316,9.45188453539829,12.4725334739814,73.620612952551,135.774720576433,1597.80864622775,11285.1787756138
571.097822443037,1.88477697102055,9.19871091883516,9.74669905903764,84.4925636931824,85.8384045822905,3031.41795820342,5932.31716215717
450.313453269324,1.80500631906532,5.4877860648742,5.49503949396227,73.3885888388082,62.7794971695709,2315.90652739481,606.703904153464
633.629822991174,2.04666974343611,8.61864462942486,13.6188598502815,78.952146193228,83.3374827639706,3034.50900331122,2040.49293347652
875.77957623544,2.41021175190365,8.24626345613918,26.8014652662036,81.6344394286261,112.015493442927,3440.44382353082,4042.88632847892
588.910753135807,2.34324498952481,9.21855243404649,13.8550367579713,80.2202288868605,109.874593201737,2729.74639162816,6864.43883452245
356.880860855438,2.35423031327018,9.33824552523806,2,67.4970281714065,54.9158412481991,2486.06974825269,1326.03010385845
538.483945547972,2.71178428473894,9.89049552997943,13.1498816366958,82.4008771668021,143.605954114231,3020.40431667636,10876.9302858087
478.113443744688,2.48890510048152,9.7188195006534,7.3999856099181,72.5569861232759,80.913208518155,2376.1181892628,4515.92040612841
545.519234919061,2.69372766709412,10,13.0753372216413,86.5559598779053,124.13995640541,2915.24674445955,10538.4263971731
968.74657420601,1.48645135190831,10,19.9876270350508,99.4340573962806,156.963988701386,2209.37222627882,9085.73983032724
818.185970105443,1.59205939472022,8.73964266507287,16.4299276863012,79.6200049661796,149.519281180177,3566.61207089026,8809.80999767139
306.990395919756,1.84892998985891,8.85520517642002,3.02646739183593,72.1512637786476,101.235615705247,2158.93273603605,7173.91537760455
519.418369042065,1.65235437284871,10,7.33317780514287,74.9648666647639,106.36061645446,2618.60529694452,7394.62198757029
710.324090024691,2.21710570548689,10,19.3842974332059,81.8290682123804,112.409708505497,3323.72178497487,7518.03558737873
690.030461609084,2.16582521395339,9.83893294611255,17.642327008794,88.9292568854616,112.316211260015,2928.69555129372,7415.9352572814
556.69503676409,2.36257074966593,8.60102989894655,12.2425183361498,77.2147537166296,91.0931658564856,1835.10824863104,6591.01054538197
424.884506429658,2.41974878466157,9.81568127719523,5.54974769170162,84.1916610738693,122.66165143264,2803.33878188087,11350.5542033118
412.781032020091,2.95699455031848,8.35558991835638,5.90787027226583,69.6237407609141,102.345334403169,2541.94508110307,8555.19624168266
847.295776796367,2.81738803715872,8.97797771297013,29.3214256945729,81.4818572772039,148.707525639348,3400.80549746358,9046.41027231773
599.955003395947,1.67755085936337,8.65706937637255,9.65573516650839,71.4812157063134,118.85171227506,2926.85126557468,10097.0909659204
857.671236067751,1.93569063263433,10,22.7571105173437,91.4073147944371,97.4559973117266,2439.23519185484,2872.03738998434
877.705972025045,1.8502547882413,10,20.826936629531,92.9873057974858,89.3986239893734,2059.21760286558,1421.84575004567
545.727071784026,1.69683130883469,9.27072848182841,8.15344002466759,81.9697376138216,93.6061285514009,2263.17379619934,5811.83880258459
477.244775391265,2.19824221412398,8.86783092461908,7.00516703875735,78.6628520162178,86.7018034086599,2494.37735341127,6154.88765181201
706.476491823603,2.18045704146179,10,17.0546139076415,89.8373185737719,113.572311081268,2995.72540983991,9620.9995794491
547.466162169618,1.84086724183209,8.65531258471932,8.06739113509475,72.8158367505071,86.7377256688439,1781.62136445228,5381.61937210569
797.345064982263,2.42277578049131,9.75658991107394,24.1697737347845,87.9392014558511,111.246873444951,3363.68515605901,6779.38328098744
782.848229707218,2.39474306920654,10,22.8790124442012,93.424942039289,124.28219911315,1869.36033305707,6297.78032364804
334.000141823789,1.52207462170077,6.1511902753703,2,71.6831795377233,32.9565582599314,2494.29059710195,920.230621331302
641.289068545041,1.96684306687185,9.46367062103592,13.3816826109531,81.598499199126,115.185865596717,3029.50980346002,7267.36386256605
666.324507824034,2.83521096180243,8.89369936786912,21.7146260947765,74.7102737415707,134.517458249336,2675.85805572712,9608.47614351677
700.200638753881,2.21683815376602,10,18.2696881090672,88.0550445905221,94.911226068627,1889.04205901166,2232.50602883384
373.808388472966,2.02144170215849,7.82627168908955,3.09782153094438,66.1743899367183,86.6367295526991,2555.0455334047,7037.64907319255
669.741792810664,1.8805142273927,9.18599327595538,13.9075787252474,75.6137698795487,108.208954535474,2311.87575825586,7029.71598891056
547.117963203806,1.86503177987742,7.89240481362114,8.64348159430422,72.4062625930991,64.9099687594372,2167.79926827627,2306.03460461995
314.322965655128,1.64965205077621,7.74297650156272,2.99772780287407,67.8561843743002,60.2656202232208,1544.68465720563,1858.0993110381
465.897447946573,2.72583962863964,8.58868215120678,7.38041984446823,69.6715494337835,123.190099312588,2936.82223516536,11280.5713727413
764.574494970665,1.53155713807493,10,13.8814047015121,91.5747490606126,117.057995719343,2303.12195349777,4830.91086618341
972.642078488488,1.93844214879272,8.00732665059508,26.5162029120551,85.1167352904363,109.431799372314,3040.43405300933,3001.63901595882
549.781155570118,1.56851360784953,7.66434209978403,7.72050564614049,74.8663635305715,61.7908056324959,1947.20687919737,2384.56998899812
898.141301078769,2.67207985458555,8.736204996073,30.6468903906302,84.0772909833983,139.23823352382,3467.46581549949,7843.61884941559
409.434246164773,1.48405658412962,9.08932430956298,3.33462766455547,78.1307915213825,86.2700557337855,2176.91665012636,7203.89827060007
680.486782265827,1.90047846809077,10,14.6626071308456,80.9119262571289,105.369842668853,3383.63777264016,7579.07335286159
660.477655241836,2.33684900659965,8.59429344835941,16.7000399274055,84.9753210260863,53.2673702898466,3113.33905479802,1468.06630262597
966.428597989458,2.11434204044017,9.17378806974745,27.9313010674138,87.8649060970931,163.884893733748,3022.50021467532,10328.8804184828
661.83757460172,1.92340660087365,7.72332653117431,13.7526854720709,75.0026550348775,106.491680096155,3326.25675030755,4781.93036489953
523.750348808726,1.86245108658073,8.85550200481076,7.57332854974522,78.5042670640177,61.9686436876774,2567.63860079621,3947.06347073394
639.577701369815,2.57115529203355,9.09530687292082,16.4390713398088,81.932624040503,100.07936403239,2861.05829581943,5585.97591972513
638.065560032086,2.783652337421,10,18.0670405126594,86.9850495890499,111.695695476878,2100.59876918335,4790.72672322391
393.711423502119,2.02206160567319,8.31028838999383,3.72869797500932,66.9421809250034,108.650865267969,2501.17471381389,9999.34703453061
771.073301533098,1.44730243177711,10,14.0431311705205,90.6153941858372,139.884933763279,2990.46102488694,10721.8707271768
402.577071811895,1.55484866686366,7.40957709478493,2.91932310734825,66.7401788642321,63.2220271784377,2250.34653738689,3837.98538094567
594.891674218221,2.63882012281608,8.467371455565,15.3236567081196,75.4142870583496,123.445807528624,2760.77909276983,10003.2938820595
328.41953053991,2.32855473241369,9.0159858238428,2.8689703991214,68.1758104108911,106.600298873014,1736.83383963866,9096.75442486374
658.914888070446,2.675388986126,9.5760490767832,18.557872817588,78.1962801156723,129.607497743316,2143.33347591574,10738.8843957924
853.355682686894,2.54624551543286,7.83292989171864,26.8562690071775,81.3321043777255,97.6798397024551,3346.40772145465,3203.25343404477
825.188886996244,2.86125952389809,8.41070189218005,31.2532476226265,83.0518628362099,135.630885681371,3334.61386073184,6846.55065133077
589.796590519753,2.82873643656994,7.29407601924226,16.1798288832212,72.3777576648301,69.1432004276509,2758.01016237227,3519.99043214489
364.825200245564,2.468673318546,9.37157950970273,3.17915807948941,73.6520369980792,123.656346920232,2371.98835535531,9565.03939532812
958.399580672365,2.19733391536818,10,29.4683423799601,98.405835471457,95.1845068517869,2156.6674925918,558.566096281707
491.934143897814,1.96218961140578,8.07010680095953,7.62799881203282,69.4052726503073,88.048427125674,2291.64539937759,6713.01079175036
740.648625654871,2.26054018116696,7.86663578108177,20.4369357890121,76.7811148567342,86.88336100714,3215.86177189014,4231.2377439911
960.667658252917,2.13905734503594,10,27.4855153567721,97.7784158393328,122.387050763083,2067.15016526581,4049.52077785602
771.717967144405,2.18613113260539,10,21.4867719016443,92.3940689503033,137.58080374355,1779.67457523559,7593.96956251409
707.113664036536,1.66212206405845,10,13.3392153492886,87.9973613538702,134.315466269126,2761.16705132845,9866.32894245393
386.09278096659,2.48342982066748,7.8031978738158,3.02625833393228,65.9995323533241,87.0456520498326,2154.24781097066,7201.14930532659
547.825789601634,2.18490138630872,8.50401786438316,9.8445214963391,70.1568827709058,124.46108997127,2587.5308455194,9884.90276511395
618.314559222524,2.43030724791129,8.61669918043225,15.8477257895662,77.8307097864727,67.8922619927051,1904.44041454848,3410.56823069133
370.523316791864,1.78237173974967,9.13329328454518,2.4740722825006,79.2312968747044,91.1733765749023,2052.53685166241,6214.52040241479
477.382107214335,2.15159234081603,7.91607432699254,7.66825255268693,68.8757202634283,87.3477263069927,2360.87912403381,5455.90192973784
395.672381350936,1.81530182167878,5.13273060957407,3.78620329105781,69.7236063810507,42.4648136259161,1422.99719818363,628.093894534058
394.172919762957,2.8129577351352,7.70314162050811,4.4109614404716,66.8718916736219,90.0404490878563,2257.26496423853,6624.93357454814
385.147792126017,2.08729747763772,8.88417643120778,3.32576384659718,74.3240711125774,105.699598544602,2567.68270469814,7776.76756560792
311.008057833559,1.75158796033023,9.02547527105859,2.88016941573846,76.2413974632385,85.7606515347127,2089.56013378015,7011.05844860977
324.160288807485,1.56181304361232,7.90696600040833,2.59585303074658,65.8814419683058,100.3221102678,2391.63673448257,8599.07888661764
568.186011862063,2.51360799698031,8.63254297530988,12.5207652344896,72.8094707065701,98.2711224080732,1675.29347103605,6784.73481298385
540.780483888673,1.80697528455137,8.60267225761325,9.45015246386178,80.1194041388409,51.0286805654223,2267.66157955116,1234.25280335833
800.598838214426,2.91793738007451,10,27.9503949401919,93.0861360701283,93.4405779633449,2114.86236578664,1780.90076493183
423.843439223301,2.2328643332969,10,5.64012683472881,72.9025473799955,88.5876092247836,2431.1748458693,7061.22035298348
889.806420214965,1.93346549437205,7.67622882664771,23.5547154925747,81.3258800573113,102.840276229,3001.58661309879,3524.77111171004
652.131643410173,2.48651615068895,8.01472102604175,18.5541073705585,80.1823673995465,54.779066915724,1940.31510979223,1376.09641938242
775.288738945883,1.91282988515713,7.93597151824775,17.3463871278327,79.61054901971,121.528789588405,2681.6544664586,5225.63017793401
952.46803538967,2.50523616434532,10,31.2069156858824,102.298758136027,129.282033962087,2586.60425443943,6597.54857892021
622.011608317774,1.90850438724893,8.98875378570098,11.2609605172285,83.2686464092043,67.0185809003023,2613.31697324309,4116.20587184567
656.519637629316,2.87768077803818,10,20.8852955586609,80.5231714136375,116.425243325182,2585.217649963,8424.77072448356
347.068971278629,2.40771717816794,7.78191470708381,2.2849527295634,65.6029550229634,90.6411087831098,2568.27762789263,7581.47668911369
300.305817577794,2.68987073913455,8.8093666985133,5.69631840522892,77.2945801706602,72.9861900739474,1849.62187989496,4161.00197200839
732.687806051055,1.491165255279,9.83664126547297,12.8470234908345,87.1864157882583,129.570811130846,2849.67802796862,8803.59781799417
711.212192289904,1.89375992188319,9.57567544672811,14.8250579958761,85.0978341654326,115.56776430123,2763.23067193941,7635.64546786339
693.117160814991,2.60623062924922,8.22224377767856,19.236961688638,76.6274904029846,131.571571710663,2692.53785365392,7511.89916589692
780.936797234707,2.48258852601087,8.55364246385165,22.3231809645303,81.4844150884236,123.430370141975,2660.117795902,6587.70470865775
630.669654194291,1.78203038313578,6.92515469341109,12.1328231623692,77.4715751438121,65.9524326284437,3295.38640373593,625.286348974081
860.844342887491,1.8267651948496,10,21.7091106380129,98.6862185119982,148.264647893853,2408.8640399904,8161.57901824578
551.122617182995,1.89516511123131,7.46560562895134,10.0574442462457,71.1141261999686,81.3578866001845,2567.92426208536,4636.45970220072
370.134080817714,2.31045995868053,10,2.58517634186426,71.5916626059475,126.129991720498,2331.39203505846,10868.7068117452
514.969873892559,1.88914750615,9.86309936881545,7.13356600195065,84.8768984007394,122.36398185234,2639.40149515314,9497.83248184926
638.88976717057,1.79263591719912,10,11.4585043375733,90.675392470409,128.446571530261,1939.22462663995,6964.63916484443
386.35833695352,1.81106697065451,7.04072796849902,2.89020374711188,64.9120099077279,66.5173269123948,2581.58963231613,3274.00180001196
655.287605955697,2.11354068137197,7.35639130045499,16.1075371891618,75.9464296012451,80.9420529185457,2866.92193072093,2740.89132605433
749.136532555063,1.72982898777887,8.97814237434576,14.9107825969444,87.6122107654074,98.0963545765541,2734.84296132103,4244.23321445304
434.465398890038,2.94385438106645,7.63035385595258,6.40977815027586,68.2888928050874,79.487371346061,2162.18421945722,5742.2473793802
724.901130401177,1.70464558755532,10,15.1184867771238,79.7064415263415,72.6041289066871,3386.44058745478,3756.72061042842
329.952350501682,2.79624432429477,10,3.63402722443509,69.5364160730511,85.8709126001643,1947.46040616396,6164.22444931731
413.72905523646,2.1095822892957,8.55481780857125,4.02107042817371,76.0749738059775,53.1989178541161,2743.88417352325,2319.07468064505
429.68999761059,1.91172236161107,10,5.2347387198314,86.3337353629112,126.40209705586,2643.67718345571,11254.8409410805
493.345747319394,1.8339956641241,9.42309688953541,6.16589011093233,70.7116729228155,50.7785571444849,2539.25397235469,1687.17010461493
931.003230339141,2.45363450155128,9.60836167907658,32.928261000318,86.2547641730926,160.210307223148,3117.81491250985,10751.3855361981
493.278936865746,2.52829202251625,9.21857475116265,8.58785822032577,76.0648980246305,118.292892045683,1765.26772379189,10549.3581254296
402.326764823164,2.08617110403748,9.00918793062496,3.0682209461978,74.192637675246,93.6484283760848,2408.38135464473,6278.96530001448
332.495130169384,1.4717344191908,8.95731352629275,2,76.2325253896074,111.614276112762,2370.91569749129,8474.01299019693
677.822111923441,2.87776522603282,8.05919887997169,20.3361447363971,75.3382642744434,113.709352308356,3132.96125751298,5296.53127769847
916.016522086342,2.97049369931457,8.70287261483494,36.2368138605317,89.5963242675639,137.128669507994,3358.16099160283,7430.38035296682
805.681046862822,2.14656512281775,7.98259847591818,22.1523576262571,81.4067963915289,104.456509726343,3004.74325941394,4246.33531163231
663.090561000008,2.35896637130413,9.08233733397495,16.7363805020644,87.3265769369992,82.7682069322523,3219.48037321404,3812.7492176399
641.143560881849,2.07594980113557,9.56932784204885,14.6119844396944,89.6555634387913,96.289013498329,3206.09114360169,6860.52764786465
367.681230880129,1.98281947632918,8.55671703833385,2.09000299128518,68.7533613665661,74.4022741920495,1936.57203157381,5979.42641602378
300.010776967294,1.61597818928671,7.67290747615669,2.20547981667854,64.4102698687006,93.9261135325423,2246.1823929164,6874.90006064979
514.369705401947,2.18410159559595,7.29274662469224,10.0685928490264,71.1762081756069,70.4117126039565,2266.78091988453,3653.26639415725
660.634146742709,2.64508516179415,9.23561586671818,19.8968634219385,86.6316015906081,90.5079680135868,2498.64485161083,4536.53614998695
489.015383437155,1.52554719163201,7.42443434538241,4.88785102210886,69.654740812577,49.568120606164,1748.46575095461,1422.877566918
677.097792166494,2.37316152477033,7.00985780883438,17.5403373475873,76.5759067877463,80.6250441233739,3214.50681791895,1075.04009499426
306.049010849226,2.82115816309003,7.86509109060941,4.84534140250902,65.5680104690236,51.1882611248259,1659.89629099149,3288.02842640318
750.854932311611,1.82632414502154,7.39695123689375,15.7995985228709,78.8206313688125,86.4950048548676,3201.7862998157,1316.715452636
603.688909434891,1.7384649165787,10,10.616163882469,83.6146085659012,80.2482877666701,2047.83999395603,1641.52179498215
692.029048441481,2.34464845536689,10,18.7216354366931,93.619512031661,144.619249721409,1658.00069966085,9442.21245933331
509.750370105669,1.8709873310615,8.35728060494973,7.15690750632784,76.5445822806894,45.6019554156116,2916.25663856695,927.610667183582
692.495517859184,1.78797640134097,8.34924952628724,13.4033970719114,71.3951658432254,130.807773483374,2808.7640760637,7748.37073328217
352.138878915773,2.01877994831804,8.61304274632955,2.11300607933169,74.5160583889421,58.9454857282867,1964.07680973235,3498.13523696941
963.753102501558,2.08875301840533,9.22466662898373,27.9235529091602,86.0917208503788,172.416248427039,3847.00445792632,10087.0024877894
592.735014511445,2.81115159452485,8.79452285217939,15.7729968963618,76.1893362222544,100.344349433679,2294.52462740393,5834.91513035249
767.227843381391,2.34954818015677,9.02378265521897,23.016869533238,87.1825949557828,98.1186045179488,3424.48869721579,3861.34105260608
472.91308189284,2.10894218450938,8.70627321399449,7.31824216759239,71.8476774250216,92.931259878925,1962.71639230223,6194.02829258378
638.572468664581,2.21140715090011,8.53571060950839,14.3882434315081,80.7384986122254,97.9141206869715,3206.92157785654,4701.53820949796
402.345837310895,2.79988931105702,9.33902320254918,6.18313997091991,81.6180267508938,93.4163220366403,2439.58926506005,6707.31171136813
866.419111047979,1.66982201491484,7.33310443071577,19.2489197843021,81.5011624119764,93.3001297501953,3552.18686089732,1759.86155158983
364.792865004992,1.63846393610317,9.72948163467624,2,75.708443863048,151.309382005823,2189.23479195293,11466.8955309381
301.040319588143,2.84211219746089,9.02230672745183,4.71160174927065,78.8417099480784,70.2838797142659,2032.10880054098,5181.11465466389
765.765900704789,2.93598727279081,8.76551694895954,27.8274657338634,85.0528793108994,84.222957719663,2369.96523781739,4330.53703678106
844.213031661323,1.76574813189716,8.75778344323539,18.6896235034276,81.8127790341931,141.07883836315,3568.33360543246,8312.30833147891
574.429231973714,1.71766322568795,7.61135121535746,9.15304585390729,73.3860202593744,73.4709003872721,2682.26391311493,4502.89347144866
733.532609480829,1.87407332203482,10,16.8431685016148,95.3293223286208,147.506465998567,1923.65513976901,9666.01735531633
764.725124206615,1.57457743873195,8.30377979100501,14.6883356856611,76.5435669804936,118.316191453901,3566.90844052784,5496.97796796468
760.262000709213,2.22123812735411,10,20.6666393230131,95.7552958993023,146.052009041311,2142.32601944075,8415.14254591978
882.416393583267,1.58226279706066,10,18.7311899005545,92.1660472903597,96.6609831013432,2631.95233238136,1681.98538086075
582.904317093087,1.45733912009618,9.68147896347934,7.54678684605847,81.2809581107142,135.301425585538,3063.76664449173,9807.31104110623
762.677453549559,2.22778040431327,9.3663135096428,20.6180385738428,81.5746232676908,121.430007824536,2316.43045060971,8592.89785455921
312.72045056622,2.93667995416515,7.53424309228754,4.54982188023214,67.0093382132909,53.9567731491539,1370.52687254372,2828.88456308162
883.278375189015,2.08406341023802,10,25.1577919152419,94.3033424005826,94.1857229590592,2081.74749605238,2098.14610720365
465.163844683277,1.9807444249133,9.09232412772246,6.6521455025189,77.0302848821298,68.7947292666912,2444.83911489875,3979.21583598187
390.116825909231,2.85661886724352,10,4.43974359192843,72.508919681766,121.568555246779,2531.24879114321,11236.7764463509
555.19781126005,2.29795344116877,8.19620950233626,12.6821157957232,74.8191905580872,60.790139235136,1863.9808535145,3325.14732023765
552.531892089998,1.98698455060013,9.24117302150939,9.21167586601559,81.7509152895343,78.8885425473212,2995.38614072657,5517.39929841297
368.505514344214,2.06728549195847,6.16116504768531,2,75.1461716879143,46.9009492814406,2498.53816526262,830.222482890699
400.948028066445,1.73425065763058,8.88196634268278,2.9323464620312,77.5312879401586,80.4617241307092,2291.55482419815,4869.50282522856
504.082332450777,2.20421141220609,10,7.98597535028493,71.4227448606706,97.8398639966913,2837.70497507252,6784.52016976413
504.405706196158,1.96072107891402,9.90158211751891,8.07473925185798,79.5458016154073,143.793995764929,2386.54162785289,10984.3707375876
761.14534886689,1.90619294452112,8.19969537554175,16.9040658200488,76.9537007124146,118.500730671159,2669.97534390906,6184.09649434071
659.418060603992,1.53386739609371,10,10.4150046527744,90.6549180224505,148.136562876215,1810.51885029831,9510.18058795457
302.18683955049,1.96685830300133,8.4255045832947,3.00966836676389,70.3854342828957,76.9753035460211,1371.5461307113,6518.40406825791
785.11753121401,2.24513511613746,8.42966959640473,22.3268921634536,84.5772607524622,78.7004521787615,3495.31734140913,948.635147790699
771.749614851964,1.56127248491717,10,15.5695936275003,83.9271658197435,81.6382318872365,3236.16390883156,3965.09102708751
541.825189588068,1.63210008162278,9.00517003328086,8.03498548441649,80.1938990956885,103.089587909863,2701.48272900258,6831.04458614214
598.268113646252,2.92148590045364,8.79612683742143,16.4988868967406,73.7584255407277,126.579026474119,2947.66138504063,10956.5336252424
636.827165391122,2.12238202309641,9.6439996667077,14.544163888723,83.5980781945078,143.699479925311,2956.54980439046,9950.43395726357
274.10013816264,1.59517395549006,6.88995102886798,2.99429780139376,64.3816381282448,53.1524488360105,2236.70450034731,3011.91175596732
647.087279633051,2.4468967307904,10,16.12018626641,87.0735528069061,98.8820468168001,2131.66249339926,2921.2081302108
966.444337547855,1.53869365872714,10,21.4443527584097,94.9962473886685,104.220924480241,2289.8958436112,2712.90263825291
615.026101074814,2.42316491835582,10,14.7745841433845,90.4686509383985,124.519668050116,3054.65429468104,10647.4878593275
945.114269330073,2.62494408258004,9.26619034282145,32.9896141431618,88.4939489352429,152.675761238354,3762.75233444637,9879.32768411893
749.134824816922,2.29038258027367,9.8168069436779,20.0887281548644,91.3484289583603,130.67010215229,2787.5845732733,9023.71775478244
806.779703948835,2.59830681692902,8.14820777132069,25.5916039326317,81.5209704117074,111.943718841584,3105.9572175695,4820.0862564665
619.410380630677,1.50856952202852,10,9.30094276824783,86.9836931210006,119.750745937445,2142.04894467146,6048.18774728643
315.898122114063,2.5901708285329,7.25473541893923,3.76705094379703,66.5350010350441,76.5420597927955,2489.81666046028,5607.64919274668
273.300181555852,1.70503247958582,6.67232044972692,3.69971347465012,60.5820734793562,56.329374703813,1811.5796053836,3287.3791831531
675.495938279403,1.85717533247653,10,15.0516484877267,90.0561322663928,119.207132160708,1772.34045527478,6055.30850763644
505.266463227938,2.91411788025095,7.02415647384234,11.6538619774746,72.1260042149378,43.7503238794948,1884.11722612649,835.462026380299
359.098405257493,2.21768224027416,8.19951549047077,2.76907231207739,70.0226650238938,59.5381550037594,1938.8410616952,1949.91410847205
383.366623902672,2.74942953731372,9.96839511187393,4.67228946490322,80.933082434922,119.46898443218,2200.53194399855,10252.4855578584
522.91089103584,1.63338368833011,8.98740800367128,7.2235206429145,72.4501628295605,102.980634438549,1749.19787402872,8768.47743734566
470.085475194245,2.21633489934477,8.61375146907169,7.11681193377885,69.4480632050009,87.8785710192895,1690.39140104445,5151.55249964996
533.829062094021,1.59360348041531,8.62587697807644,6.5210774704756,74.6290287331683,93.0994875875549,1860.94913872774,6188.65398512265
514.586013879531,2.44531539359893,8.4500154440398,10.5028813544196,73.3841208494731,69.2736401402099,2031.53675554859,4569.98774555975
622.239012989942,1.61806050205277,9.03939360896689,9.89573754130085,75.5992668243193,113.594330729505,1939.45429698902,8648.5785387674
768.594774437927,1.69601122956527,10,15.1385009599964,82.2880685433138,130.253211624221,3135.50279149776,9126.05897155287
687.752518455485,1.88824546510392,8.43868619327239,14.4904623944956,77.618460869364,129.433942258291,2964.45302710953,8896.13709223475
349.630074654597,2.4384324919189,9.29788799199328,2.40999271382961,74.4051912365642,114.380235535698,2531.76636637644,8448.72897317895
948.482138881816,1.74594317822711,7.9023996928795,24.2176934409879,83.8494507720431,100.068497651306,3390.48372389101,2749.54772562075
553.198352326229,2.7699480799396,8.30478685588265,13.21688866099,74.5292857881214,78.2219683034957,1750.61977667927,4217.66977164527
918.241758248955,1.6978559082462,7.91513968185354,21.0333193139265,83.4127496083202,127.766178126424,3835.56676450928,5668.29978482042
407.710951803641,1.55286667360523,8.17564824656164,3.50472229562203,70.5217750107162,68.5434162490243,1941.97924456272,4138.72290570421
714.431286583776,1.93903741275974,9.70056971876421,15.4439078877424,83.2255765065557,121.764627869011,3098.9653182176,8804.34220174162
973.346318467444,2.96916246295694,8.00948167148315,39.5661074832205,89.518877678851,114.087423125283,3058.38019870926,4122.8887667495
472.419055441271,1.66551334168317,6.83397508880916,5.11589857375324,68.8706934115958,59.081843011631,2137.251588274,2020.55295463871
287.057657515831,1.65257766605944,7.03991340318052,3.87046634498155,62.8438452561146,72.1409865665556,1962.02362927522,4889.44497253135
747.647407078169,2.62674976619344,9.81816213051249,22.4440535545007,85.778773244792,139.170284259138,1962.54407607479,11279.0587606062
696.243863685036,1.91928750150536,8.68324077035406,14.8824880945089,79.2456964619671,81.7148198647458,2659.55344334463,2984.69554226933
512.807221780071,2.57592242583858,8.09703295511622,10.739148327381,68.0456880466921,101.628169544256,2374.41073114957,7233.74524837552
318.364094452958,1.72107463432773,8.7039328018836,2.94103629444838,69.666291597696,73.3704319715072,2139.28691427961,5262.70354823677
699.481262628486,2.17140052329252,8.66019078544792,18.0253657272881,83.9801784667368,66.8741044250342,3268.77379806433,1281.27024414259
368.975505234179,1.85154104423817,9.88624589061807,2.09412341182453,68.6210145005991,73.7759658863572,2456.66247874116,5866.64266597865
688.954470478755,1.95347190756049,10,16.0289235106194,93.7687019739694,139.988185182191,1675.46999966564,8223.80761513144
588.567417434629,2.54492719703472,9.44097511691947,13.516703005604,82.6099220436706,88.9758210847473,3167.57870359044,6145.41973410601
432.490386458442,2.53186328535128,10,5.53668768293598,72.5962465371734,120.685330692102,2693.44183241995,10093.1667012124
481.471872209172,2.27365843151059,7.33744039559025,9.05879777368324,67.9703032429118,59.4701138090711,2294.12275398199,3678.30718323341
462.824656694679,2.89255776558158,6.92352329346425,8.86615231074362,71.0597667092367,50.9548632579151,2239.03349850829,1448.74088434361
687.852359304642,1.89567615367241,8.89324031477624,14.1491027097655,77.4853897368602,159.903642057021,2543.46596365333,10802.2217282381
479.605102857027,1.86046702667885,7.63393181703663,6.32403085999344,69.6476099404545,76.3568611977435,2797.64892481759,4660.15984481041
761.977454912465,2.42070960176315,8.93633627507476,23.0621465574734,80.9054244860238,100.524107030785,2030.57092680893,6840.46106598997
380.554952592917,2.28259111101072,9.49942402878604,3.94481049897401,80.3758620924502,103.84764743881,2057.21702801519,9212.03438743216
598.531010471444,1.54320537434343,10,9.68900916796761,76.129322906865,78.718289830064,2692.07273664071,4067.45030263139
769.652880177843,2.41166656858035,8.50924960087378,22.4829138213076,79.5585024391107,125.509485793515,3281.19141894738,8377.80991995372
529.805835886802,2.03430835324339,8.53033811295531,9.85138926639256,77.8992114865787,50.901828234382,2462.41776831189,1989.60734799611
443.500089539485,2.62116378798084,8.32502554725592,7.20989158349066,71.8851553210173,65.5146254717294,1751.05706594651,3704.23121926056
741.652254539078,2.64124175627338,10,23.6735482285989,87.2696090519666,86.8416783342608,1803.85001916284,2091.81699750172
260.119138143295,2.32823072932055,8.08650643890312,6.25052721804393,65.1886433722722,96.6718575552913,2069.28358178717,9423.53614241494
992.620695166888,1.44716686037579,10,20.0534188979247,95.6838375629812,107.89190027665,2216.95726487021,2949.14158749464
612.399961036374,2.45454871524996,9.07626023698957,14.3176882805398,77.8019756930777,106.472039763581,1990.60107518414,8391.43910945731
550.352795246943,2.50443862806932,10,11.9843632274657,75.7889412231969,123.774449539269,2607.19858561419,10876.2823697022
491.857674750163,1.82425329393655,10,7.03418908916896,72.5284727316695,90.4614446718287,2226.29862754477,6305.49429975765
438.78109558841,2.19696900171118,7.56480938481944,5.1816781032384,68.7287814388428,85.513301286255,2184.28622627978,6440.32111486756
383.037099550531,2.94858993511768,7.42861916081225,3.36737915895507,68.3364954283001,72.9251851725959,2168.78174028534,5571.36924907593
479.953963746837,1.94717333009116,8.20735164217698,6.37495816431421,72.7234466544472,76.2544498875583,1577.85045270297,4084.79157733007
531.973270861007,1.76461622058788,9.37918453161019,7.14292633059402,79.3303579678711,87.4577075160762,2418.79174349756,5732.20534017409
710.393213468476,1.65438599199386,10,13.7930493204974,91.4325464627914,126.140046929359,1744.54695000598,7130.88285493435
390.024949983393,2.161341153969,9.70981340127964,2.98944288772392,81.7198161826772,128.326397299394,2246.43870364469,11345.9072938773
844.812064363103,2.92468065196201,9.33842463824213,31.0499648937625,84.9920916780047,164.849596240356,2934.18673094311,10815.4101525005
721.38271807515,2.21227704933631,10,18.8499163790355,87.6807176086665,151.935810862984,3439.10324815299,9983.68254122434
376.414088862946,1.82099738250502,9.78973413790412,2.94720451148999,80.9706726451761,117.941211710297,2602.24218425741,10280.4358927534
316.367170302109,2.40003014368975,10,2.47293570081273,69.6040993803719,69.5296826744399,2090.36804927527,5646.34101621247
423.405872577018,2.43726344639668,8.74240281193788,4.92246882834002,69.7079504557761,98.0194163545145,1704.11729144176,7731.88759895211
991.888257381524,2.08561215491954,10,30.3026933058573,105.960686733767,160.59264333796,2673.25701020947,10345.7339522984
714.37903687167,1.66924825198408,8.90118544091087,13.739950033245,83.3231675280981,95.90431601888,2989.66629946981,4822.45841490488
597.933026764298,2.45185019901749,9.68145413473095,15.2264405647877,79.4842829643465,141.85486134281,2236.92092312544,11079.3872618002
764.624457621568,2.14524667877175,8.78546855915992,19.1031413861728,80.3430462140711,90.892931850966,2539.58607238956,5073.64668276101
778.111646734898,1.3920605687912,10,12.9969967969525,91.6998004550246,133.815542044743,2385.49913383389,7111.90931932537
791.640301287587,2.18172537835177,10,20.859757213774,93.8896973944165,113.986723179814,2936.02781357183,8307.85184599609
353.705715791749,2.98390011782763,8.51525502825084,2,66.6791067056511,106.182117432216,1950.18861746806,10956.5121438353
734.107012330579,2.02460938626598,7.7572338587052,18.2695761899825,79.9705060786454,88.3182238837842,2627.99062525676,3190.77901457493
873.316870401454,2.94833882747799,9.13564101074914,36.1730231673712,86.9946114439657,145.745293492381,3369.91835948492,8707.44076062506
489.07698397518,1.64430861249389,8.46779279339595,6.69898824618007,76.3715186382565,91.5139014989147,1932.72044394268,6228.9714475849
613.182770988129,2.59867517380096,8.29312497390671,17.1205669625545,75.4272032484249,68.5609984987148,1839.15922086156,3454.12854682705
452.497759151343,1.67149499199425,9.04844218961017,5.28629801292634,70.7540053682482,110.738515855084,1677.64411227286,9042.6752377603
466.271389893297,1.91035736033291,7.9609561978465,6.2823743841889,72.1763788128385,86.9467660221986,2739.34967319271,6574.44508191231
437.873130292518,2.20367935583606,9.15001691101563,6.4434030029312,78.4378707863616,109.320001735523,2334.62154524012,7770.71202714643
325.486034409445,2.32463151332387,8.56461816361268,2.34051694911402,75.6103560037093,62.5746840793243,2345.61557885806,4051.91175435691
756.067950961592,2.66281697585126,8.98075121759526,23.5753066550351,82.6098135124317,96.7571012042112,2402.51519754152,5794.01347010365
741.602600936731,2.34936043142398,10,21.2023767398999,87.0463756283975,104.124765269497,2965.05690129338,7290.89676086874
785.399074636336,2.31147408201479,9.55719820204789,23.5405140615374,89.1073738122986,97.3246620652697,2783.17692601518,4954.01895696828
500.784511677492,2.86852963048371,7.44035440095997,11.6384609286088,70.7151035607633,64.0160277968381,2863.58497139871,2682.09793832471
488.952412207356,2.17824112831374,8.59096648130477,8.67778240105825,68.6466650009571,135.447756711816,2189.1768897528,11078.0454154683
579.501535037415,1.7440717517882,8.90446041917388,9.5506801578928,78.0612267440091,105.159822912396,3069.01808793801,6126.14294046879
650.376966541009,1.55592992091931,10,11.1826508246955,90.4031664473322,130.824854698548,2161.31761682907,8573.1240731647
394.617655474635,2.09999189521425,8.08313504282597,4.548539426676,71.2339078777523,75.7955658487514,1806.08606927816,5021.51912911664
351.314391035388,2.56912913279054,7.4116039722079,2,66.2323539635553,69.6586644433264,2381.7777017983,4406.44940428288
745.078181286697,1.51190899643728,9.38305222835694,14.2559529911405,89.488601728265,90.420610608294,2954.18009289845,4978.80728313838
386.484762301538,1.62299782834144,8.61392551706359,2.50644546734477,71.6997605445394,81.243328331282,2616.05450752852,5001.16308164215
761.436587243945,1.56949230027224,9.49060226698568,14.9749947453096,85.2944999414942,119.521654306909,2810.33397602497,6485.98127536149
432.975006567996,2.37787522957719,7.74886749632932,6.6190651805413,66.4413825102474,102.035898650288,2512.71322429508,6478.16856979499
500.449372415575,1.8642969757969,7.96632818086989,7.08702157190456,67.5910861164947,82.8052501410977,2208.99423832135,5968.69197471159
355.122243340283,1.74938914245209,7.47818813245597,2,67.4657603763861,54.5895847590349,1905.09097896966,1982.64363409182
434.516774387955,2.29427743135262,9.22780043715508,5.87529161213711,78.2262543093163,77.1679724830302,2825.98664005527,5956.83026350584
985.481512863499,2.64196487317857,7.6678638286277,34.7117106082022,87.6975924870219,95.9284703372797,3755.42479938933,2360.14290462717
343.152481425406,1.998232374679,6.67685922369123,2,63.7083761547277,47.7496869976502,2228.02150306094,1887.49364925342
448.260860195573,2.2611814976703,10,5.80037312776992,73.6950262275822,122.683598169891,2204.45556086577,10759.1028907528
398.79869242054,1.5489806652138,8.77403071299099,3.35024830022646,76.6147487007846,104.36824430221,2382.52708831818,7154.45014462475
651.629466122732,2.62141978546185,10,17.3831283745571,92.0025648127457,133.498414458058,2128.71112805154,7754.39063937043
416.628820726999,1.96423697316383,9.79111650801269,4.12580577593069,73.0936500927143,69.3177314967545,2537.9832831692,4919.730373667
621.163445975399,2.86518733714131,10,19.2041358916399,81.0759101138193,118.557737361105,2806.6833672333,10498.7898110635
409.378706726247,2.96788163377467,7.79817088512212,7.02535172959159,67.1783025182023,92.6838006366774,2698.87868292344,7517.23538537632
576.877918168949,2.5686114044449,10,14.7952844596092,78.3724999038278,118.447671961171,2587.49713567997,8960.86856475946
361.182414383012,1.48364487843513,8.79190617891975,2,77.9838736366465,72.5379578434365,2583.97075371323,4554.18715930485
701.05822358145,2.31521238057655,9.69808473885938,17.6506945906768,79.0864478383258,143.087668055949,2122.00336461598,11060.1306890104
692.047350289924,1.52673265527024,9.92756898764465,11.7513144594168,90.3179717122245,124.552869013675,2499.75040081617,9525.07419174147
657.556468899936,2.84270703894227,8.77834984410328,18.7628600463449,76.1527096178595,143.156398063894,3106.44562238272,9893.43309315998
384.230283078607,2.6844543789711,7.09364279625575,4.66315143513441,65.5105062952838,56.3468790056644,2641.60984855629,2394.1369416833
334.385300985574,2.88986137871035,8.67234497197578,2.75897128317069,75.4433829937811,61.2554551980339,2290.02828201133,3480.59528658341
527.237022795235,2.41257442972469,7.5868062560636,10.947839271066,71.5924244792453,68.090728674572,2654.17844727703,3641.89259651935
908.044389093997,2.28325920672651,7.83580541418923,27.8026566358225,84.2023556131288,103.158516110462,3666.39462508758,3480.00145571558
960.795237717262,1.99623098567255,10,26.5260932429765,101.88993814101,164.941032207475,2715.0143947605,9909.48978314717
418.201979476557,2.07230070521538,9.14979519488185,4.71706222787604,69.7978952397932,45.3659992310047,2814.18785949622,850.732747294513
528.147941563899,2.19076144265077,9.44098074395064,10.5873184746721,72.8619423854667,46.2826855828983,2505.79821975553,1337.09987878852
673.795150865759,2.34539434259557,10,16.7043313922784,89.5504537360923,105.532623890063,2093.40787627153,3513.06357692894
748.493973789648,2.80161657995479,10,24.8996259375002,92.9416162746252,99.1409301909702,2357.33302045676,2698.60272114388
561.121625783442,2.39382650738405,8.21828186287267,11.4943683216588,76.6310923460224,66.9509857861201,1952.02036512699,3050.45575271133
326.665394919294,2.57030939888551,9.56935471488258,2.25707919563852,75.101001835233,118.498949918728,2216.74922117014,9277.3750817863
657.435205338693,2.66946806766878,9.85741469383207,19.0484570480746,87.0319960507352,93.8292723382356,3001.44984035389,6694.39253281252
571.646680185538,2.26969073681052,7.17238809782383,11.6235397952992,78.5574549692553,51.4116241699768,2599.2969677726,563.477274222648
714.479508605337,1.95083218078802,9.47274881171488,15.1474603823905,86.8557941221953,85.2038178669019,2677.47003205217,5222.55042274615
435.890250595599,2.45936080999812,8.26175315377842,7.02795182099785,69.4203973214939,73.1328217952288,1585.01057261913,4986.73419535395
751.660552634627,2.16881601287226,8.25558222344721,19.950822294979,80.5666436033861,74.0063894470618,2262.55679044281,1753.39796388998
799.347126515222,1.53632128679354,9.90253706411156,14.7908229106397,90.4246131269182,112.187124479886,3053.09467975828,7937.55967461603
571.754453432186,2.06671365064865,8.09029393113798,9.97870450106575,72.4037072464653,111.093330871088,3059.08074469149,8223.0690721744
688.946237916577,2.99110820707399,9.39693442643139,21.52695918101,78.5574218882051,113.385886835823,1940.80909492619,8429.82540957307
534.329081005823,1.57276780503943,8.34786004312461,7.09139760181115,70.0694226408499,109.766178792516,2452.78591117888,8513.18040114451
586.872121272293,2.54500036785139,5.77454540165228,15.0794591951064,76.3956450209693,42.0769434066751,2266.2968645211,500.581096255265
395.076931456305,2.76178305760687,9.2558568859204,5.17093463285539,71.3126502896482,125.680273675815,1723.04996639844,10993.1288423139
638.520342573859,2.47308885521307,9.65638363407873,15.5583147472311,80.230143749229,115.069061124847,2000.90222781388,9456.29643760129
656.376501029966,2.14969566578172,9.91391155700419,15.7369713635894,87.1084289148029,146.350558453396,3255.30670087378,10443.7986624821
994.154056107162,2.53981399859681,10,35.201158498084,99.5213745914062,87.8529441500794,2633.65500787624,672.076248381775
570.650658128161,2.04777961513531,10,10.8897328741296,74.8648722385877,128.563374852587,2812.70380871099,10772.4467536431
435.684507512528,1.50870291547088,9.39727062493769,4.2327601796501,76.8525194402674,130.338783561094,2737.97164796874,9407.67381556915
641.836260869753,2.94355763145507,9.55395068521695,19.455118060117,79.4022632306549,121.941141566703,1859.9655662565,9709.41057254568
992.781536883259,2.14845115497629,7.81359902746211,28.8224066150399,87.4050683064918,95.0685468960407,3371.32658217672,1526.16123194165
312.024867894183,2.49808385575203,7.98631173709119,4.48525051629345,66.1293026492787,113.661746237787,2440.20138477651,8626.55831810457
764.099271487461,2.29696565533394,8.81658478028541,20.2913965852505,79.4011283477209,159.649430198571,3006.26027621106,11059.083586063
570.940476886341,1.52951311899382,10,7.76422415810445,73.9488603006447,99.5417665556425,3060.39679033353,7964.02075559977
385.107317441002,2.92911990148881,8.62243451018442,5.05018477884152,70.1479274149104,89.4374109813033,1488.83828280784,6776.17545087067
311.110319759969,2.44452947657928,9.39215397988531,4.20457497890464,75.9751793462897,128.307875170591,2140.80729401412,10901.926455239
767.944092854438,1.72364684170409,8.11035351198968,16.9670538031679,79.7158880595629,113.073536403961,3008.58286754477,5372.3083390788
552.87978052537,2.9724733144324,8.07069505105525,13.6486685476137,71.6832448650088,106.647087771918,2874.26525067941,7092.22922941527
617.387359729486,2.41842712680337,10,14.7822408072165,87.7094550742428,110.933433520245,1757.13856036254,5739.72122843803
400.125170655921,2.20848247564246,8.07295180324564,3.27764421299267,64.3169982997484,124.077131058745,2053.5556169522,10761.3084349633
681.100386463041,2.4035907586927,9.74315565551779,18.2639416108064,76.9831856528164,64.5344906647888,3354.08110924511,1336.93199442058
776.591298455443,1.6601050230219,8.72796841604432,15.1742459433572,80.7133517661252,101.134948930771,2489.87199542385,6012.31670907883
792.737699502216,2.2620458949291,10,22.8802008127504,83.0683732364032,116.806201478027,2974.85112695334,8056.47685523982
397.68928321306,1.61049160802559,7.95722923526445,2.10102274163084,67.6327905564139,110.551700986947,2351.11686255299,9210.97192264461
582.634503032691,2.31728288567895,7.8771015772868,12.0065466696976,73.334866617301,106.888212071778,2747.37280715374,6913.2051218855
262.396640648302,2.32904353314418,8.155394368479,5.68014190464854,61.8921074806633,111.289118132543,2393.9582173797,10498.095185336
672.958468999278,2.81165817774112,9.70973467674619,22.1264737182465,80.6499850234215,136.75277239248,2194.31324622918,10861.9059157226
621.373017316806,2.57456733358134,9.72615183315543,17.532323872721,77.6912194660218,55.0548553256375,3141.72998605163,1207.51145512942
737.332650155153,1.87432858832268,7.89833714214642,17.2436342944422,77.2345305475089,107.6849783134,3502.50971530353,4926.07593495512
553.659250339824,2.83263921328179,7.15176609326188,13.7188693485966,74.0624386487303,54.3095297190859,1962.93165782065,758.049238932699
364.776868880248,2.27877153388141,8.17056273077121,2,73.1155942549855,69.8185764716685,2172.47008320285,4123.58323111887
555.059002833046,2.40956921786105,7.99355771916469,11.7210017732852,70.9221479594777,98.0135223850029,2676.86904321331,6405.55039767662
478.949042772824,1.67662070358926,10,5.971696045953,73.0314391186051,125.758941406891,2820.41943432114,10518.7442356094
613.022235232858,2.78666039395367,9.09261302637284,16.2374157044656,76.6568072863772,126.298767779418,2021.23177443385,9812.09754711943
705.571700200542,2.89644767252482,7.46251004594651,22.5230544170199,76.2972817551713,83.7419249859462,3382.49379397787,1902.49699339184
403.082422315604,2.63544693601364,8.46600908114177,3.88178972626547,76.4555464319913,43.6031990982154,2765.02501410745,1523.33412214985
795.978185401576,2.91112867896751,8.96797075372906,28.5674201193902,83.1319292976874,110.119542386962,2234.50701197163,6981.94072632334
901.234557776532,1.79831425027618,10,21.2475061122057,99.8201584585353,135.102184807552,2187.01627197316,6353.29769704661
780.985934887035,2.7118796842497,9.22800442300662,24.8857826815043,86.9477453102888,82.2318930223104,3339.02422577974,3430.15405573026
447.925582606022,2.23333971429561,9.24482413769854,6.12642857016172,73.1248902996682,119.027020968802,1554.52054451712,10393.9839300922
382.28143830991,1.59018688575389,9.45056196793975,2.08017125435178,78.4365445773979,137.892797613226,2361.3222174431,10701.0305040771
551.534231739415,2.42095029251216,9.30107281899165,11.7851558320199,79.0614700558493,83.092451832276,2415.53345874136,4928.72582174179
547.334141113672,2.52618040605882,9.55551266512313,12.9478108565813,76.0077450265705,125.71545048961,2139.16033374721,10293.3281282487
387.473256878994,1.89239484600064,9.74657572203056,2.27239443996772,71.9285093278568,70.6302156836749,2662.45772482364,4723.4378368927
906.626849353494,1.54123999744136,8.74129755471826,19.1949331861987,78.5836956226627,147.640474142536,2953.33307233168,8604.9851501267
480.888767219367,1.79977088862835,8.5306510099902,5.41198685032401,70.7200236659037,92.3052518802301,1912.46740287354,5735.36439302497
393.182615465259,2.08349526259798,9.36298116846596,3.42251865242709,67.5386034245132,49.561219902502,2502.95786695664,1848.41472157901
465.991697271644,1.62633018073499,9.96667560212352,5.31765672991075,83.7802477038491,122.678380828263,2715.64365148922,10707.2762136072
825.463479854006,1.6680211243931,10,18.2740911376784,92.3908004356936,116.339463149809,2228.7664626943,5495.0625271529
504.264826263155,2.0870859965734,7.967002437345,8.44096599781263,70.3249788931116,108.884111793015,2361.68708886388,8579.35744354644
540.945443028742,2.85363615422095,9.08095247021737,12.5863157581184,82.9042541309376,81.2713914788375,2524.29550546345,4538.91195874421
433.958246439931,2.64636527311147,5.13646473797026,6.66552688927012,66.0134176397498,40.6137489566885,2190.35976771312,707.689664338581
369.472967971374,1.95313139206042,8.23627434175701,2.12629582105623,73.0195316179739,55.8789337538868,2647.37783232104,1605.8339456102
757.345462354116,2.92740610337782,9.04079989495874,26.9202292649105,81.976282840814,99.1052984534751,2201.65129964515,5958.41427438917
764.362098996022,2.33534381500824,10,20.9973904520705,89.067645148494,109.724317587925,3561.47301036832,8089.60792838999
641.713295209002,2.18317446696021,8.24235811113684,14.553529935304,75.9681117571634,76.3222254749489,2016.7928517005,4182.08859237207
308.815704467012,2.08277835470997,9.40434029293641,2.71298993024446,78.3570336165385,98.9727153849898,2306.14142511621,8150.37305095415
568.537107951663,1.97178005856581,9.30773271701777,10.8847155213004,83.5788833370412,119.60958210418,2922.0178110979,8184.99148375152
614.609486044307,1.78596359633216,10,11.4031915932344,74.9189700829592,113.298319816355,3049.73216796563,8243.29498060614
797.327111479055,1.99789099496259,9.8603402332365,18.7110547254572,88.3466801568053,102.919047406839,2833.83825234796,5917.74039422559
998.426782077919,1.98921372909464,10,28.7908900605167,105.454788720862,171.960264402118,2287.59440657725,10563.7476513365
950.163932363945,2.29204102609533,8.46527242257445,30.449174437681,86.4426110039758,129.377344345743,2991.17945866015,5881.16169778677
272.34084720914,2.64260535331878,7.41551691679223,5.64066302467029,63.5676831533669,80.5487059179977,2395.53951399098,5452.91712846302
776.638195389365,2.03819678573603,8.31797974320878,18.3134811548579,81.0985411855478,80.3457978973253,2511.96119366158,2693.1890091169
845.0644988608,2.45016459759747,10,27.4994806341264,96.9592943631014,111.343976047465,1955.74662458897,3884.2059609197
700.44338523959,2.35189845007361,8.77250642143584,18.5021843132537,81.8321722567124,58.4566951786974,2687.28587107148,965.679417701337
392.517497390049,2.94276810679025,8.08046736233198,6.00107073178395,64.6905142264913,90.528517150055,2317.38871386905,7468.88822977787
459.834735617295,2.03312875426009,8.4427971301568,5.23957447201723,75.3419486881175,69.0068594585085,2567.70420672303,3233.89318319802
531.622072741904,2.80612767773593,10,11.5193472240005,74.8137102274295,77.3543453036054,2679.2114632985,3845.70779934012
701.406079539089,2.73096382094743,8.72972167689286,23.1768058990802,76.4893473332425,144.567143896478,3471.59871539748,8978.95973830753
478.533069376653,2.45649642688419,8.11322082066919,9.32259366107013,73.5334643959076,79.0289076555944,2017.32132290694,4099.43301477599
943.046999907311,2.38361282676871,10,29.1642413403829,98.1451334388231,107.744804357012,2041.55201368864,3164.15481214456
318.975243130441,1.61097878810167,9.62066527580143,2.47392032123592,68.1668247353993,55.8626845348831,2128.00437881108,2359.63524047076
375.439023412302,2.74935951396571,9.56059832778848,2.93797596656864,78.0828427495419,103.403583343903,2270.24095911514,9023.44242400151
362.558079824743,1.63907599611681,8.57735657990036,2,75.6823095870738,56.2722483267992,2145.80154121382,1926.7688378903
391.07643994508,2.34484996311526,7.39337984333802,4.68079816816042,66.9228556765744,80.0520074132076,2593.81725026414,5491.29136275389
998.794760356345,1.84357211695911,10,25.4205618720589,99.6175497982649,126.127574212649,2287.19892510429,6076.23127684914
386.678965105691,2.02951346662721,9.38345476507934,2.70185869061644,83.6460256704841,106.228347078655,2353.26303697062,8061.28903954286
372.74132479963,2.29505634772846,9.33774798847168,2,78.6050314332448,90.4845702385408,2328.66834976599,7466.11830566295
757.527864888077,2.86327706682348,9.84118941076627,25.0364090815098,82.9222663220635,118.219095966293,2064.75248819335,9417.92740239692
741.025258482983,2.17731134805317,9.92195669457112,17.8779794081169,77.8071208151647,50.966751611224,2930.79777945509,992.26577318862
316.120184998277,2.98159433295966,7.95085883491276,5.05045125112724,69.9350814695189,55.9808479113724,1717.70394943419,3760.84797257337
513.09708606276,2.38921809802725,6.87973481913053,9.38274024022857,70.4578244036042,72.7597505298986,2964.57500253278,3581.47530652918
627.732850738215,1.71027663369362,8.53483874724121,10.946448807835,78.4930176053135,71.8336004555711,2378.17703073234,2106.18596151319
907.096323941084,1.70288186305519,10,21.0686524180154,95.9842709357613,114.204483206592,2366.75338126821,3680.96079242087
547.251227397961,2.57416655338388,8.19394735970748,12.4757058316049,75.7800736334437,72.516093816568,2012.13652962122,3907.41845557194
996.551687379318,1.45268579021447,10,19.9716588528531,97.2208249521938,140.270775020811,2547.31564251912,6240.72908120226
665.346456548837,2.22051236433334,8.3358881418481,15.0973745571216,76.5929288940771,133.018266073025,3136.57753498511,7800.74926818882
417.185793201903,1.68865638112879,9.86983711355138,3.83051070288114,69.753194026207,60.7439664541984,2781.71647516633,4692.10564972996
498.272993486808,2.14982795276677,9.0119807604586,7.37144261062909,74.4866064786344,103.159191063937,1605.15838789027,8414.17254444719
524.888970782852,2.62487613310758,8.21385929311446,12.1629012636817,71.5001040036586,71.1403818520915,1860.65550682513,4197.81872437538
760.683701349759,2.13434367377528,9.46605723378107,19.2760933665693,88.3435443757116,88.1583809176462,3381.68348579148,3693.12045046236
580.002182038629,1.67009836511354,9.24480761147694,9.42075366864361,83.1070540015687,97.7758596825164,3001.54556288764,6453.06861442727
265.788848432138,1.87788805553496,3.49074456941689,4.81957980396928,61.065883513785,34.137875506588,1940.32031750407,760.879963363697
503.931481712831,2.03246905865054,8.55235590624239,8.38579869173139,76.6525019467799,44.5062382097127,2698.88172487606,1377.680359974
795.771644329174,1.60434177522962,8.10468751292255,15.2698767197793,79.1004695292457,119.997054323844,2817.11077569929,5097.6649794518
782.745469218892,2.16119418066905,10,19.9438616826024,88.4671907941825,151.055121599414,3463.63142572097,10872.0398253093
859.718981857388,2.41130068691707,9.0155704218697,28.740678937944,85.1721890748463,129.326277707972,3594.82057333858,8436.62957827766
472.477874905629,1.59322789069885,6.96751383363384,4.62049276545905,68.1153480316109,54.338775771535,2269.16467030311,1469.39226450614
656.626515625635,2.01749216740133,10,13.5673086242545,80.1108599861193,129.917997719135,2979.23564086545,9809.49814058961
685.019657841062,2.12100102432709,9.34025684047614,16.2233792109274,79.274038271969,109.611290052854,2194.25828510447,8555.30847668999
854.020428080996,1.82015323041368,10,21.0718763444408,95.451771433505,133.752055704915,2020.50713501926,7220.41178272918
418.597175566968,2.33660961049667,9.08192666495615,4.79957178708846,71.1359417202408,116.335000231456,2002.05257152122,9523.22256670095
737.022957170582,1.95237583323843,9.8553199121179,17.6985334189892,86.9729655572696,89.6566727809329,2646.70748272352,4945.20832517253
666.059900205315,2.07262264144149,8.80483645064382,15.3948346246864,81.9717579245793,89.0911261162353,2926.10729223475,2936.51155939238
670.935242548478,2.62739234078664,10,18.2644862477459,80.5683261710428,99.8222151654436,2953.10035157326,6132.25728019635
598.794858732162,1.7431640331453,8.15185175377869,10.4097293816959,70.3085883685554,87.9184659930455,3037.25537367948,6537.25931152821
701.263267431658,2.3636889749217,10,19.8905701841599,81.3687157098594,101.457432853688,2600.73393950001,6421.59009210903
931.660561262061,2.06880494301527,10,27.3967357634401,97.9096910186335,137.518362227623,2388.84558203616,6715.81170628116
775.702757855079,1.8148880311072,10,16.0119726309993,91.7018098569101,134.673340474125,2650.7189050605,10935.754100631
375.566999924447,2.41121164737096,10,3.50750529580576,81.2685772659461,113.593088395445,2574.116363909,10424.7018540585
824.204581767324,2.32678253931172,8.96431474187222,24.246803340255,80.2804412319238,155.239022752426,2892.40852416817,10132.8874021483
853.198458256776,2.21604229044104,8.89377705534413,23.5808665348936,83.8279132234018,145.598319220118,3490.12949973095,9315.5849199949
464.637864611229,2.38812633581708,10,7.87631048188169,78.7499788989809,126.295715397032,2656.04514563814,10877.7091799181
719.701671947253,2.70343546197204,8.3821347506815,21.3965049685298,76.4101846124536,56.970859624049,1800.50435216297,1583.44105847344
516.846867576003,2.95900318505036,7.34861992685626,12.1022852860716,70.9574403007972,69.299359207021,2352.06175491367,3416.35587590313
888.35322980325,2.26238510295582,10,26.0994172856115,99.3384299101577,126.638391766047,2106.91966771001,5945.61540220043
798.574719879083,2.58176273903879,9.94807934983836,25.2217032301626,90.0194004877175,144.166383680152,3604.95151363589,9811.87942435746
429.690686704195,1.50163731153444,8.52039565688709,3.6689881978355,70.2465119448027,82.8734607279536,1798.83842275085,6056.82282675006
667.728625837711,2.12839751559763,9.6573545836497,15.2580900871213,82.6145131038069,131.079165320321,3247.75971221344,8728.38213275748
442.991566217065,1.8219713231553,7.09252043181309,5.08939774096824,68.895666401467,51.3450927563587,2111.66406405205,2028.55895773808
456.494591246938,1.61888132049352,9.71543064800978,4.45367545165321,72.2887190894538,66.9327746777482,2068.14457583442,3276.55194274216
380.293435361563,2.29795652559659,8.72434807083353,3.4758414625229,71.5715372510659,99.5608217610782,1977.32794145924,8549.5370454144
747.941918533774,2.56975485524668,8.75868489666236,23.7350981916045,84.8481270852556,84.0473369056865,3233.629978583,2312.07409776496
597.727741353923,2.0413531597794,9.05854218681199,11.359862979414,80.5405773579067,95.512757969375,2979.01805210641,4364.91528120419
938.726843174278,2.50516117401665,8.14542691458104,32.0897431334587,84.5351972324093,109.435558333209,3866.29147280727,3413.52883594929
818.137993600618,2.11311614920583,10,22.2699628503655,96.2008521050773,114.986961474435,2582.51436104895,4348.47863644726
326.991978228907,2.15562879893914,8.22507092804927,2.73742440529795,64.4041641756954,98.0954645673725,1978.60974504812,8291.56453985767
735.01952524013,1.82539899309684,10,15.8958130694994,88.7462155831481,112.857649064824,1757.07190475785,4546.31899257081
752.615536989419,1.90258961713822,10,17.2905921275198,94.2545981256181,133.723913884688,1835.0741221144,6607.89654868734
990.527184376296,2.02469344619164,7.79541725671473,27.1464435489053,86.3095143805767,93.307043785192,3822.11770136738,1599.25064759851
302.816639190691,2.27677575731487,9.21309879723698,3.55056689753532,76.9511734790536,124.337095419262,2090.26051448529,9355.19462558091
594.983108058577,1.67402776691871,7.219613940169,9.76285530165921,71.5510899655566,77.8083594125198,2877.62873677379,4568.77488212937
790.230817554915,1.55554405025369,10,14.3125672829917,91.5847830311598,118.571415070904,3547.41918504219,7633.87574936677
798.075395265068,2.402046214388,10,23.9055188589829,85.1378391192675,123.170992031183,3391.25239028948,8479.28561828016
538.294089459817,2.31944710481832,8.08887075943533,11.1514759659731,75.3616381379208,67.6444357360652,1704.48038630816,2806.2701432287
985.5235878484,1.87093168033714,10,26.6299697684422,106.418815328613,169.667125732747,2311.7001025297,10231.4248344869
497.799590924914,1.72866432661186,8.89328420115043,5.99312999469001,72.7488416315258,97.8790606570137,1650.80840779488,7278.46676767648
313.147220334193,2.07054139067897,9.67908519427075,3.96059096655531,68.5704113238901,79.1250070718361,2236.29952690015,5215.9765592663
412.173593185882,2.62854129938642,8.24579397928406,5.76052701862717,74.9063556742376,72.267865651761,2203.37219043337,2505.68701936041
978.118497974954,2.44946958290365,10,33.6038842364987,105.76578807876,170.594398483252,2049.55361528515,10865.3103169133
254.81764266739,2.55386485494633,8.01815178403001,6.24565917311024,61.6491175561102,109.961680427133,2377.66123450088,8805.75024544788
818.39765416919,1.53445598524451,10,15.8312400902104,88.0210898751577,86.8198100179601,2564.29503236731,2788.27019006574
276.460556113138,2.50561466490168,6.98141567402687,6.40039953678458,64.5937853752408,60.2275409001828,2458.24862509003,4214.81852196647
443.198289213789,1.71556303748912,9.45447015507146,4.7543864604575,76.0552494478714,122.788175460482,2291.59973249282,9406.41683896881
680.83249774916,1.97287686453961,8.19526740570426,15.4358573719769,74.4475765838458,138.565765459283,3303.6168261445,8152.45429536873
550.83501738957,1.79380981193998,8.50410965955179,8.56690712487189,70.6913556168685,107.628372651387,2832.41156840917,8923.62721987297
595.535354823853,2.60422120200394,10,14.7398725135881,76.0968329136894,89.5384757893,3080.58764613891,5353.21212434226
751.053232859156,2.47290318395592,9.47866482215176,21.9400883245047,78.9072512605039,117.918241636895,2510.06174184311,8381.23888906384
644.176599770114,2.34116735222737,9.13577227208127,16.7506098049326,83.2021379446919,78.9985965712343,3349.88055654268,4751.43095150305
589.860195935785,2.50195891450391,7.45257191442958,14.0314476009,74.465501499408,59.2782917220356,2402.5534544519,2823.89208632016
554.938827380203,1.85515839210586,8.92173724792374,8.7455936224238,71.9942051839618,97.7320025543794,2115.60166546472,7459.44738325496
855.48423270515,1.86261201025773,10,20.2577918394767,100.75702042662,170.018125880032,2439.93090409286,11236.1531815867
588.154409944528,2.38591239254644,9.03368360901742,14.3311535279979,84.214655315307,73.9386342335293,2567.27137352234,3916.61068534863
819.491150306314,2.45489104142745,8.06220755346592,26.5319152899236,81.9367678015294,111.467932536735,3114.3481436151,5570.66551433794
722.979682711506,2.59914815246933,10,21.0643651973823,80.4984183107689,117.994408742359,2727.62096571346,7914.01508176839
475.583797484626,1.93065595003217,7.73431972820354,7.28298738311141,70.3094265122158,94.1429208588723,2841.75272134824,6456.56910334737
700.656132427736,2.43913136152644,9.93548361574407,18.5443569309749,86.8216376373374,136.574031014973,3296.54303960429,9777.70575279954
693.181968301207,2.00043118961047,9.87130422573552,14.5939429919858,83.9248719480944,129.290812017515,3098.16048736249,8879.16977116468
395.522580327648,2.5052590380884,7.39802483881522,3.43760102655456,68.81280215675,40.4533426826766,1685.55653835478,1141.26924248593
625.081766258822,2.01642414783153,10,12.3288861323975,87.4603729487053,141.074018188148,2567.34745384567,11482.6335731615
399.824009590667,2.70914231857488,9.20116919767339,3.86630568167017,76.7310310797495,121.142794731427,2667.89047943354,8776.42699091414
591.660239121885,1.69522536183729,10,9.97886144105808,77.4313443547717,127.843440942201,2329.60752944471,10002.9364792352
638.71734222315,2.35205942237287,9.45705921213491,16.1853326892589,82.8079034456045,109.089007702451,2867.80542723939,7663.17483304881
798.617535793793,2.36480250115224,9.53926620444507,24.3647499769556,85.0145536844564,126.042271078855,2528.74548910566,9919.13640851439
315.270989074869,1.73364517947941,7.91987790015665,2.83709797503198,71.9716225394275,60.3955019177365,2334.55371519943,1736.2127242158
345.62119705686,1.5990095037175,7.88271398111598,2,67.8980538547923,64.4424218927712,1710.67429242425,4325.11619115247
338.513348185616,2.51627200097568,9.5678491306238,2,79.3552709100515,115.236722866834,1930.76749677968,10140.6303796494
759.344514506696,1.67718588749034,10,15.8741685162297,89.7595158702393,91.2175857798154,2009.75391551973,2718.20732393581
710.794180742907,1.76966980016218,9.68028997004279,14.7019945547557,78.4435392496826,62.648593874051,3123.00971249078,1360.66308438025
722.028166393568,2.96765133598356,9.71305416236008,26.5650636020726,82.4256160495002,111.317452175895,1825.65128081463,9169.30833939741
907.942858502403,2.57589127721495,9.12568711479246,30.6047340178821,86.4024761488243,156.955275236616,3230.44591094238,9690.34771207626
748.439120914974,1.87573026240183,8.31609986405887,15.8086033139226,81.316983739809,58.1207924377662,2161.63912830654,2289.17440008891
461.429972084726,2.3864234402274,9.1145587110144,7.68028328326045,73.3027695745638,113.553609813489,1883.40813811472,9897.80581060987
680.854125488305,2.30116775760377,8.32045820107771,17.9532630635629,74.7184064444594,131.953588912042,2757.21162004623,8054.44575156887
270.353559796448,2.76670990127077,7.51083289793305,5.90672080148787,63.9126183211479,72.8460428529542,2082.89660639533,6220.90951538242
726.066359809693,2.59398112174894,9.43592554100315,22.7249950366183,81.8863201700013,124.226915758148,2217.86144946332,9632.75212059523
665.218147176846,2.63054062151705,9.3790176168801,17.7423027209495,82.6656813327729,94.2246624633299,2564.36374656448,5111.74174250862
649.30765300556,1.79731595815413,9.85031149358769,13.2147633104761,75.8295789146678,60.3918078124407,2529.38564012688,2633.93351845737
768.886718490984,2.46032880655051,7.82753485553847,21.8748782003443,78.6248859007211,106.20095599003,3395.23360487922,3633.37944271675
489.952594309113,1.56036128762757,8.5700771116193,5.09410148149923,72.1297879850644,86.9835623820927,1865.12243800346,6056.80420122646
585.339735114762,1.60341091841883,8.20088895110954,8.40689222128676,70.24788464128,102.76987939987,2641.44634529384,6344.63871940493
331.902372048967,2.47003434111412,10,2.69068291228825,72.2526943933334,104.812421910456,2182.22518098406,9361.38909085357
920.806107928227,1.5366301539659,8.92424763916032,18.6991414950316,85.9607271871755,144.399793494643,3089.84135078125,9204.87996017568
758.371663297938,2.36964751335076,8.48297725406443,22.7247804184975,80.062358306089,128.985652639757,2796.44377277962,6895.03212925032
663.669116444395,2.7606076476668,8.36035905090582,21.4984871248383,76.4650501108867,132.174183969104,2963.86792789052,9088.64031702024
671.285055371228,2.03390302017207,8.76883482356709,14.344772437417,83.1941924115322,69.0254913179259,2831.5638601331,2609.50804123038
365.819159987431,1.56726065525987,5.51655026884669,2,66.3474162590604,34.1634571985974,2312.97936353458,1050.70979802624
661.073759371398,2.39750167632344,10,15.9584417287273,89.4588087076173,128.349515520881,2559.12531496821,10109.9720489817
653.82719155906,2.8784759003235,9.67092415703971,19.7894262338502,78.2728584928638,63.3475907714103,2539.47142595888,1331.09943139047
567.393437716558,2.54126799337853,9.63292035619913,12.9006540676411,73.8436831789561,75.4327813396218,2648.62789001372,3213.57272718397
688.686564605274,2.23905095759451,9.61637032957126,16.6114793705497,88.9990696423093,113.314222497971,2801.05753059319,8148.50844586823
590.519162085622,1.76810605908463,9.04894723411791,10.4386138098253,81.4394226576576,93.9776383745671,3123.94574033495,5003.9273139004
750.322898496891,1.52306343606675,8.76214592746149,13.0219624778977,75.4105740759489,142.342770215881,2610.56825238142,10139.4536690706
667.057650532209,2.5019950716549,10,19.0906258206156,78.3227623443515,82.3215919760591,3343.85431264878,3777.77774128497
456.198935557203,1.84653926376644,4.56512056102167,5.7335068084446,68.1960786204786,45.4077748145748,2934.25705271486,630.584813362952
254.454548591472,2.78724401577354,7.17223227357289,7.87415714072376,64.7629582724335,59.7580960413777,2177.81823360713,3807.21204616819
750.822088885155,2.19954617824892,9.0834616927813,21.0117582286906,79.4122806641184,114.148589928582,2306.41011174564,6858.82554103315
572.821809162157,2.25160969238947,10,13.3335468741416,76.9283526564982,83.5355549842789,3107.04701936148,4635.32212943623
947.450906191813,2.42097175627014,10,32.1939889064591,100.118776977207,140.945725912845,2116.66170689642,6383.60031334631
741.368419491122,2.55634581132203,10,22.5362537173937,84.8520969337205,135.181130184127,2913.60692707259,10142.5793071852
777.986662694035,2.13942944156905,10,19.8777478414362,93.5492082760508,157.047548745264,1808.88689212902,10537.3355965341
427.680998757931,2.90764772311911,7.45192657576347,7.55518543173572,67.0464637702061,70.2256047045059,2552.10458786709,3425.71471119523
395.514035686461,2.97344765448063,7.5678746931672,5.27589677996609,68.9323536537833,68.2231301055858,2098.9312881549,5583.54520596891
407.302871357816,2.92032816656193,8.10403513256048,6.86060272518914,69.2116253101429,92.8822359083118,2722.53977815003,6540.58416765596
963.301505640105,2.73626877801592,9.20957085892991,35.3141481943581,92.5868242396268,171.03616925565,3423.85821586117,10940.2370257707
694.072006983955,2.43600815321352,10,18.6711908656501,80.2796988517904,140.164799321504,3321.66554244218,11484.7905108082
363.262838157789,2.4949887868225,8.0575298917597,2.23381189595852,68.9044038418005,51.662603186339,1566.320732228,3089.47973725679
463.607723539034,1.6556252653808,8.02547914375409,5.7413944059733,66.6020828443853,107.845755569331,2637.65411095556,8496.77858480397
998.362656154537,1.79617011021505,10,24.5129735464394,97.4698835851457,133.769822284737,2598.51012914905,4658.34168456515
597.775350616243,1.50112556515516,6.63074590125089,8.68189353070937,76.3197278244356,63.1863807851174,2727.04089753987,589.190165748346
692.935812796553,1.69927012586207,7.77459105866019,13.0235392638608,81.6868018544537,63.0023288566069,3389.69449649178,601.777746794926
519.17151568341,2.15884421575378,7.63039850097171,8.38202971035486,72.6910016101231,76.3851944124754,2561.42193459879,5566.22608318481
772.611134055315,1.71980482618361,7.86094784893581,16.2396815706003,76.357368922515,122.592641027699,2808.67999005474,5871.68404304768
380.147255946386,2.85249512201514,4.73591294920813,4.06855793571496,66.4500193976311,41.5460683489077,2722.00385217923,748.266662307869
503.426747626641,2.70854877800292,8.07988464580068,9.58597212415189,70.8615447227815,97.0221908059028,2596.7088261836,8056.20158451733
549.991765802418,1.58240887548685,9.82829220002296,7.79605138979945,73.4462742230165,73.942645614169,2385.22627708609,3734.03727454448
849.699748195636,1.8733705732009,8.53065720906887,21.6167149409849,82.2158460570321,134.18034537274,3101.26542182648,6658.82411689544
656.452895182419,2.65929919068496,9.03544441312963,20.5481940252807,86.9101725673838,70.858761125636,3053.15322933946,3810.10980481961
911.03001081562,2.62551201360124,10,32.396201390996,98.9321443953244,103.945576975567,2267.29757841071,2338.47746356238
435.758288866536,2.91817582517668,8.66720062603653,7.34077466277945,72.4623679560173,69.0541428706089,1854.01299269837,4978.91112458763
658.717503774785,2.88189934705225,10,19.7630982338753,86.8726894064293,96.7837665563242,2076.79518895368,3055.00701269551
352.128126353304,2.96440509486168,7.43345245614809,3.67277239375207,64.9250412883584,93.9058190280958,2056.27901776393,6382.81074611085
553.769162546038,2.07731496570132,9.01219406263318,9.81199516704024,80.7963305637151,57.1118355280856,2509.91913168374,2687.11383315128
471.07065864852,1.82788277063132,10,5.93316538029201,72.475945379802,88.5606822301039,2788.87310473582,6092.4657430909
448.926965596658,2.63761528564059,7.14880052066906,6.11511431352761,68.715342085429,54.5859438968712,2591.32802425971,2231.16366355754
268.71300344397,1.94890933911605,7.73451671199131,4.41543136385024,64.9411993879847,95.9377988381395,1881.87134346464,7880.72180434364
554.875205806884,2.70960054019699,8.97622213954394,12.4371801082287,74.3933705766683,110.907882373955,1807.99490877852,8793.31452885566
483.992453468854,2.30093209559689,7.63391168858638,8.6080821836687,72.0590695268472,45.3936930639822,2053.86564723434,1714.33657674927
567.333377446441,2.58960889077506,9.39177771045554,13.6570457172876,81.923379254214,85.3506238013704,3077.81092541926,5645.82653241073
511.266677442488,1.90361606028905,9.62079036093176,7.92917293641187,73.4646889115625,56.3363094712897,2751.26651885766,1279.58870720361
442.112925318771,2.15527253532113,9.45143168799877,5.30371897282008,80.9276000027086,91.7913103099838,2124.6504701065,7080.00690096203
566.437766910173,2.34603569040327,7.38286613604568,12.7634498656045,70.5214310810257,67.2370934690431,2804.32163742465,3408.4472772261
392.382494210678,2.79217111397253,9.02769883788808,3.34949615930039,78.9324634648621,83.0170953607075,2013.67745077259,6303.86902522579
888.477951453196,1.89989636524563,8.36498673567712,21.9917836074586,82.4234689130402,120.313471678112,3477.02055729239,6192.0711032272
573.625649403845,2.90503235892734,8.80251376252633,15.8599882329446,73.1223533374736,119.009355115333,2906.08552824423,10667.8978081318
815.467983874173,2.48597041001401,10,26.4068565875595,98.1222351743469,121.950899497074,2152.18015988483,6539.91544825595
738.204244289741,2.59634108113004,9.18938666701383,22.2865036099511,80.0710121590581,100.44471165718,1792.6553733638,6912.98327690147
362.425739216642,2.57045343561415,8.6996639435322,2.75250206670285,73.2911743073212,80.0691888455008,2466.30260526158,4918.18438340818
546.894385128204,2.23250606538749,10,10.874904786717,86.9789039604362,125.592720293037,2997.30687109148,10939.875635011
528.51264024047,1.75354265566325,9.65576891585598,8.34583728871111,83.5104075171881,104.870174334158,2743.38810250887,9049.04500383571
652.841582462948,1.78424245325978,7.50536335032605,11.4387066394239,73.7503953861091,96.249327950813,3075.9142091967,3639.45819333126
405.140069475767,2.79951215377559,8.62538857286548,5.24419820188495,69.0891966869473,117.809250598809,2092.06643480478,9786.30544353855
779.160414733909,2.58770910389375,8.00735334097539,23.5395014722161,80.4965995822119,114.413583903058,3281.39736494837,5256.35996203599
634.899363887308,1.67398929984041,9.73509314976162,10.0769599764347,80.6985279051752,132.480962418527,3003.49380742227,9615.33857886953
769.164889288259,2.4226400488116,9.67729714237619,21.8592498179144,82.5975806592638,126.227516751454,2136.660280014,9551.76875122852
342.895544131018,2.1480000011343,9.39280202762716,2.80052844691738,68.1109372832743,56.3934539412273,2408.92651156081,2577.5720543914
463.738193357312,1.67851077776185,10,4.78806881760053,74.3493989493902,114.924666126105,2618.14561052005,8212.55244521935
777.625894957701,2.19159715700454,10,21.8885888836455,91.7225159390317,106.356819710408,2201.78513709935,3697.07266237184
409.314882312034,1.92227863869963,7.30120858576023,3.32981749986281,68.2067203024015,62.6354675363326,2173.75864681419,3772.41936991935
921.183402294789,1.64436618623636,7.82459776580728,21.0489825118587,82.9947645758336,107.626745350005,3132.82295616909,3759.82884568639
521.69783291672,2.07602103651429,9.55294942368983,9.44362954432079,83.0323342435816,109.111312168027,3041.87000961755,8481.25072315943
313.580650726827,2.32497550093939,8.30071852254582,2.7239965450394,69.7581007575056,66.2105502674064,2199.07291085532,3028.0864597179
884.041637837132,1.56034927599969,10,18.5535524184186,90.0146683443398,85.1371008220866,1894.43436579516,509.964187706993
959.690393300985,2.1031391241165,8.58310117143529,27.6832449671935,84.14154093562,148.025705555911,3924.64431794661,8367.60538830896
805.561885019869,1.83029821420601,10,18.533668588672,91.725967582012,93.7455887949159,1880.71476862255,2383.03218218638
590.554260849253,1.52472765403308,8.46897340129968,8.67988082167759,78.1556684689222,66.2061105996931,2630.97620040884,1649.30634838618
707.027753639166,1.68849382441726,7.40217386681593,13.7103444574525,74.5176857726765,100.64362808766,2758.73171595301,3112.67732653466
410.322972339478,1.65525690352684,8.87677953837079,3.59342794950121,80.08262525764,74.1950757401898,2809.16303896481,4678.90574554974
417.585119562306,1.70647389361508,9.16277370270296,4.10678566754617,78.514051944941,77.1402574806117,2308.55713255379,5734.96960220521
772.296789952518,2.67158201624518,10,25.0710130724546,86.599981039097,86.8085334900256,2285.99979418413,990.270447838939
974.850827313475,2.15923779971721,9.4890166822921,31.0417710864963,86.649842736375,180.127501561228,3637.6815051657,11176.306658901
560.892383357443,1.6005191399569,9.61616816142045,8.76838623625262,81.2270392276474,125.861510611176,2304.468197706,8376.69358761514
396.048822600676,1.60582692607859,8.84215237376535,2.13908834555389,76.0602889448282,66.1167868328397,2343.83362276828,4055.1347185677
433.043867934475,1.88192167638296,8.42826919505318,3.89371081961439,76.2650912796867,79.9088795981586,2409.72674574385,4005.66983013937
492.007514863592,2.59931968936114,9.3455885368647,9.29021590276599,80.6955732499836,83.9991574804222,2993.03590208138,5433.96804305305
611.6294878464,2.04668977190946,8.93061649864782,13.0242599831222,78.779653759335,109.907046056902,2248.51373068846,7388.69305039336
520.016576502003,1.7092522435753,8.19790455346226,6.95419955099126,72.9543376420825,71.9819704462145,2907.6870434439,2110.10373247865
496.222422088463,2.06092262749054,8.19059217708744,7.38543049862515,76.3763142466268,61.9798768919598,2466.59961581516,2578.22795141448
825.891440159598,2.04269427882705,10,21.7236517430708,99.4636920744703,161.699989870719,2109.50202877371,9953.78041116906
334.642248234063,1.54437627545702,7.33149186599457,2,63.6903979854735,65.1793192463562,2306.40777620427,3318.8041627798
339.451636292291,2.44146270216026,7.86237775644907,2,65.7517984439261,69.5341282710452,1680.76627384046,4682.14497772695
258.545010187778,2.09265112952218,8.18943720994351,5.90724156036311,64.0576096544645,105.396971989094,2303.52715108602,10083.9903604513
425.629581733564,1.43588445585911,9.18193430679807,3.59694728514164,83.0606199725703,99.8255670584065,2676.36664587342,7794.62612339805
345.796017072234,2.46627902645058,9.64472843265945,2,69.5527479911356,64.6770784449928,2541.02734865397,4258.83067275857
468.170319260383,2.43123606382691,9.76717945653485,8.24844303654785,83.0786510798623,107.782256433772,2159.42996038153,8020.69500297083
686.466770179878,2.43596537819765,9.41963218984978,17.5447127089036,79.0250217965165,50.4351744298881,3291.4851191512,716.515369195551
886.517732194735,1.79670862567525,10,20.7572713840708,95.9745209460898,146.512260274514,2262.46818111439,8592.06926012502
463.82466797581,2.29440728109894,7.85738326996338,6.49923392792708,68.5668711883637,91.9704750835043,2512.68570762451,5857.17644567863
726.250121939739,2.08073655920015,9.58766142870643,16.599121989434,75.6144581581104,125.610486479275,2239.95265563985,9445.00362012907
441.033812272138,2.36384695769135,10,6.05133876875867,82.4398180506664,109.458600910965,2836.60176456821,11001.0141720712
559.768813560488,2.37537027935053,8.72277432532569,11.4047956481009,73.5641081195166,129.440482671866,2766.10850328022,10683.6740444403
789.733709384213,1.62269867074117,9.02266384176279,16.385017292592,80.2150044208791,157.163777890657,2819.59364897902,10501.9154780087
760.357327306651,2.27566805943786,10,21.0067190147464,95.7295477891818,119.880031584335,2043.20144794414,6133.86951527276
762.140645450209,2.3897128543931,10,21.3862825372785,89.7764232227451,118.074583111832,2383.00411412272,4461.56325552832
639.237746496393,1.9117340454091,10,11.758948572058,87.4247063832805,112.997470275964,2093.07987989652,5615.3885720374
990.196199332422,2.52918565011336,10,36.3352848866334,106.090568169353,152.995528951501,2097.41535933134,8088.85603644697
698.477372238806,2.76452153226744,8.75638545207697,20.4106390777622,75.9566188520705,147.033206199253,3213.630441939,10223.9755455831
470.442862234592,1.73011718206904,8.58651167816221,5.4082409707889,74.9329024218713,62.7164510714341,2329.35531885242,2776.84933300132
459.650160163379,2.8563994627288,9.27901769816977,8.54634023276413,72.5692154113699,123.441396604285,1702.58557775414,10600.1247430787
337.339716408355,2.07605409724183,10,2.69767036490176,69.7749835286757,117.538282202101,2266.82124712921,9466.98255166878
376.130065055938,2.3914024319126,9.97114587030008,3.80464384319581,83.5683977684865,124.477353966432,2280.20577471703,11267.4161669606
322.429168092693,2.53642019361435,9.59981165824093,3.75200647456396,79.3283920071662,109.413573830928,1903.52160643692,10182.7695060986
446.202246780257,2.25766863160453,8.30017750585201,5.75492170568592,71.8980915836103,71.9425559264751,1921.88518045435,3579.31062661097
733.328462014453,2.09865290905622,8.31773504738388,19.0329177351874,81.4406125503507,51.544177096171,2494.67405414749,1665.51502478452
768.804772008085,2.87317705292265,7.35984310872701,26.4315116741041,77.5180342487164,91.0459689595126,3114.49820802204,1734.65179190747
361.84591603369,1.81779025067479,9.47665192389506,2,69.927020084093,57.7750454018696,2072.37417138015,3703.45650436104
622.846934191959,1.82845135886099,10,11.5690357266509,76.512478602129,104.538327314429,2620.06906978092,7256.02096382993
798.300456027455,1.96288185850845,10,19.6648418240465,83.0887735618843,128.092354656855,2795.04849016464,9347.5235870689
731.313326336175,2.78919866695585,8.76026348963308,22.3340380497636,81.6876518418953,149.428964463694,2696.255163818,10391.7533767972
439.785502685285,2.72978268022877,8.98412770200588,6.20685085952525,76.5006421948675,114.02777284764,2730.20822875606,7361.28722806156
590.146468998276,1.83010157213229,5.11073937726536,10.9565204632295,71.1592545682042,48.8033176372579,2791.3592524262,561.944440228591
389.388143775244,2.74828614015558,8.67196981899198,5.33471197219371,75.0422190374677,53.6764664841593,2035.57958632967,2549.48454170387
555.607033729582,1.86218774754276,8.62869203220171,9.60497037139795,75.3352493741485,61.2908679647661,2504.4827256133,1596.98824238705
419.826066508047,2.90057984014992,10,6.29098295793416,70.7123972217928,71.5530566684167,2842.66302019325,4496.56923125911
976.323164265435,2.39611183797237,8.54808211057047,34.3843334684004,87.8510248488635,124.380213480118,3487.20009635197,6014.86092997121
790.760507288147,1.51062970117107,8.24246277814395,15.1024142593377,79.740453614704,71.0086951126283,2226.61647816211,977.368964364169
707.348923060008,1.52318765982851,10,12.4910383129044,81.53598323919,79.0420006133399,2982.55297862809,4333.25773375221
457.391907906405,1.6857842059703,8.30612903362471,4.83710044892155,73.6911952884222,74.5572080718041,2174.52463517772,2470.97642087855
501.743737640253,1.66827646989904,9.12197125096851,6.04561822165865,78.1274621984723,114.927499862932,2984.8366953975,7617.77182884761
421.152841833211,2.6514286842399,8.32820428471547,5.71567864055455,69.2673237114442,87.6600482639342,1531.39080106143,5606.99606256774
745.378983504496,1.78868871699139,10,15.3224703885209,81.6079888023267,85.587035508886,3289.58008737894,5948.494116273
570.095397190855,2.95371243007479,7.93295776026744,15.3578778753394,73.0606715517416,89.654736910008,2369.33938295709,5204.60966836807
796.604731786117,2.45416808580441,9.17176968846893,24.0115442087149,81.8315150348272,154.611346504413,3096.59294424917,11016.2168153522
628.266534951501,2.49033495083081,9.00299546308689,15.5867017838522,83.7957385289375,66.2915252598607,3236.90622734451,2862.0863763372
382.776589887347,1.82672477892781,8.28642260168218,3.1007076553097,69.242645617724,90.3467099346002,1816.69737446264,6183.30685828262
517.467950181705,2.73737156438436,10,10.6904274650129,72.251613921267,108.546106663275,2465.190529361,8596.1910520187
615.749553336749,2.39122433139369,9.47980518842459,14.952462930229,85.5486097724314,99.3062328410745,2815.4021912083,6625.28854448019
384.891091481307,2.7966084365128,8.35807425871119,4.83061635437552,68.838128087044,118.752508375268,2126.98427304198,10719.2297428848
478.79976284323,2.87776784632549,10,9.83368443962974,71.1283453624349,74.2460600535664,2975.8553572204,4657.65191205413
650.34964729343,1.68846146566439,7.59936626254846,11.6593311653583,75.0702089789067,112.870980205705,3121.94157667415,5600.43386350496
702.146731888557,1.62467971465122,8.48064272972142,13.0689430451867,82.7759684595672,75.1476178721535,2836.02144717813,1473.74546736201
561.268164207507,2.70511173988445,8.19216077482571,14.9828714429822,73.4990979760639,98.0054984452691,2519.85156590872,7198.99022157121
784.731764772916,2.79918908864126,8.52946788064657,28.3466198288225,84.714520312267,77.0771549750705,2047.75395510889,3670.33165292917
887.708554027686,2.30842929310443,10,27.1852232827192,96.2758601541936,88.5039287255388,2421.59914942129,2263.39943467126
842.07730932946,2.04900082162578,8.1002212683546,22.6084192439345,78.9544972963008,121.58765544422,3124.01181930901,6489.84422194959
434.642259904355,2.41329980596676,10,4.96264488417564,69.7813460316326,82.1252877404763,2294.12042795232,6355.41289717902
599.754816587224,1.95849610888869,7.25740239780141,12.4393129441611,68.7644412501782,49.8755493216012,3112.56651601826,1334.58805346452
594.876427266053,1.8575785382302,9.072629650965,11.6689752740953,74.7560470020458,110.544609855568,1720.29107182763,8180.3699884392
640.577036165223,2.16374923819308,10,14.9405265568787,79.9268317144987,98.9859437318223,2591.85234489915,7361.49409715938
641.203080977659,1.79286382216299,9.06099165530074,12.4620935681109,81.423589409145,66.3683297270206,2737.7665024096,2579.19011021147
722.625897878591,2.17303431252605,10,18.2761246923652,80.9477528828093,90.6243397839671,2794.31670595817,5663.78348369448
603.869015538768,2.62588019317075,10,15.4197791169058,91.4351214561628,146.730422687021,1998.97219650349,8423.55208126416
727.08642915098,2.75967605342609,8.34937787211968,25.0641474022848,80.4350750647037,119.121764581553,3112.94331921302,6323.79314595404
482.936900059505,2.91244637925003,7.57203391020006,10.6949052348187,69.9739798407114,69.7977421061047,2181.43891781677,4850.37983801927
958.058294729827,2.57247021072063,10,34.8502823872462,100.114951835123,123.046207465094,2003.97947434938,4045.72303889038
642.669390960678,2.03212640391942,9.02344398434212,14.2662500623576,77.3422613516261,102.623711591278,1827.36560923761,7214.33253308459
765.396516597472,2.35010277313199,10,23.2381516239018,100.454580785224,171.650948056123,1824.63371102056,10830.1956814126
480.777747935131,2.88437361532982,8.73634162424784,10.7467204429757,69.573729154224,97.8523878265228,1595.03485881877,7889.19324525232
668.97400414166,2.88837392754266,8.46128991534446,20.6693504335085,80.3723574516804,67.3369599694585,2696.1404850812,1322.20493999947
670.618848568597,2.46622638568605,10,17.7521381135721,79.1408340330248,90.7742815659548,2793.38131009598,5567.53470830347
603.528996252845,1.66110066141641,9.65824043846404,10.963757491008,83.0875914053086,137.814430990138,3083.43471549364,10299.0654466169
716.586809638935,1.52958935577114,10,12.8431782090924,86.0324155555372,84.3852195204181,1868.28051864485,1539.08668381196
762.577409195272,1.72080034224023,9.64611267569705,16.5386708368878,83.381293250042,141.439955865611,2401.09370483523,11377.632833513
843.157979741524,2.94832037684092,9.12131777652717,32.9136486668653,84.4039044829625,166.889457476238,2785.66775757799,10939.7633300996
926.672324686916,2.19314523628915,7.67350582111403,28.5566978706705,81.7657242787915,86.874625620881,3609.81369218395,1361.01928802863
725.007891756641,2.78247902224809,8.69489180726499,23.1611223675066,80.9354297363226,156.521983914063,3315.2363088363,10767.5465249451
770.414276015155,2.19756623033744,7.8889136856597,20.6026821576533,80.2498918019096,110.90400642834,3177.11402257492,4494.45849285408
737.289758193671,2.32860242513764,9.98673028357291,20.4160177663717,91.8478854907849,134.380528437363,2717.92815780439,9791.80083783449
325.053514969984,1.50355248948732,9.58574947428632,2,70.6022902027379,73.5502523109468,2121.7229647321,5102.21671484599
556.157655628331,1.87479741407905,8.51494216652464,9.90872320829992,75.951668180738,88.0092483810101,2078.20904940304,5349.40623972767
540.852739922005,2.04701874822214,9.43447939052563,10.1715271503334,83.4127576849748,103.780369251005,2649.84567840672,7476.67400075297
675.615094454041,2.44594657073124,9.15285072646999,17.883581258212,78.5303094666861,119.713182488417,1921.58337885802,9019.25161203582
348.662819709766,1.75728178207977,4.63450352439996,2,65.3887696670674,41.6867784633478,2576.72482785094,871.680660430735
326.67338765086,2.64682719640574,7.81931520505443,3.20054687882774,66.380615400766,91.0188784325717,2351.33195019649,7024.71595079848
974.146493570632,2.04660705920436,7.56925678910613,26.9274921159806,85.2862168990573,104.359466172043,3896.74675692456,2554.06293507108
585.854825979232,2.67724748484366,10,14.5673711272605,77.1756292525409,71.8142106015597,2318.41267544858,4305.44469649523
686.641348899279,1.6469536355926,7.65953061332194,13.5902033718436,73.6498732740458,110.655706006553,2767.22502532047,4327.65532770738
717.562656775012,2.51963488152356,8.0205656652431,20.4594075439499,77.9819867311078,113.477157298465,2972.42834933354,5659.66374243269
799.413029757124,1.88598956839384,9.53901505395343,18.3266591752442,87.6170378637458,87.0148021088369,3264.20321476229,4175.50053063791
397.804498126096,2.65534989382273,8.34738239261355,4.34761429954181,75.7601039871337,64.7964785199788,2174.44126764557,1680.97230295735
463.666428973788,2.10325564056362,6.95327674983416,6.09548693387739,69.3215387623142,62.6922671591066,2548.78706420614,2101.91612377997
510.064039497809,2.49802444839535,7.26630524816166,10.0912135826486,74.1838072613602,48.7487517299817,2034.65667538293,867.817841172074
742.799547424918,2.90145790295471,8.98888563888933,24.1639624641353,80.7073038195015,94.8833531107146,2032.30754763991,5672.7399386163
677.584296147664,1.39061750533878,10,11.011508915391,83.9382021703787,147.62075310322,3051.43791999175,10998.9246433829
838.780558504726,1.48307271443143,10,15.8575607454847,90.7267978888355,96.4775543820259,2182.89797777993,1772.42746012928
253.758643629294,2.65541887826507,8.24393557266975,7.25393722653514,64.0229032857255,121.888139707568,2076.72159609893,10908.9094230339
957.928322622711,2.46958957726212,9.18715903036817,31.2889758462052,84.9444071276067,136.066674160516,3028.67864712391,8566.97666205303
777.866988335486,1.75734158466873,10,17.8120242708944,92.8151816161563,133.222486773338,2250.00855698277,7512.48683227579
765.788826509288,2.1706293741576,10,20.5160110232975,82.8234804346923,110.324408269597,2830.65328535593,7598.05530855919
547.769506427101,1.5004264041395,10,7.76622792053786,73.9763993449341,122.24865613557,2964.57927368414,9594.0041323591
647.112244591363,1.78866840804186,8.09227341897855,12.7703197936477,77.1656220856414,58.0225911399242,2062.56468177653,1676.11850817804
334.646324733321,2.13674456179075,8.26153045495874,2.689646757842,69.9682935900529,78.5873218386663,1631.59262275558,6052.29755922096
898.060661410714,2.47018263529944,10,31.3261688530131,100.997935752411,139.538102175062,2606.63510758167,8168.00252086834
735.198412524769,2.02654223502193,10,16.8659064070532,94.3115759807192,136.565487041195,1779.48815980533,6955.0248958092
475.67950716589,2.1879791858722,9.40600404635705,7.80005872755998,78.1134536390681,124.459536421349,2561.77255445541,9660.56978125624
359.327922354695,2.78636578626117,8.17330169334161,2.15238699091718,73.9048089328785,42.9389146120317,2252.13512018691,1294.98879912487
658.742859456081,1.76450766009115,10,13.1509095522389,88.7103168927008,136.532258707407,2321.17139066392,8097.71143449083
315.015669672174,2.55104898165308,7.41294720826625,4.66649838580941,66.9235172827977,77.8055939611467,2484.80264674314,6374.30503423189
764.872158999998,2.79250088801738,8.07568426007918,26.9947142888966,82.5101031590102,107.485160498447,3406.9239865517,4670.76950377938
956.787965110242,1.70824739638631,10,22.13503033227,96.0954629869888,122.027756794958,2092.07700015221,4243.02480457434
778.891083380528,2.03471724772175,8.43955771505732,19.1297420656783,78.2084133931903,133.691167077396,2906.43511677513,7329.15896051612
903.526947297126,2.96971526083403,9.16908356571051,35.2884516401409,86.0434194400695,160.87118019453,2869.06900983258,10300.9491210869
278.961626361455,2.97482784719432,7.55737049517786,5.60703582243798,65.0158545582985,78.5468018269758,2298.65869615249,5957.93518711227
836.439519708797,1.61530674027762,10,16.4323388501131,97.761162116104,151.764474019595,2028.31964630137,9571.95480484612
540.94561563522,1.56685075259229,10,7.27393915398913,75.168380756617,87.2526369670404,2458.98979319476,4923.72020028364
788.978973477252,1.90638241696508,8.30990369323914,19.9005004019315,78.475425933426,60.1673512259266,2369.88956870399,1626.33909072494
946.172719457637,2.09659793595553,7.55539466672998,27.9680362971392,84.2584632020815,90.0950619960366,3864.99907182896,1176.56310104502
527.414886219325,2.14233081285874,8.2731378271953,9.88119367664225,76.9751598328488,64.3666254675944,2318.13885769302,1064.67808456045
687.571382022669,2.33347587253895,9.30929801324172,18.0913933026157,85.6611056801543,91.0587474896464,3403.73276662448,4681.65156153437
396.519370646889,2.76929238215801,8.68594653236937,5.19177028672695,76.1467913709305,66.6558667637109,2007.08830111386,4209.61525919426
581.168163695889,1.88380860767562,9.72338805299107,11.3010188966728,84.7423560339234,110.841032082597,2339.60737585091,8397.30725984826
676.116669449048,2.77497680324881,8.71739961011253,21.4145670062255,78.5667742807953,131.063117725619,3284.34027483303,8671.03651743352
739.235612900673,1.61849791951969,10,13.1647729641089,84.7262335456226,86.1388423094025,2072.33679839179,1059.39365717114
412.931090811085,1.56281204845982,8.03935227802897,3.28244655747542,69.9732328845188,57.7683753550003,1999.70069288228,2932.35589177916
887.563926130084,2.15688876932267,10,26.5545541497007,94.9521343465584,105.276011307576,2278.84109082626,3516.8803517479
545.045345607181,1.52036381328894,9.41665869147074,7.0310269252977,82.1016356055144,99.1996767865895,3087.45517816533,6523.7318255709
675.535239424005,2.05236169397427,8.80369336974755,15.3818392056932,80.3977071184939,68.3507714758906,2659.68743280956,2089.66746297645
557.647718815723,2.79837950566152,8.73136787162869,12.8138138872438,78.3958795806766,75.644095848636,2840.91611065898,1973.3534134
343.242221075819,1.86222455431121,9.1538223063593,2,69.5470689449401,116.128976921615,1906.46994811465,10881.6777812875
894.147059893011,2.26000531243021,10,28.4992383606524,100.641543918648,160.110644061413,2187.02592338159,9346.23198027559
716.614631993903,1.92115560545374,8.99235842213486,15.566745135856,85.9530726793752,65.5868555866493,2486.44307732475,2487.20392300287
566.235929069477,1.5673800828632,7.60725891999904,7.9591752425394,72.6538480579607,78.8719103894883,2309.18221934574,4972.2458869604
585.995972653354,2.33503587211546,8.4617942839516,12.9208015303119,77.7356518145297,78.1736237502811,2222.96018100841,4411.84199183322
676.792679499747,2.54124812086921,9.93034149955802,20.5965582762805,87.528736144474,128.055066367442,2899.74303118682,9201.04481471948
676.022168441314,2.11420267251393,8.88063336502108,15.0776143004701,79.3550975947293,90.7083864397445,2093.01629163483,6112.34208125934
704.51241592963,2.42594073968713,7.33490285395412,20.209638522774,78.4609277244459,82.5435906334036,3270.93110243863,1906.34710692814
382.110343729785,2.7475657855985,10,3.59628355302134,73.3266260819152,111.670588738195,2604.92388941107,8628.91269471868
335.442752904563,2.59745939049375,8.5321259149722,3.5610037599686,77.6955841678479,77.8290882304796,2226.72388391574,4865.76776047411
459.956817570151,1.75031632114389,8.59798542431882,6.25158705152005,79.2785481434282,69.1226769768819,2769.74570702989,3392.16672395362
536.754293870532,2.60007593904751,8.38868634507733,11.7227552647434,76.2245878297855,82.8867412971639,1847.04866385315,4630.48484222792
798.948926377108,2.14066085355551,9.45597375707157,20.8227578656115,90.0851986391334,98.8219636651436,3281.06620447322,5975.32219967586
800.847669723859,2.61895021182913,8.11763100409825,25.5723952015281,81.2307420485568,105.050958017719,2670.49654783336,4274.2706805871
663.121294253685,2.19453223475177,9.06131105041329,16.506431114822,85.6418950042202,64.8828906646356,2524.38794728252,3160.96349850934
892.688959195387,1.69193724616245,8.22456870865616,19.7538850909189,80.3310227385712,108.856759327281,3788.57189535012,4883.52231684378
721.568682587703,2.35486417003386,7.13319926248343,19.1039344422191,78.4996614382423,78.5662017460624,2797.44947015756,710.902018248881
329.253575724718,2.0703829855516,9.40302206455062,2,75.1871711596622,119.281499332684,2103.43465260733,8997.47630705945
818.402700613435,2.20913413431151,10,22.8691517146353,90.6530807037323,101.781600010883,2259.13204083575,2380.39382924344
650.152796157238,2.79988499471011,8.75426417820589,17.9342079580079,84.4162882934106,57.4906722110461,2928.33533388398,982.95074993701
799.125895093128,2.66009811967121,9.65718703796195,27.5270233853836,89.9305003489842,125.036793050378,2685.29729462,7690.68562195587
743.444420912468,1.93465886796084,10,18.023028021434,93.7485390500616,151.542267001244,2284.12122842516,9013.29741706039
748.182281040548,2.01160112950144,9.74513876269729,17.7803956178835,86.7963256372413,126.385515711866,3190.47220416827,9452.12044752127
783.676359554215,2.27278043830892,8.26858106159754,22.722764177762,76.977476508999,110.021478253042,3435.05321165506,5928.6010092666
875.764683372205,2.20077223913154,10,26.354150925245,91.4157046725861,102.964562113766,2255.33197232335,2759.05003158984
599.126465258526,2.75766204830325,9.90249546418309,16.9931569385466,87.2195292575361,110.581750981368,2652.69964500982,8609.50444974809
326.489396651298,2.33890192031562,9.14843622711112,2.94964490414302,80.6949817076961,91.5553090022366,2149.88902271464,8196.84384869771
277.43594943959,1.91618549233192,6.83941360933536,4.2395101856094,63.7929386808178,52.2259348881003,1803.85723015469,3208.97807513491
310.38204486223,2.19739649026343,10,3.64024183846783,70.6434529716701,121.508091415688,1916.87549028098,10437.4853144907
379.791929607896,2.44083537436197,6.51654827472164,3.80604382400937,67.0362372049947,53.4334892955744,2095.43466099199,1648.08603891112
911.030367068104,2.45965758152095,9.40186939562356,30.1011958282742,85.1921913300584,164.696070435995,3912.45454788309,11309.5706355046
386.377696995361,2.21994680565002,9.68779856695371,3.11136159724562,82.1834537189473,120.500864148842,2627.79588136518,9962.72592075211
602.926484191948,1.64784595396024,9.56185483587888,9.37223224946704,81.9477113479054,122.292415320363,2788.6547341346,8066.88510026983
715.531112012431,1.34057846499926,10,11.3425520254333,94.8793709684953,159.311675506251,1751.57847661046,10826.2487710782
698.496311989536,1.89377807568767,9.65056436975705,14.8237822003452,86.9658992546231,116.842955558802,2662.51583129043,8445.42285156079
919.358459601196,2.0718246351989,10,25.6887317998532,98.0016123749029,109.736563567518,2088.41552767082,2595.02696733051
910.165805986569,1.48592102183003,10,18.2005061553671,94.9067264000589,128.828219250024,2500.4952660073,5363.71751924093
562.416756900688,2.69326330877906,8.55515586889692,14.6255003305874,77.5023408780771,60.5880452866307,2709.5345813404,1286.53326764799
749.598348527948,2.01611615626541,7.86456152534024,16.9977279926261,77.0742801821632,105.650924515291,3344.04692278904,4786.23164516927
704.722021939317,2.87044911926776,9.3888078048777,23.7290958561195,81.5935979415719,121.987009112912,2206.99846012789,8657.63321710929
674.440224775697,1.62878153172764,10,12.4813183693117,87.7120413010468,110.090447976554,1987.97099163857,4750.87686023899
444.879801014328,1.58540243540597,8.24039111936171,4.13142226598787,70.2561803067706,69.3255954231823,1872.84279855574,4133.23593014948
391.973853080311,2.11898698477284,9.48727270557841,3.41051113471006,77.5220005727072,93.6405674348937,2042.67159944061,7048.91294761343
637.105080193824,1.70867295153227,10,11.8386056426829,77.5792797460322,121.193113088625,2828.99021612037,10094.2498189878
643.118014057909,2.90609891336679,7.88483700185496,18.8192691434758,77.8327722714776,58.6727713498983,2392.93887686282,1023.41511800724
626.254996393377,1.48552375586053,10,9.99778006824654,75.0341743906813,85.8567407277838,2765.7653115759,4740.17478169709
395.460513402634,2.11892951258855,6.76099950053126,4.34843288289731,68.170733288094,49.6882637781237,2325.40146013213,2240.64815996789
350.085503600717,2.73311297034279,9.41136556622999,2.50303583061169,78.6913240166964,98.7218289307541,2310.16012528068,8148.89675805057
755.584792257511,2.04784923292818,8.65777033927933,19.6385325839063,80.0746337154513,83.6483676980334,2905.39657643428,1662.97016474248
803.092385604895,1.47953259318422,10,14.9733696195403,93.0495058282997,141.603661789439,2202.03617052818,7812.88534438269
392.440268218882,1.95434241429268,7.33704991169907,3.27299370341349,68.8954223124969,68.225152868815,2116.32800175069,3647.98957877698
835.529957299317,2.17151348082155,10,24.8056472205887,93.0158807669037,100.285624267398,2520.72186950013,2688.08495110947
396.395217909553,1.64973259305428,10,2.53791428954624,80.4537896013114,119.025878193025,2020.59184578739,10799.8781360748
366.274389552437,2.19984255771489,4.75876460101879,2,70.1148325159078,41.3016506280848,1728.35767182221,703.770344205515
502.762610728972,2.63250011796078,8.78879862549323,9.77397543899927,80.2617385479225,97.3272380533012,2327.93950399488,5315.54999078526
413.610347049955,2.79165446745647,6.14165983209584,6.06410011116581,71.9646969204171,39.8954625465077,2061.70909042239,737.896917079732
697.716117814866,1.45939989830623,10,11.1720579500666,89.8597978493321,115.497612325102,2173.84886859364,5819.52352914762
746.255743889265,1.67156708611185,9.61617609699116,15.3976175005223,87.5514103255017,97.4915241832548,3484.7008601057,6011.5211557386
812.30367087433,1.81637293215907,10,18.3328809111335,89.0091295822351,108.72000108441,2376.09045716428,4038.28718534222
419.214172513173,2.3922987763314,7.01008877583091,6.00875275043843,66.7764608688629,61.2259812669728,2259.39905529988,1953.77955277526
644.739796864299,2.0414921381887,8.33680855365133,13.4028091236417,77.9989288117551,71.5290041188898,2132.07448428082,4640.26291507923
775.77405683837,2.58408006415856,9.80452000382593,24.2493693498617,88.5973711455319,122.554420849564,2617.98672875493,7894.89233925823
356.099282235282,2.57500780242441,8.87345244207002,2,69.3791309072553,112.837609727927,1749.87640365891,9106.35389508905
941.73709848824,1.65068403467026,8.80748429467275,20.9308308747044,82.9073773062812,129.457162514429,2932.58173675947,6338.25662626957
833.607671947138,2.22397317471969,10,23.9064630527198,96.0218467562388,135.000271085347,2360.77592563411,6988.17833883731
701.157873834143,1.66951893802047,7.33920055402351,14.1041963216922,74.0342814378787,92.9508261858967,2503.85139802105,2706.78008237118
354.002261541147,1.88255350445469,7.13126808928225,2,66.4343275970644,53.0504451436507,1905.8309845159,3660.63366550414
541.18070823237,1.73322409718467,8.35589883795066,8.56551936833158,75.164328109763,72.5839353052446,3038.80669286407,2280.85171057594
645.588572288711,1.73582193157709,9.90140923020155,11.8121748301253,77.9099039569373,65.6204462827957,3311.79624105346,3242.24885005072
421.303508476726,2.36450874217895,8.19234388003458,4.28925734806393,72.9806213611018,59.8994348113822,2110.96654065431,2973.75458248085
567.439407733795,2.2482459644827,9.11940885515819,11.8178117166056,83.8860155811,91.2806786829577,2483.95046154745,6213.93665030361
889.635069595552,1.76404222918159,8.59901543429886,19.7428701575301,81.7828709996052,133.421281153157,3604.02820860774,6689.57631369802
524.370375423753,2.71423693741676,9.85698494983247,12.8687042118712,83.5307589402293,136.028735682192,2651.56703991459,10894.4216290365
731.512980560088,2.10919457858853,10,18.5534142343427,80.4608528042667,57.2620134334908,3446.40039841039,2651.27711811675
954.310685994142,1.64560399223241,8.67944339015224,21.6388048264275,83.7778216958634,128.901885695632,3352.36156171794,7558.43281177646
535.345608820223,1.54792809942527,9.59718463102104,7.20420157975804,82.0195789899393,122.700709164004,2253.66639638705,9489.85195886275
786.46285520445,2.30988470111447,10,21.8755861616901,82.5811268846748,98.8343470260296,2642.34414221013,6662.65610161358
337.792546202724,2.96860410507521,7.99332996396129,3.5051186087594,65.6060204739384,56.6213658366329,1686.24167931233,3305.04017751183
301.681189161468,2.32464007175865,9.47281697108524,4.63743138743977,68.7239700209275,56.5094801404243,2405.44845603905,3388.05253022
490.334131901959,2.90086115427471,7.78669077558332,11.7302257408239,73.441391289318,55.7839866484882,2772.61946803118,931.783583780999
600.548530686255,2.09652191509526,8.61529179583309,11.8560576046387,78.1454449577014,83.6667358990489,3197.43848237955,3859.8864920333
614.60007872483,2.15376165547802,9.2440526710295,13.0983391554114,75.9025957220609,117.767349610055,1900.49080614894,8690.64046903718
416.75600770284,2.25001103897382,6.07720569699528,4.88324766968323,66.9314476752864,38.5881980917063,2623.32280192331,1022.69532927821
362.441656620323,2.48434663625551,8.14570830953738,3.66291894467373,74.3503187798087,67.4579534878677,2541.76839693617,2912.24810755314
385.248760893947,2.051423949677,8.8500013655888,3.93400325820951,69.5728613429105,106.145510427572,1906.44407482651,8268.5574838496
726.073991926005,2.79582904901844,9.37753470101108,23.0680832838813,82.1586498436878,128.008950803239,2071.14987027971,9109.16719105164
733.955565869631,1.48722408623029,9.7004504350229,13.5443809455973,86.7075919833292,95.0439254633703,3196.85548885685,5508.50251068121
869.559415144288,1.93885437537477,10,22.9270887386513,96.8616178412482,144.210316379004,2232.54223148215,8178.81772326514
632.108986139441,2.17644259821731,9.12590184528963,13.6290945169581,81.5121469687106,96.1134081380861,2911.56119300951,4767.47385520381
459.188744809733,2.41054835739464,7.07732621216876,7.91420638040417,68.7819487596613,56.1780027816766,2374.86497892269,2259.0456952654
401.462942850994,1.85184009657017,8.6968399994151,2.99681422419836,76.842482696229,71.4966544946118,2536.29865431594,4879.64442875197
771.300280103961,1.95708451452477,10,18.2193506981021,94.2788648625873,129.847363032235,2291.32946560321,6879.64602223457
493.563128012183,2.22680662532108,8.21101816880225,7.66899953697494,68.2372236687103,134.921412881969,2335.04686997693,10928.5861003818
814.900908801336,2.49062999938068,10,26.0634824403445,88.9995124076515,90.9293364205147,2087.61574239603,1256.26047297545
309.29016702755,2.66031627710372,8.19181571315712,4.90068808776019,70.8201028649491,76.1286418712664,1530.77830960444,6081.33503229457
776.778403360049,2.60674099101568,8.66156759261832,25.4552049887636,84.1374583761141,86.8423624120785,2496.44688477182,4118.11756031797
945.68561840025,2.01237457843438,8.17004372702732,24.784358338727,86.6399873387922,124.604603563834,3670.02520600345,6091.42863704364
741.190754938408,2.99917578448795,7.31186989695404,25.1720306900497,79.4013378991243,73.4236220157391,2988.94193436376,763.729921141849
846.583574066518,2.63631416292501,10,29.3979009162261,95.1349676302397,113.381953480662,2263.36925997406,3943.27890171739
761.619691864094,1.77009910968581,10,16.7834707511806,91.7049892385834,127.681535840642,2883.41515186805,9518.54962279705
348.005506056826,1.69416168718034,8.70408985599263,2,71.5714782747717,92.40230028312,2138.55380810371,6593.35907240101
551.51474039835,1.89933352284503,9.5536282930283,8.55762148183703,82.7806810412981,84.7150944633083,2494.8174082171,5456.40742097729
409.685059046203,2.17851727949947,7.24020784737221,4.83972162373316,67.3718101859324,61.7697498586426,2061.35082725112,3640.77578886874
393.571751849236,2.77619906747942,7.23038475028409,5.5690111535483,69.3928537965662,71.4973621326318,2576.41566586396,3778.46775070492
717.794304446463,2.61514711074411,10,21.8543812887307,81.7571214107662,81.2113299634807,3453.95349416088,4714.11576949643
752.258458678983,2.4404765513177,10,22.6700712697342,94.0923580330046,154.465880681701,1875.14325119694,9691.27780961016
331.831666620504,1.76624797758709,10,2.60862379619893,80.3573427862297,112.295538680005,2566.32748357044,11139.345274891
332.918871082151,2.30533669014331,9.12297133891576,2.86286586864622,72.7855061598378,72.2104249157218,2392.52722889233,5325.20919485412
321.372303262305,1.86293268534328,8.85969406544432,2.79181378204584,77.2585733204828,69.9092119509621,2077.15894866209,4826.88122622538
504.572710937019,1.59552349002573,10,6.71740800386993,74.927584649214,133.801364088032,2146.18082111399,9812.05853401849
659.20313884918,2.47160273004727,10,16.8500863817445,78.0334720137267,89.6907084707293,3106.6846808211,5195.95852699934
681.488984772206,1.57364616955116,10,12.1368271288575,91.860282592395,126.883807668769,2044.45763261341,6572.19989525216
623.234260215775,2.46985665037627,10,16.4564363502849,78.2132109741367,69.7708126176284,2606.89869945552,3040.35831058619
643.544236051852,2.38255955618481,10,15.4905286799028,81.9179784346113,126.602655455396,2695.39624943616,8678.52789356983
339.320743405459,2.71537266663603,7.753820727766,3.65348476433528,63.7339969269566,75.1701392905118,2620.06314748548,6351.8715009786
840.223062424252,1.50849865398848,10,16.7222146343388,98.3392377216345,155.174803063057,1880.2313842917,9399.38005264376
889.703919009397,2.67522022276322,8.83499822696744,31.8437879875237,87.7516464921365,152.419478810916,3737.00862258227,9088.06003031537
413.314767980744,2.99891478891936,7.20994723357452,6.50736464578593,67.8367023911516,61.2025943486232,2153.79271251157,2865.05245097031
468.358298640048,2.77656367287885,8.95508626374768,8.83085278003209,71.0321748072657,114.679577641628,1793.66875328572,8371.99105613539
609.575775787164,2.6277181144915,9.38882403077473,16.7513315198041,79.804628877286,120.259442622689,2031.900090221,9300.59848746509
788.923543664028,2.42165558415847,9.4563778824279,24.0391002870505,93.5728264138981,90.3474216243083,3113.87672840599,4307.17964860635
513.420704684489,2.09856795111535,8.89430727645696,9.45767234772916,80.388757066029,54.0158027317278,2420.28348653426,2398.70024192502
495.867548142561,2.58430832075813,5.65620408971397,9.6515372492318,74.0101824135854,50.4454127908614,2388.72428866073,528.95371137547
812.49341584914,2.58626705271068,8.28016573085014,26.8613321874379,79.447190240735,115.286103888222,3453.8989498684,5459.94018402463
338.109196722524,2.35798896777723,8.56589185558416,3.34744494780804,73.2418887327881,83.3944126420054,2077.07517934963,4376.76004692726
576.581639835695,2.69441756744674,8.76641083339594,13.6970124983345,75.6943407480781,94.817238694452,2068.82631213653,6604.0081720795
464.348693608632,2.13593502730499,8.72838841317596,7.30291539218979,78.8477021343051,59.7969812134538,2829.98706003669,2568.45201847664
360.711061165631,1.61210686850239,10,2,69.7086420542071,111.311471762231,2534.050581041,9956.32102433123
813.189859391081,2.33860159141386,7.56187826843991,25.1361219282284,80.1963013998962,100.7002689564,2862.94376479163,3335.30737190921
301.691993286989,1.85027281635166,7.92042027303408,3.37736039366543,70.1677411240275,59.7492773808452,2349.12246449771,2990.72565596415
500.892622581379,2.02656903676326,10,8.77605643143707,71.9177179444235,87.454516339176,2713.60097976223,5787.85462132792
352.867633963225,1.46520605008772,8.89706753875418,2,78.1534951927346,82.6315521064308,2104.49455608751,5987.36126118702
312.14635169989,2.07418588187682,7.59978039803396,2.46848994554687,66.5760442003613,53.730580301317,1580.51346435269,2865.93751663602
929.790018497801,2.59482236479473,10,31.3562036260609,99.3087723718003,114.070238857421,2190.6105343721,3490.46799398507
758.124401641317,2.29126323831979,9.989223406953,21.2952035970771,82.8664957295949,60.8825914916066,3109.55344729842,2366.75763070769
683.069859343643,1.35559923296401,10,10.4919165249543,90.6997549269815,145.263806292778,2188.60485462523,8403.06196155483
569.649131917131,2.07290634486001,9.60425662611577,10.0894745533684,86.9291257870722,112.115490500702,3029.8120728774,8970.9793437949
347.285354995845,1.93717747146811,7.38506261776331,2,66.8545901167892,83.2960705109604,2445.03100622508,5585.61347205211
822.752103535264,2.21632598309576,8.60525072657666,23.2143045316658,81.6871790326078,135.136987592827,3192.07953446534,8354.95724953519
518.31566044708,1.98630167882843,9.71723001101494,7.46482522125337,86.162567286506,107.193603132639,2974.77654990108,8595.2893113119
744.16786927817,2.89796882933607,7.64046206968805,26.724871933274,78.0835435878247,84.9293287356353,3105.88706777115,2021.03080445589
495.137752872354,1.56176594844452,8.59709443296954,6.46411785540333,69.723348016305,135.371979308963,2542.25701539228,11127.9582731799
650.596383728102,2.22450322357111,10,16.4163488295888,89.9887479048182,149.711098674122,2127.05735516473,9531.35141806074
326.536391085684,2.71292663351385,8.13505733475971,2.24528524124016,71.1843797736363,62.9940845303781,2023.97229126024,2749.31807315406
683.83771651864,2.876460649164,8.80256276678273,20.2594978073649,82.3689222879507,83.3705207493993,2650.1147043687,2547.81539320677
883.075510927238,1.76645433981644,7.70057627228943,20.7255209406953,81.888952851767,87.9791719056727,3593.5142044575,1882.27260137541
424.484143451239,2.29695720294929,7.02886058794573,6.37755797339987,65.0798411127734,51.4228067758532,2757.78517684383,2022.1641879611
413.72641966539,1.56538436597582,8.25815996264643,3.1089319888256,66.0366553728882,101.361981668266,2066.50402539437,8729.77978931566
548.705689745713,2.14259192507563,8.97074985090057,10.2923431545778,78.4369591756059,93.3673896786252,2872.55583295259,5666.19682646786
774.809630439469,1.49589679757509,10,13.7363131255884,93.0791171132647,146.119703996438,2119.72493638301,9112.27590013854
496.44614791559,2.65680825195937,10,10.5720221316575,75.6705324655383,103.920984522463,2769.27937293365,8708.80383785226
424.891711010142,1.67080500390805,7.62757490034858,4.05212519203887,68.9124073219181,93.1805182030284,2120.93651107074,7150.73984855744
564.25758557988,2.19379491093086,10,10.3284533009405,75.6331725543881,108.440804684798,3147.96856321478,8050.03267236548
645.95115704181,2.27096733292254,8.11628397558541,15.5754812845486,78.8718313739909,51.1315133972319,3184.69749405361,701.91296817056
655.603580367011,2.87999867362537,9.16010358083887,20.8935980230204,83.75795262367,77.5705428891649,2843.45393038496,3929.55411485524
488.814540070072,2.48247104105833,8.78898921919282,9.14674897360202,74.594500442286,96.6093274394336,2064.21792968263,7516.04397185351
506.770261371744,1.92205665173345,6.39405388567009,7.97109864404255,76.7115036449532,50.6412217738978,2973.90651109615,602.794488348686
380.794009407678,1.86119896490721,4.93488359116708,3.10290202948408,64.9501882301525,39.0285428928046,2303.41962182719,862.746380508527
437.787520768999,1.6923723084676,8.42244578143924,4.66061256527852,69.9840808048499,117.232953223929,2836.90301507367,9870.76780717422
781.341415165678,2.37049543891772,10,23.6212270840289,96.3458268931794,141.474364230152,2515.29789107203,8024.27347861279
961.358762097668,2.53613498427351,8.0151219545372,35.4053293751219,86.3470607505138,102.636868667104,3129.20449653548,3419.06706432378
493.726443420765,2.41481569096216,7.99151993658945,9.77041518988573,71.4771240651291,103.115500292273,2176.94160632894,8067.5912413058
964.529734314056,1.56126066442498,8.95210409875624,21.0208577521753,84.2590261965275,153.904556320147,3296.60590088608,9217.0233605319
498.197947045799,2.64424329959144,7.29625776906732,9.2989956677104,71.2209954401317,72.3060284645254,2543.33248020061,3874.73711421111
785.496074261907,2.44811330236979,9.00335341991041,24.5939664168244,87.6569125431341,52.374475595187,2746.19525863503,896.411152491062
617.868389127635,2.68167624757528,10,15.9708728550294,83.5630946684525,138.143049329849,2495.47306141538,10760.5703715651
781.775069081527,2.31260146496717,9.36991827291541,23.5669350779575,92.574425129324,86.7702260248773,3589.43382835589,4296.97822125193
379.084945204713,1.94230727227888,9.0820209037435,2,67.390423973229,48.6643261515883,2561.18532664931,1671.29939613177
326.238840414702,2.07228082828398,8.05984398447623,3.33239825156953,70.6874334577706,90.1825318893977,1802.7753849317,5910.42558532462
589.56259260193,1.69796435046269,10,9.87730760250439,76.0418496434828,103.90569707554,3238.85347182525,8953.14575230547
993.39728231991,2.48945634684739,10,35.2395447460521,101.151091625919,111.210677846215,2266.41167514248,2938.12046079315
767.042098920959,2.45065346284169,10,22.4163949261176,90.8881821973186,99.8461470852153,2265.49479707472,3464.390551467
324.215176767536,1.80097502321651,6.9773378753317,3.09430527960402,67.9501806734075,60.2536209633979,2001.32070536357,3169.86485478442
560.770724596757,1.57252756298198,10,7.66913077616675,81.0426206288532,138.095088022171,2775.76925137068,11408.4035811485
624.399312289444,1.59752517972664,9.68616035854928,9.84906825718348,75.664513080694,59.108485960723,2513.29269517936,2671.44107103597
726.071478206356,2.62308532461535,10,20.7458376535374,93.358095375018,131.848210945961,1787.71696757549,6830.72238662736
657.38467924963,1.76731343796243,10,13.1192855658315,80.5589991864564,131.91060180138,2472.67253523272,10677.9110582266
990.04580281829,1.96291907373324,10,27.0300468773424,95.6300491166247,101.240748131792,2435.89981958218,2115.86225765557
748.481560855308,1.74181592250369,10,15.6885202101343,87.8405551701034,150.558679025372,3506.98445375308,11179.3961765447
752.054880729268,2.12043690391619,8.92966471261792,19.6179236643024,78.9963397053019,156.322516722518,2680.07841084603,10922.2495783519
463.361841572299,2.46147807734921,10,8.64261346211686,72.5575114167448,123.047401541969,2570.11672417427,10230.2918576409
748.616489779835,2.70557849005084,10,24.575220859736,92.9954619746654,93.4844014527877,2154.71558948437,2860.12173463002
757.821111357458,1.6081582632645,10,15.0572221970884,91.66663628151,136.860216556824,2124.12958893726,7474.60561612082
285.111824717648,2.52961851561175,7.97926713559663,5.62674100552803,65.5043422639559,103.443796104318,2464.65246600493,8869.80620257364
680.981419444645,2.02884321336373,9.95647385436403,15.7048156359473,79.7970439799433,137.806592531524,1876.3395211132,11346.3072101607
482.66963180535,2.92158134564603,8.77941460100797,9.45430438526703,77.3252810947554,52.3397352178626,2134.76831255403,2484.66204289507
557.936991846908,1.94837873892612,8.38446032299313,8.9721128914167,71.7697228544996,111.415402618757,2612.14047273287,8926.28489471226
763.470311560054,1.46821727252959,9.14839378818445,12.9906311807626,88.5947194901395,79.4796895580368,3130.43289721497,4226.81286919824
658.550958257691,2.27345996102977,7.21449877941596,15.6662433704777,74.5742228884133,83.213959407139,2696.02168064208,2431.89112124803
794.251534964103,1.65223196977505,9.26090588981247,16.3024791091217,85.2613012841849,120.613101907133,2866.4858192791,5135.1463533524
655.011365750092,1.47031187762828,10,10.5795016163375,85.1840735405236,126.86874320203,3139.4600372087,9232.19503363478
560.196112996481,2.42824164884461,9.03670400136462,13.2678773019216,81.1385174410025,97.7218092957738,2394.87216526162,5613.34784074457
386.334662930394,2.59838892376268,7.6804853177644,3.55611390323167,66.5237181639364,80.1046877717815,2310.44190367438,6412.75410223353
559.259066304856,2.02384590408815,10,10.7447569971477,88.6688442361728,138.481474008372,3099.88117829941,11446.7535122013
763.618653392456,2.51532827513487,8.00229772044578,23.4044593455467,79.8066324037669,112.107443821246,3183.84050867854,4890.20229513169
867.940734793792,2.3073591723707,8.31822722327663,25.9414032864753,82.602092486899,128.933134832178,3355.40282595016,7269.40830180164
282.543096755677,2.4447016615829,7.34390602470873,5.26028892487729,64.3369232426853,67.2916624138502,2097.02457868815,4517.68621776909
867.392911019134,2.39505595978194,8.15467579163664,28.5238911197625,82.7897964067183,115.807514018377,3378.54139356083,4820.64210961575
437.672425069222,2.41385997351049,10,5.41930125224913,74.4633720881733,91.91293663619,2645.48672079533,8152.04828789949
308.817414526173,1.66968484399976,9.75246470104921,2.62891121823802,79.4074099702169,109.325056499502,2437.59019724269,10816.7567370437
576.352883081439,1.82102601395303,9.26482566920266,9.12217949514468,80.5324686289335,94.1685112246335,2859.40791020279,6465.94845541554
589.223877926348,2.03103347451924,9.85515520172928,11.1013870531208,86.0537789583438,107.269281408947,3025.05590363853,8952.39921843658
770.627601884614,2.12902746772885,10,20.5868660484941,89.8586682580817,85.7754791318601,1849.80957179214,1481.2721469866
628.914493020127,2.5677044405699,10,17.6558110214331,87.4938252446865,102.053469821238,1657.69735042382,2822.7384117512
746.671476402096,1.99961283465414,10,18.0835522076192,82.0678175032256,108.468147674868,3292.28156602828,6023.44805011486
605.715403613944,1.73538619779947,7.893718689071,10.4693117704148,79.9184951399905,48.6953151566852,2554.26021118468,720.128959916523
290.499654849139,1.87719895573661,7.23033707766576,4.26253278345112,63.7369093994357,57.3138290532201,2439.45662497933,3281.40476638815
804.372230637659,1.68108303655026,10,16.5156614177734,93.1476980123165,129.036458259064,2199.03278613881,6191.41418807463
424.039010581965,2.59749002888403,4.63740078956855,6.46810049223386,68.9510541445398,42.0833622904728,2433.69953686528,664.573180819308
330.200934396463,2.15537070656641,8.49522250250228,2.44649861441672,77.772896900116,50.040876301118,2464.12167526888,3410.00914848646
603.429851801474,2.45779112130206,9.67478162616411,15.6817848398023,88.7675170062384,98.2987668110274,2971.65998038556,6154.33901423456
704.163199460782,2.02796084578238,9.67230856256865,16.8101293684496,86.1421033450049,96.6441820954729,3227.84577915938,6804.6417277937
912.152818986967,2.83460340375586,9.29638146786133,36.493123401461,88.0619943489381,161.638017012955,3630.18945000216,10683.2686236084
401.484707082092,2.78687573914342,8.95760690307379,4.47907731039142,75.6336084114598,109.974216500642,2378.3300303608,7598.80185575669
551.802385343974,2.50476376305392,7.75359751988782,12.9583453085274,70.2567009479408,75.6254233371917,3046.75680121144,5062.09382782993
471.271082829675,2.79571883585433,9.27641115795006,9.85259508091026,70.9561734738996,130.625392977163,2077.66936526997,10733.8629484637
581.277932402179,2.26189990075809,8.28826066849653,13.1838877166808,71.5101911286239,104.665823279504,2588.5645761124,9133.71281726574
275.111787479,2.90193126053086,7.20433588106483,6.50625885848292,63.4155732707817,62.7332332396003,2363.08625376887,2700.09813224022
794.483475407937,2.68078097816606,10,25.5431166036243,91.0647741800559,94.3563402619942,2439.84193464349,1939.26597483702
858.993532012142,2.98766785764906,8.8020760635454,32.4084839370479,83.7835708024103,141.450144366927,3344.33781940533,7933.92799317006
423.825049237302,2.29954412409339,9.04326020142545,4.88949173571601,75.6182155930089,102.30684373243,2485.23687482516,6658.71482134682
685.690094360114,2.5666568469703,10,20.3935807549591,82.1727223157061,116.398591625274,3081.60342322067,9186.40975172031
469.413487933751,2.31430220996732,8.32130595609068,8.23637455497212,68.5521521089246,113.014625018906,2216.0017737069,8626.85555086555
607.243774915182,1.71451252051598,10,9.55343794190606,90.0373656584556,130.066198378062,1629.17334758534,7377.32687243267
862.929006743683,2.03213275669464,9.25851084270884,23.8964167787181,82.2686536378622,166.362427436238,3581.29684853915,11350.2038879178
796.591293767379,2.61481106723108,10,25.0565045943373,96.215196845238,126.931560919923,2144.15108929552,6369.48703121449
718.610220596228,1.58392191989793,7.256764630398,13.3282995018821,74.896557843649,77.0258221503857,2640.02611711062,1744.16332151892
797.874113529765,2.19602323102003,9.94100693531131,21.5924593393242,87.8206738793269,139.171409986275,3133.53178199272,9611.00921297587
564.006768189665,2.05872604875616,7.46258366949733,11.528132374537,72.4370444202407,63.8289102686668,2553.14024040983,3270.3869858028
446.253847514532,2.00160120548534,10,5.96967712932342,73.9942228874023,113.861195876842,2766.45617182076,9050.3236295831
570.535460399308,2.56706447432637,9.99955205829233,13.467682838794,81.6479213096827,129.758066348462,2718.85831663606,11028.1780560006
726.600855964116,2.49693360973967,10,22.1158336098767,92.399836049888,139.980590984185,2078.67973702717,8164.75065360775
910.198300654431,2.18672677115826,10,26.4460269585415,100.599066468976,144.098543197075,2029.4267892126,7056.33177044781
765.165716598228,1.82084282029631,9.12284676357027,16.8087087326363,82.9816698101173,98.280873707961,3354.43458181563,5564.24793242545
743.531442765753,2.0884575033117,10,18.0180370763026,89.9028913975876,105.994390766476,2291.47102225918,4508.50852594944
931.95448720027,2.11244009068382,7.94286519302404,25.7828241999871,85.6510100145865,105.487316130025,3747.68174431713,4383.0522606902
824.442639949622,2.03042704380374,8.40710542874707,22.6610628953297,82.2449407087516,133.790015616693,3227.27538165793,7500.0997628055
498.289280655789,1.55753019246232,9.76705902084762,6.12839712303358,83.5061221803155,107.927674262723,2879.47733941276,8764.0042863152
769.210926049385,2.19178205828698,9.95281434565212,19.8803385851956,88.7532587664801,118.90083706028,2844.00000002186,7963.68776432856
555.202344359516,1.91782517757205,9.13082542630687,9.09832749562233,81.8006834425916,65.5983550864461,2321.09770028199,2682.51111312919
533.705250128732,2.42961816358619,10,9.74511000609445,74.8230468259063,89.9454075961417,2651.82631538457,5933.8589815784
885.35204068682,1.9788059037383,9.06831639635322,23.3150053420747,83.2494133265902,154.305004588622,2979.88913564753,9208.04079401369
430.617100509142,2.1467452397022,8.35391474255868,5.25672924376222,72.084369395288,81.5686525578178,1609.61994323917,5732.74486007962
763.677504775911,1.57854056129161,7.92320835715791,13.9850175017544,78.4080852959254,122.909162643744,3238.09985943329,6402.85607709043
766.022918119311,2.80982744187244,10,27.3979435725003,93.37027318014,122.771306163918,2999.51021521708,8982.49652987904
639.264922718471,2.18816532458957,10,14.4119124208083,77.4692525552569,95.3147847010151,3178.18519746093,7773.91836891601
713.318573885503,1.4723057684524,9.02618647110447,12.0254180079759,83.8061078923547,109.180346423114,2699.86474302856,5002.79412970632
435.555880967715,2.11245813714813,9.66671806759895,6.21393877578483,80.1646822882395,134.71857917808,2838.8905014627,10349.5398231364
571.895094964936,2.80553099895847,8.23583388689317,14.4216465523522,76.4288245478216,66.2809691551934,1949.50861310914,2288.23775529826
989.988693446324,2.6588282013993,9.26642114635466,36.3070633594561,93.3261749673369,180.935041856988,3519.91349387987,11450.6809344936
459.351949514109,2.53214638907678,9.74352242813417,7.41027139946412,71.6330467088716,52.7176740577945,2253.37185407052,1807.37836323861
306.166766710965,1.70919698189855,3.58611939196947,2.40395081461464,63.8330404463573,39.7651567394632,2259.95453854573,664.449682146628
555.443004112332,2.31602102640853,10,11.1451297792503,86.2465461262144,125.724936515649,3068.21530969074,10290.2079126364
493.910544362438,2.59302336683166,8.73994904794737,9.06062418177717,78.0900610491683,73.4016256945147,2752.46422319196,3194.48859202552
305.85203147535,2.35862859594824,7.87392301589304,4.52745935963338,64.1750207478949,95.2062529250044,2025.43861233187,8526.69590191393
960.992983946179,2.83912350678053,9.19378300561135,39.4457063897018,90.3355655085735,148.02288649707,3373.5402806587,9421.16912425276
996.289564221511,1.67727379438979,10,23.9612745676182,102.943148941761,159.383905971844,2366.87314898017,9948.85030135328
827.432872275999,1.59753309119861,10,16.9088829300554,98.5409247982982,166.952021065778,1851.3472010443,11407.5365923058
687.338384186727,2.73453671666198,9.24837506238504,21.2527438918764,88.9412951690193,76.4308106236926,3364.66496949091,3734.43681043999
550.663429341205,2.43809736448718,8.14083664865375,11.212165934523,71.0399112330898,100.693081222457,2617.91303586375,8312.67676119985
895.343702107639,1.5021708307815,7.79369765651952,16.8839362278214,80.5654979342453,80.3177768420853,3313.50766880215,1769.39844108911
322.078024555866,1.96238014848903,8.86803488237092,2.36863083318541,76.8711496241677,64.3107894518622,2116.96437393212,4974.90220492534
663.053692686727,2.44443841357167,10,17.4712438225638,93.7654013460614,149.659582905965,1783.5205167797,9827.68862643849
274.846216902985,1.54097926746261,7.11714678727736,2.88498716631222,61.9855496515395,63.7669858728741,2449.51238362895,4544.23850665019
304.939803321028,1.41706200065062,8.61148623037468,2,72.649659905501,97.8019574647684,1871.76664365653,7002.04918589175
357.098743065033,1.92188893578769,7.48804231074315,2,68.2653774501502,73.326375743471,2234.99434696772,6041.50788097097
756.942384192624,2.59805885893568,10,23.5857368560414,96.4517185783692,136.370219002401,2284.80230879205,7605.4668422325
420.514866167963,2.63921592853622,9.98187373915716,5.64343965243946,81.9788014516738,118.871888327532,2266.80564606288,11201.8382832646
332.30232404316,2.25701141949757,6.51940211961015,2,69.0258752506525,37.5563260619055,2213.61030748854,1113.09079151542
564.931545418339,2.22402432127787,9.72753880733126,10.8633401353447,83.0000952687919,93.3608121791976,2733.95914320797,6813.57669251793
436.659659978571,1.99801201697578,8.85546532864136,4.64370884736748,70.8895409480287,118.817438826588,2063.80359576111,9993.31657175313
928.613004202247,1.86560499304171,8.51836835742612,22.9213747373612,82.2673122657023,126.28195977277,3638.21944692234,5795.2098292327
652.818417568848,2.72283278131818,7.1018906442187,18.4475859395811,73.352118166802,82.2913611330985,3298.12039376343,1363.7990453573
937.010820515044,1.52117065421569,10,18.6460924521217,97.2374355050127,134.922860014756,2436.71542353117,6665.93287658448
981.901471578383,2.1152183512906,10,30.023364300491,97.8913591615151,112.471026080163,2154.07020480522,4152.81279906203
886.454025261428,2.3840434013869,10,27.96009864795,94.8744927949729,106.6385975297,2031.2031862609,2204.35963871729
666.822032631283,1.65552043555654,9.21504403916131,11.7417446456069,77.8015937793552,124.53020960371,2334.88345373863,9839.3796461182
766.781155801367,2.16092697973309,9.60737123751343,19.0819258608964,88.0938434642445,103.035058985741,3072.97956507,6237.59464290234
323.174949855122,2.36628193186866,8.15628623882376,2.57798284507513,66.9903425701693,126.539449367293,2141.40882655665,10766.0405361697
797.282784104288,2.45053874622129,10,23.3742222747595,93.4043523072957,122.519299304941,3580.4633852564,9366.18155063376
686.740601689271,1.7519521727562,9.88893273377075,14.67106916372,86.5004910688018,113.860372274876,2459.38501153489,8122.68973151034
663.285354163897,1.93999125493614,6.34788546262593,14.5044412827135,76.37327294201,40.774373126788,2174.92699963466,555.280537018431
480.545289497646,2.27257153837225,9.03973590318443,6.93136573245119,78.4765034465838,73.7502678691736,2784.49612084054,5206.05802302075
841.022119891964,2.97468961497242,7.97481499581594,32.6589491980698,82.7072018545133,94.7761890303363,3442.23209624199,2672.34909817236
626.958894136674,1.82623977423017,9.48978264120864,11.2187975717974,78.4790795141727,119.243178121491,1994.05831485732,10518.7770215375
610.171430658608,2.91877162880873,8.70320647866114,16.6376447396442,79.8156667521648,82.7510735899893,2794.69282853159,2420.42383143996
652.49231923879,2.50899754642405,8.88766211410017,17.9136919651164,83.1946469636864,80.0693571644637,2375.70268205074,3646.66056825214
278.833608677444,2.73912310444504,7.71363041150654,5.02808233601194,66.0595861791042,75.8912725007837,2168.83640742536,6185.20444507949
774.476951491094,1.63446190235451,7.64737348624304,15.2700294634503,75.3489340738544,99.5801210345462,3165.74799941012,3396.99980897887
801.900005808417,1.95063028114595,7.89634184406197,20.2358043632125,78.1664636834394,98.811863644782,3571.05413378771,2808.51145007033
430.314648937483,1.5116099380379,9.29277032057108,3.70261705553367,80.8800217606313,99.6731041381445,2223.44310818649,7090.09257613028
386.313635134612,2.05732049250476,7.80737762534007,4.09693186685189,68.0315273391942,45.4171672932986,1931.13947699209,1478.22475030526
369.463739956431,2.97193448988008,7.06508723203413,4.18565289806994,69.4637556044647,50.4041505955492,1818.1139679593,1139.84534593017
483.191696128293,1.65790959330951,8.38040529410027,6.31345675478374,74.2701300470391,84.872820370682,1943.73435944309,4594.69824704679
546.720850281283,2.21189319146094,9.79533512804983,10.5135173252311,85.7060240502623,105.371773980437,2590.12829141371,8427.30899958649
331.48822007333,1.42606896046291,8.81401833587165,2,72.9386803820244,101.457945104861,2163.11125542745,6602.87434101343
981.260333106692,2.56902422406609,8.5666953796196,35.5962166206779,88.6435394437439,127.158489523693,3676.55179234317,5151.64115313457
682.621661430379,1.74548249875524,10,14.3611308574127,78.7878864888967,104.251638284116,3434.56059200534,6723.26720647041
665.425886592733,1.63055575473674,8.95386860339681,11.5003720507243,84.1135719776464,91.0575509101459,2869.78701849543,4519.96633118601
710.501183746054,2.00552671824118,8.76086989390883,17.4039906869139,78.5730098050557,158.224798225801,3391.47748009025,10797.6096897532
461.330268804266,2.65656644690847,7.06881725973114,7.35428120004905,65.486628384773,45.6941968095295,2578.82661189954,1103.95380001852
811.889978723467,1.49585096830852,10,14.9172777029652,94.9058336950172,145.575321999119,2329.15418677194,7907.30626932819
791.234422893347,1.71803453919575,10,16.142765845565,91.5392469444532,134.694481694141,2903.24792314516,10304.1093131053
673.835885040079,1.51269663242596,9.2437188495159,11.0407747172081,78.1028506093236,121.501069638624,2368.67552330599,9342.73179608779
451.516659300681,2.95262229404343,7.09738805776051,9.13546725107864,67.8024539852969,63.8327163492784,2804.10734488759,2524.45138303591
725.406333235061,2.3882183999833,8.74378901344045,19.5648966409978,81.2835662460148,79.7384507287802,2362.44638680366,3755.18983878317
377.547135430355,2.43559240259932,9.25712851869721,4.22576060565796,78.3376041807757,103.839070269304,2614.68335650767,8387.52732577815
255.325785391842,2.47707475673402,5.33298897566865,6.42258088546113,66.2395204735665,47.2786485846066,1947.49661942556,1426.97615098842
645.116666707262,1.71654683830451,9.38411651765794,11.7851533354082,77.4101167646472,124.288505035999,2086.4412385683,9430.47869815842
684.409011083033,2.39240990849099,8.41765292203635,19.2694781723379,77.6926711098062,131.917427344647,2751.7480877493,8407.97639065269
357.716819991755,1.60066259719719,9.43857868663397,2,79.4927104403482,106.188052917307,2227.84353942468,8525.67314158877
510.638254248586,2.10185468094469,7.16020002943906,9.23298037617573,72.7343786242269,54.3684176616968,2465.83856406079,1602.65507294351
744.687195446896,2.35344470388794,8.72238450919626,20.371242212813,77.1464037664614,134.216043726766,2878.15282025069,8395.36599297854
614.315607784446,2.21395414557545,9.47097772469859,13.2373305606434,86.4938057717741,102.666711922943,3030.25510622375,7977.99937741967
571.092424132462,1.67861013897411,8.13738562392401,9.07208545548647,73.5473959972828,124.362503899461,2857.09012211591,9640.14739904036
726.589812655143,1.53308151937724,10,13.9975060970034,87.4568453055001,83.3885989288885,1883.26358685275,957.555518821164
326.000455243972,2.69735147081072,4.12085420522459,3.61857525563047,68.4916223423429,37.3516147221363,2355.50752746736,754.217353145714
353.281441870526,2.5392301819332,9.8164069944104,2.51520307349149,66.3736510507976,70.7752443556369,2146.59635258309,4603.07809866417
295.661826496904,1.62272835684711,6.69741495112996,3.30070240145219,63.6109577352726,48.3039531671261,1947.07537155623,2136.67112234068
331.111347689421,1.61623775480656,9.10362367515124,2,77.1047149340871,100.048895157521,2489.15778208274,6642.22925327244
635.056951531896,2.46304976422292,10,17.2087714524821,90.5249601830101,154.982337295917,1899.60145911002,10590.8379165742
801.201606083204,2.65369335243267,7.93525323125398,26.6995827500919,80.0018929697675,110.115955884757,3185.48857813287,4806.27703367417
728.346018009588,2.62765355999985,10,21.6798655090053,93.9704652417838,156.715545861894,1848.71867690038,9794.45414999865
897.296285013049,1.88098117380753,7.04430770831891,22.2877560439542,82.72149622337,79.2400851028612,3452.03340880587,502.649619696531
735.120829123501,2.18793218346937,8.51383206375542,18.5385839307925,83.5037111261856,75.0223861982327,2734.43092022616,2353.66107805103
692.386601571192,1.84823922637851,9.69767482552809,13.6406885372851,77.2510774864411,62.4994128096217,2632.73882602488,834.658936194942
812.254902666261,2.3091547653592,10,23.4060314316976,91.7142809342212,117.560352286835,2015.45199349299,4109.61898566575
351.221058116327,1.59999141616995,10,2,71.1121170081244,113.161963660391,2490.10247835152,10490.0855526615
654.883641970777,1.6798285316153,9.66555059961602,12.2198057334263,78.4568251847497,64.15551096623,2590.87627970119,1566.47335958887
776.990053654406,1.60783183710768,8.27256893824703,15.2755836614347,77.097249593044,127.682446472472,2679.35736151518,7170.5075441818
679.977637870394,2.54037912339625,8.07350086293969,19.3256646420789,76.6787357687474,107.721775008821,2497.33657945051,5466.45533031389
936.98656288505,1.93791063892812,10,24.0490200187541,100.07126547434,158.594340208365,2220.58227080466,10823.1503360239
469.108258591253,2.39670583388701,8.56358799727689,8.49700272633368,79.6255847901398,50.4750758987749,2382.24206774411,1847.71056790803
409.124416255786,2.76572400690205,8.67982911113751,4.64757130575801,79.2910835885237,56.7376736829759,2261.03806766193,2832.30635552452
735.726032309422,2.59254642380115,8.27432869074488,22.663095211245,85.2590164311295,59.8127162313756,3549.1558785676,824.961654726426
751.066934223502,2.11550352172668,9.58761189972768,18.7670719440862,86.7680545740043,86.9526276233655,2722.91303760593,5273.28774594511
735.588334876624,2.84422102348268,10,24.9792826693629,91.07461422325,104.50174109709,1990.3786357434,3556.1618952112
477.400709640687,2.00109675032931,9.38910832696169,6.51473921785617,77.8282485404278,131.537459893361,3008.73110230119,10068.9652727935
589.814263791572,1.6686760098503,8.75104897280865,10.0248624732553,75.8864121166021,104.499733141615,1688.66110371579,7154.34894517531
893.376597524263,2.71791887511764,10,33.1211439179923,98.5461672802004,131.447867116648,2377.1753262872,7254.99811773272
272.102220667402,1.53423109502227,7.35349976765216,3.76815245068247,65.6178908647465,77.2575786924686,2093.18249565128,6351.01766569433
857.670280015965,2.32482533923163,7.65106345759359,24.7640714316432,82.4683699522794,85.6274203119441,3640.30686000206,1510.35370952121
776.410030891791,1.91950048799881,10,17.9400997340872,82.4076472247051,92.237892582258,3543.9312274806,5395.20552097891
741.732864012984,2.25532822652548,9.20335827738811,20.7789114846848,80.2508844440746,164.679636132247,2907.44346093056,11494.5570867937
754.413607048467,2.14931859975921,9.94958181392379,19.3535117133173,88.3828501816617,138.212933096894,2784.00226455906,9687.52219930616
980.067336305237,1.61999812091099,10,23.0297024719014,101.346762297103,173.862243107569,2262.86094063726,10328.0495958383
434.576820485545,2.18652265163908,9.68298511016101,5.23474635613289,82.5565854612168,105.098922356217,2785.56962619597,9555.48995171149
677.100932942675,2.60540713626585,8.90216492574157,21.2138428554298,85.2828487720353,58.1047201239739,2712.01446956203,1633.45862774081
695.510003327824,1.8284777268242,10,15.5343341518215,88.4359115992289,94.7399991627406,2364.83925956105,3001.9307947128
668.805580866066,2.07051909133725,9.51299612116924,15.2891827362313,78.2253777088637,42.7525132322162,3275.16971355856,534.338164920506
698.709985644413,1.87193722208021,10,14.0541186655574,81.1645516864919,78.8359753861272,2759.71158833478,3838.61137365923
423.602851855325,2.69998690887544,8.40426503792136,5.96794356468433,76.0640086473208,53.5673605271111,2663.20401507147,1694.68142581142
886.347817433294,2.40309240272005,10,29.9040287874232,101.266942969643,112.281993827322,1957.12179641794,5700.72679831741
706.052269432045,2.71383826705016,10,22.8148196568265,79.8369866037305,120.089602765952,3032.66305362889,7948.40237431292
479.289436053456,1.60706998883668,9.51247628700122,4.98803414247133,80.123590141573,124.29583649846,2418.85015509919,10119.5582454188
383.851387994863,1.49306224421344,9.18705323649903,2.11837578689294,75.7766679505444,114.506424847169,2281.13768064245,8741.38881599988
345.982283658757,1.5579082426526,9.67130121160696,2,80.4193501998415,117.033509547148,2301.13929291108,10824.4415535636
587.690851804971,1.73359715484749,9.17843586632086,9.95456794067554,72.8784788905862,47.9362466603577,2760.69448656436,1092.88119433168
789.049059657857,2.28747472889103,8.35352304454263,23.6978922990264,83.8761155907129,68.8531490984389,3366.05536885782,633.978189581956
711.475160011108,2.80313522536575,9.74745628081009,24.1945672477279,88.8188850051573,116.238000397776,3226.22536105699,7774.71925219834
517.919819467276,1.97337149445372,8.9487990248009,9.02789717735242,76.6231019845888,80.9828859596518,3021.35985708615,3682.87651244471
814.648361141983,2.81700159777109,10,27.6383847514144,90.8008687617327,102.568117565454,2381.9929679577,3288.5111771635
439.763942705909,1.55730119248377,7.77085590057408,3.54309744671319,73.253234040552,81.8598149735378,1897.58314859277,4139.75796463174
381.532933680032,2.8067842558519,8.54782752131892,3.04543207988188,72.2629829485221,69.9043182606049,2241.60575456596,3467.75663681601
541.040579116137,1.6812850960054,8.8833657295928,8.81307453324159,79.0838967027163,97.079152195733,2337.99251070244,6125.80046931746
531.750783083593,2.74101573681186,8.99369498426195,12.3509959325171,76.4082085691783,102.860918473774,2303.06722464695,5341.63291946546
560.96497640188,1.5195234879094,9.16868360374668,7.16480304486445,81.0520536134143,98.3151041831587,2725.46399357548,6136.71406514322
583.481604947379,2.92232917124255,8.575556283486,15.9440638052644,74.2827186506398,108.648198539493,2909.57882401606,7899.8497265048
601.947650072386,1.74405818440058,9.41060549192196,10.0218196795383,84.6608843143043,77.2955677062998,2907.80470116858,4758.43559868263
602.885918311187,1.95407109010974,8.2747232757809,12.2328120097721,79.2751951565896,65.5850381105178,2240.62426669412,3264.38455856372
364.012381430538,2.21471838634569,9.50862179967189,2.82608046513241,68.6940652374987,53.9065395015547,2222.97884089117,2328.2059048962
798.24443308841,1.99610446188061,9.09906592845246,20.4677753591195,85.1601262058033,102.435833157807,3358.32693222703,4344.21531485888
686.422472117334,2.35688617907052,10,17.1523695379253,87.1330634425786,111.796815253441,3350.16660257298,8659.87122770789
738.601672047002,2.96221165087512,9.45659855430926,27.0778383236033,83.8322528894811,124.044023436428,2172.67916239447,8823.75401122616
795.005144140848,2.40963973620741,8.41357232073871,23.0949379507208,80.8834383312153,123.945380555936,3165.77906811054,7835.95925352631
551.064047892812,2.51607336808252,8.32695341683683,12.8257743593279,80.449282809652,80.7081094284746,3073.01777491794,3074.30992837562
561.041904581138,1.58461879558668,10,7.30140630074157,74.9362464261916,98.9036427308969,2760.84156616225,6968.94870440168
717.933088751362,2.44171864360501,8.28131217208272,19.2496631712841,76.3166487243742,128.195144645606,3295.5594566635,6777.58627734533
644.744578163479,2.09605988322756,9.32576064401518,13.0633671248768,82.9849426705455,96.0173601622456,3267.29012686008,5826.92817920698
751.488361808728,2.67428055505193,9.59028563114091,24.3973546499373,88.7087439810684,112.405180598858,3190.21122571592,6549.76885022251
381.852909069209,2.0310422312533,9.96519281469988,3.19653615510787,68.9505267490064,78.6454338328335,2053.63018413983,5909.69695886035
680.211395720158,2.51918121607488,8.34863608997206,17.6544693238197,76.1478097928816,121.380043573126,3287.5264514827,6720.02002681519
895.287562216137,1.64947419437329,10,19.6140517858983,100.520397246202,142.090306463502,2556.50239170417,8370.56550083242
436.600915836491,1.86220409562368,8.17894143786395,5.34420030455728,74.5209669666077,69.6751832230128,2182.13559628094,1705.91013843784
849.545016646932,1.83851978105061,10,19.1868890366919,94.6061191162453,144.333323224029,2158.83082484623,8745.88327363926
647.87916899609,1.93008252947253,9.06933848278795,12.7312359393438,81.2138825752825,68.8865708755041,2821.2967076816,1994.74765140354
460.955381790911,1.87115627639643,9.22358158152654,5.69423954421273,72.9965019145275,44.5862983250934,2778.76541861483,1232.90798251412
926.057838970314,1.35334685263314,10,17.3557097745121,100.846257901254,167.438598961429,2185.96864382892,11236.8765484361
574.994491057108,2.62853427577389,10,13.4754145748756,79.251651520356,128.830417767956,2708.03039562277,11026.9094575749
734.499703975901,1.59645229633693,8.12098989005544,14.8473023208871,77.7049428845195,61.6064345758701,2207.07903654454,1164.8019943462
917.152743395632,2.83104827340445,8.32029578451984,34.4941295683484,87.5139911477616,120.028813048668,3385.42647516026,5375.78785622458
734.287816018727,1.670270163315,9.91811919884167,14.0407255742611,80.7421482359987,67.0107767525581,3538.93590358089,2548.69432129752
257.056483741263,1.59789260559399,7.23969439508559,3.61788427021656,64.3266595476669,67.8771861915867,2418.1652297549,5838.7938684786
735.227191258508,2.34450714597105,8.70202481504308,21.1399201123804,78.3132465197367,144.279084540191,2676.70680569045,9631.94967299546
281.502779156079,2.25366268886208,8.60816180402584,4.36335466155377,63.0635180425493,115.139100976767,2026.96004582446,10956.7295221718
404.729056016272,2.23685185324783,7.79740720809535,4.45395763075496,66.6189248194023,103.366553146395,2056.35613178254,7476.77918796691
955.984048646127,2.23206764974286,10,28.8246683555114,100.135083981546,118.860526081061,2264.14450202197,4392.96233932999
813.639091793404,1.93058490917873,8.47816080351582,19.3386849966981,77.2879946561386,126.395586853077,3336.59624417135,7136.58122209058
724.856522290197,2.49442391014442,8.43380396042777,22.3236252844988,80.0572228682315,67.1360768872376,2149.40525198528,3932.01436719295
463.589119009659,2.05626167027748,9.45268889796473,6.74271031911046,78.5610481353808,126.744159271369,2198.05703483772,10508.0600491527
469.785036402626,1.91807303554275,10,5.50410467972485,75.781190471331,123.773459086299,2265.76299880626,10074.4050941642
963.446605614407,2.73975100047109,8.76258350359313,37.4639834987318,92.0405501096239,137.472469803053,3129.86294920368,6640.54925307627
512.908573255851,2.5036236211401,8.61413388113685,10.482451788778,79.3088251024047,89.3807198319613,2621.05379702702,4072.78806918397
694.882743897333,2.09041551291693,8.1142846788435,15.3963257311837,78.8596328527866,83.4056971412432,2342.41833435333,3727.28643141276
418.321773940951,2.75138931049811,6.51990231925442,6.05806899335776,73.4477575948799,50.9137539481129,2256.50563835767,867.597941755654
774.400414838818,2.65298008713271,9.89134424053496,24.9585421867177,92.2527479121883,153.638189827872,2733.41393981217,9474.02936127825
829.831298612228,2.14812940860035,10,22.4687344380617,94.0000678695846,127.247844925473,2320.60088637081,5454.21534342909
679.661784289201,1.82242867523538,8.3580096495381,14.3583593167846,77.6909912398832,73.3040580185693,2388.82048051684,4076.46221240291
344.757849897443,2.76482882651074,9.18539928980534,2,74.5645441468142,73.5694534251201,2116.98689024271,5682.21390497529
546.332112915264,1.78421943014328,9.12915307855802,7.9218226312625,71.6957134879822,117.849278886457,1834.74074691836,9506.11789500117
565.363474206908,1.5726348396259,7.25518246293039,7.96578153315617,70.2721917395697,54.7573802973213,2378.37268438868,1870.75628478273
950.815451617322,1.7439640912164,10,24.1423258195692,98.8864974571479,161.009439648254,2105.5635616292,9934.2158706601
266.38488503198,2.59044951669156,8.65438634190295,6.78822626343589,64.3869104376628,109.72279340419,2327.48826726519,10372.5971861919
451.849234564473,2.6750090910622,9.85015502350612,6.46097173455723,81.8989239779753,127.495468975915,2379.081228734,10913.7870653728
521.66000323954,2.35621024452255,8.76045339394163,9.9135753256983,76.5808020115406,92.362486129221,2720.04591684179,4872.36791664891
386.132407177894,2.92775782044999,8.02264421160678,3.86086496821664,71.6349003303053,51.3710404719039,1903.58127384602,2888.54444441439
